model,split,conf,f1,precision_at_conf,recall_at_conf,recall_axis,precision_at_recall
yolo,val,0.0,0.11589845573983062,0.06171130321551288,0.9505717040914726,0.0,1.0
yolo,val,0.001001001001001001,0.11595424927319732,0.06174305691703374,0.9505441520870643,0.001001001001001001,1.0
yolo,val,0.002002002002002002,0.1593323901675302,0.08705512094324758,0.9386141341782615,0.002002002002002002,0.9926470588235294
yolo,val,0.003003003003003003,0.190985438339809,0.1064276647899573,0.9294117647058824,0.003003003003003003,0.9926470588235294
yolo,val,0.004004004004004004,0.21667390047370222,0.1227573113780573,0.922248243559719,0.004004004004004004,0.9926470588235294
yolo,val,0.005005005005005005,0.23833448449771316,0.13696558817133686,0.9170409147265464,0.005005005005005005,0.9926470588235294
yolo,val,0.006006006006006006,0.2573625994926775,0.1498296425051761,0.9116682738669238,0.006006006006006006,0.9926470588235294
yolo,val,0.007007007007007007,0.27455509997916194,0.16175667821217063,0.9071221931395509,0.007007007007007007,0.9926470588235294
yolo,val,0.008008008008008008,0.2897469367015519,0.17255831332502916,0.9029893924783028,0.008008008008008008,0.992090395480226
yolo,val,0.009009009009009009,0.30362773676048993,0.1826631759085174,0.8989116958258714,0.009009009009009009,0.992090395480226
yolo,val,0.01001001001001001,0.31633306778795794,0.1921257537904962,0.8948339991734399,0.01001001001001001,0.992090395480226
yolo,val,0.011011011011011011,0.3278158144185974,0.20085594519617503,0.8910318225650916,0.011011011011011011,0.992090395480226
yolo,val,0.012012012012012012,0.33860354502378925,0.20920508231356397,0.8876153740184598,0.012012012012012012,0.992090395480226
yolo,val,0.013013013013013013,0.3485686449168756,0.21704298307796613,0.8846673095467695,0.013013013013013013,0.992090395480226
yolo,val,0.014014014014014014,0.35843509997179884,0.22492220401582116,0.8819672131147541,0.014014014014014014,0.992090395480226
yolo,val,0.015015015015015015,0.3671880798037082,0.23205566460346572,0.879129356660697,0.015015015015015015,0.992090395480226
yolo,val,0.016016016016016016,0.37549852088853997,0.23897891334563415,0.8758231161316986,0.016016016016016016,0.992090395480226
yolo,val,0.017017017017017015,0.3831734576944662,0.2454807301723817,0.8726546356247417,0.017017017017017015,0.992090395480226
yolo,val,0.018018018018018018,0.3906224724075121,0.2518313356373603,0.8702300592368095,0.018018018018018018,0.992090395480226
yolo,val,0.01901901901901902,0.39775280286225995,0.25802540722013206,0.8675575148092024,0.01901901901901902,0.992090395480226
yolo,val,0.02002002002002002,0.40427934884156913,0.2637648136208369,0.8651880424300867,0.02002002002002002,0.992090395480226
yolo,val,0.02102102102102102,0.41070072484607495,0.26946966819388424,0.8630114340818295,0.02102102102102102,0.992090395480226
yolo,val,0.022022022022022022,0.4169622128867574,0.2751165501889484,0.8607521697203472,0.022022022022022022,0.992090395480226
yolo,val,0.023023023023023025,0.422731591371548,0.2803995247638839,0.8585204573632732,0.023023023023023025,0.992090395480226
yolo,val,0.024024024024024024,0.4283189194593672,0.28557862680528157,0.8563438490150158,0.024024024024024024,0.992090395480226
yolo,val,0.025025025025025023,0.43380596358562284,0.29071339047664363,0.8543050006888001,0.025025025025025023,0.9917269906928645
yolo,val,0.026026026026026026,0.4392326510610662,0.2958433752666965,0.8523488083758093,0.026026026026026026,0.9917269906928645
yolo,val,0.02702702702702703,0.44443390383461123,0.3007882239041035,0.8506956881113101,0.02702702702702703,0.9914529914529915
yolo,val,0.028028028028028028,0.44920396208960317,0.3054664643691093,0.8484364237498278,0.028028028028028028,0.9914529914529915
yolo,val,0.029029029029029027,0.45406466033667886,0.31027101089687986,0.8462598154015705,0.029029029029029027,0.9913657770800628
yolo,val,0.03003003003003003,0.45859227261390456,0.31479335462526964,0.8442485190797631,0.03003003003003003,0.9913657770800628
yolo,val,0.031031031031031032,0.4630531512163855,0.3192571019917799,0.8425402948064472,0.031031031031031032,0.9913657770800628
yolo,val,0.03203203203203203,0.46748468213158845,0.3237911966096486,0.8404738944758231,0.03203203203203203,0.9913657770800628
yolo,val,0.03303303303303303,0.4715206072347338,0.3280000160285239,0.8383523901363824,0.03303303303303303,0.9913657770800628
yolo,val,0.03403403403403403,0.4753373844525639,0.3320779588861566,0.8359829177572669,0.03403403403403403,0.9913657770800628
yolo,val,0.035035035035035036,0.47911639872039047,0.3361174457558438,0.8338889654222345,0.035035035035035036,0.9906904577191621
yolo,val,0.036036036036036036,0.48307975607445053,0.3402474386822839,0.8325940212150434,0.036036036036036036,0.9900990099009901
yolo,val,0.037037037037037035,0.486764473314472,0.3441880998204403,0.8309960049593608,0.037037037037037035,0.9900990099009901
yolo,val,0.03803803803803804,0.4905282760701208,0.34831285900985914,0.8290122606419617,0.03803803803803804,0.9900990099009901
yolo,val,0.03903903903903904,0.4940300837159444,0.3521584007204961,0.8273315883730541,0.03903903903903904,0.9892215568862276
yolo,val,0.04004004004004004,0.49702176211527316,0.355588812260101,0.8252651880424301,0.04004004004004004,0.9892215568862276
yolo,val,0.04104104104104104,0.5003834629250485,0.35929698373797125,0.8239120720212568,0.04104104104104104,0.9892215568862276
yolo,val,0.04204204204204204,0.5035730390725744,0.36288346542807626,0.822427331588373,0.04204204204204204,0.9892215568862276
yolo,val,0.043043043043043044,0.5067989710266214,0.3665556472184201,0.8208568673370987,0.043043043043043044,0.9892215568862276
yolo,val,0.044044044044044044,0.5098730599835609,0.37010587895312824,0.8192588510814162,0.044044044044044044,0.9892215568862276
yolo,val,0.04504504504504504,0.5126848075862367,0.37340453740207014,0.8176804381906836,0.04504504504504504,0.9892215568862276
yolo,val,0.04604604604604605,0.5154396930823935,0.37666051825444596,0.8161454745832759,0.04604604604604605,0.9889148191365228
yolo,val,0.04704704704704705,0.5179580440474534,0.37969647726055555,0.8145750103320016,0.04704704704704705,0.9887005649717514
yolo,val,0.04804804804804805,0.5207870974455813,0.3830925187770002,0.8130045460807274,0.04804804804804805,0.9887005649717514
yolo,val,0.04904904904904905,0.5234882598834866,0.38632805044086743,0.8116544978647197,0.04904904904904905,0.9881598421312284
yolo,val,0.050050050050050046,0.5260322129864184,0.3894610780099388,0.8101115856178537,0.050050050050050046,0.9881598421312284
yolo,val,0.05105105105105105,0.5284559867856761,0.39248021016555124,0.8085962253753961,0.05105105105105105,0.9881598421312284
yolo,val,0.05205205205205205,0.5310217758087773,0.3956086884978611,0.8073803989506336,0.05205205205205205,0.9881598421312284
yolo,val,0.05305305305305305,0.5336043950464748,0.3988111534747084,0.8060338889654223,0.05305305305305305,0.9881598421312284
yolo,val,0.05405405405405406,0.5358366344900233,0.40172120413969287,0.804380768700923,0.05405405405405406,0.9881598421312284
yolo,val,0.055055055055055056,0.5384324486767507,0.404967792133444,0.8031133764981402,0.055055055055055056,0.9881598421312284
yolo,val,0.056056056056056056,0.5408416481577429,0.4080199376291681,0.8018735362997658,0.056056056056056056,0.9880153403643337
yolo,val,0.057057057057057055,0.5428992972573945,0.4107429186246518,0.8004408320705332,0.057057057057057055,0.9879182156133829
yolo,val,0.058058058058058054,0.5447376777981143,0.41328375520390653,0.7988197381263071,0.058058058058058054,0.9879182156133829
yolo,val,0.05905905905905906,0.5466508618292275,0.41589509223118903,0.7973274555723929,0.05905905905905906,0.9876430205949657
yolo,val,0.06006006006006006,0.5485902312600475,0.4185394848877249,0.7958947513431602,0.06006006006006006,0.98740440845704
yolo,val,0.06106106106106106,0.5505486069322719,0.42120201703932125,0.7945447031271525,0.06106106106106106,0.9871738168951791
yolo,val,0.062062062062062065,0.5522626956048687,0.423643085059327,0.7930293428846948,0.062062062062062065,0.9860262008733625
yolo,val,0.06306306306306306,0.554299658754076,0.4263860763558038,0.7918507112254708,0.06306306306306306,0.9858299595141701
yolo,val,0.06406406406406406,0.5561422077374237,0.42900941743784987,0.7903567984570877,0.06406406406406406,0.9858299595141701
yolo,val,0.06506506506506507,0.557951668523194,0.4316025365836702,0.7888965422234467,0.06506506506506507,0.9858299595141701
yolo,val,0.06606606606606606,0.559839619196114,0.4343007015435601,0.787463837994214,0.06606606606606606,0.9858299595141701
yolo,val,0.06706706706706707,0.5616314230704994,0.43681744618618035,0.7863066538090646,0.06706706706706707,0.9858299595141701
yolo,val,0.06806806806806806,0.5632157944057055,0.43912424100472,0.7850668136106902,0.06806806806806806,0.9854788069073783
yolo,val,0.06906906906906907,0.5649958102900817,0.441702396304667,0.7837718694034991,0.06906906906906907,0.9854788069073783
yolo,val,0.07007007007007007,0.5666384076872002,0.4441657666559164,0.7823648151584914,0.07007007007007007,0.9854461891995404
yolo,val,0.07107107107107107,0.5682316676762501,0.44652134485025696,0.7811544289847087,0.07107107107107107,0.9848316685164632
yolo,val,0.07207207207207207,0.5695839047731996,0.4487213827422837,0.779556412729026,0.07207207207207207,0.9848316685164632
yolo,val,0.07307307307307308,0.57113941921882,0.45110765372028677,0.7782063645130183,0.07307307307307308,0.9848316685164632
yolo,val,0.07407407407407407,0.5726269036811985,0.45336873364257724,0.7770216283234606,0.07407407407407407,0.9843806756265892
yolo,val,0.07507507507507508,0.5739441929682264,0.4554866681589216,0.7756715801074529,0.07507507507507508,0.9842857142857143
yolo,val,0.07607607607607608,0.5753343463580409,0.4578069817927683,0.7740460118473619,0.07607607607607608,0.9841101694915254
yolo,val,0.07707707707707707,0.5764060318298678,0.459798130774896,0.772255131560821,0.07707707707707707,0.9840885506745071
yolo,val,0.07807807807807808,0.5778965763025858,0.46216208922908547,0.7709601873536299,0.07807807807807808,0.9840885506745071
yolo,val,0.07907907907907907,0.5793475722288605,0.4644812432822414,0.7696927951508472,0.07907907907907907,0.9839041095890411
yolo,val,0.08008008008008008,0.58083331312452,0.4668302753505924,0.7685080589612895,0.08008008008008008,0.9834235453315291
yolo,val,0.08108108108108109,0.5823032461001227,0.46910202921990973,0.7675161868025899,0.08108108108108109,0.9828009828009828
yolo,val,0.08208208208208208,0.5836561347834197,0.47133881815244677,0.7662487945998071,0.08208208208208208,0.9828009828009828
yolo,val,0.08308308308308308,0.5850527388272555,0.47358433212265033,0.7651467144234743,0.08308308308308308,0.9828009828009828
yolo,val,0.08408408408408408,0.5861336270642914,0.4755669666151252,0.7636864581898333,0.08408408408408408,0.9828009828009828
yolo,val,0.08508508508508508,0.5875423118541491,0.47782555051757253,0.7626623891233342,0.08508508508508508,0.9828009828009828
yolo,val,0.08608608608608609,0.5887181556113041,0.47997074658423455,0.7611792257886761,0.08608608608608609,0.9828009828009828
yolo,val,0.08708708708708708,0.5898394023582009,0.48198261695711236,0.759884281581485,0.08708708708708708,0.9828009828009828
yolo,val,0.08808808808808809,0.591119829118333,0.4842747412105238,0.7584576351267598,0.08808808808808809,0.9828009828009828
yolo,val,0.0890890890890891,0.5922416841241596,0.48635179274275003,0.7570739771318363,0.0890890890890891,0.9827432311811961
yolo,val,0.09009009009009009,0.5933208616810671,0.488348179555119,0.7557790329246453,0.09009009009009009,0.9827432311811961
yolo,val,0.09109109109109109,0.5946522130690053,0.4906659067231239,0.7545667447306792,0.09109109109109109,0.9824717765894236
yolo,val,0.0920920920920921,0.5956065277441647,0.49248343462109156,0.7533544565367131,0.0920920920920921,0.9823840281855549
yolo,val,0.09309309309309309,0.5967643584612091,0.49447240364468287,0.7524176883868301,0.09309309309309309,0.9822880371660859
yolo,val,0.0940940940940941,0.5977087739243512,0.4963343635761333,0.7511227441796391,0.0940940940940941,0.9816461141382277
yolo,val,0.09509509509509509,0.5989101271565621,0.498454652856669,0.7500757680121228,0.09509509509509509,0.9813108038914491
yolo,val,0.0960960960960961,0.5998968838994394,0.5003506088582913,0.7488910318225651,0.0960960960960961,0.9813108038914491
yolo,val,0.0970970970970971,0.6009127227931501,0.5022366657326045,0.7478440556550489,0.0970970970970971,0.9813108038914491
yolo,val,0.0980980980980981,0.6018734163407298,0.5042320105979001,0.7464113514258163,0.0980980980980981,0.9813108038914491
yolo,val,0.0990990990990991,0.602965195331863,0.5062609943906587,0.7453368232538917,0.0990990990990991,0.9813108038914491
yolo,val,0.10010010010010009,0.6037555472153553,0.5080038418476941,0.743986775037884,0.10010010010010009,0.9813108038914491
yolo,val,0.1011011011011011,0.604876518989574,0.5101244061647966,0.7428571428571429,0.1011011011011011,0.9813108038914491
yolo,val,0.1021021021021021,0.6057777925067894,0.5119717649970311,0.7416703422172306,0.1021021021021021,0.9813108038914491
yolo,val,0.1031031031031031,0.6067366457120439,0.5138580716055963,0.7405978784956606,0.1031031031031031,0.9813108038914491
yolo,val,0.1041041041041041,0.6076096688463347,0.5156864164514237,0.7394131423061028,0.1041041041041041,0.9813108038914491
yolo,val,0.10510510510510511,0.6083566907225578,0.517357302491904,0.7382008541121367,0.10510510510510511,0.9813108038914491
yolo,val,0.1061061061061061,0.609515441060838,0.5194586574904956,0.7373467419754787,0.1061061061061061,0.981261078754115
yolo,val,0.10710710710710711,0.6102976398882024,0.5212157792112905,0.7361069017771042,0.10710710710710711,0.9808467741935484
yolo,val,0.10810810810810811,0.6109971507048602,0.5228907727731135,0.7348119575699132,0.10810810810810811,0.9805292061907139
yolo,val,0.1091091091091091,0.6119053302038312,0.5247707275848019,0.7337374293979887,0.1091091091091091,0.9799851742031134
yolo,val,0.11011011011011011,0.6127528526492984,0.526600748178039,0.7326077972172476,0.11011011011011011,0.9797610338941721
yolo,val,0.1111111111111111,0.6133361575398542,0.5281506414442929,0.7312853010056481,0.1111111111111111,0.9796954314720813
yolo,val,0.11211211211211211,0.6142232680251628,0.5300468503799575,0.7301832208293153,0.11211211211211211,0.9793666026871402
yolo,val,0.11311311311311312,0.6151286542302584,0.5320620624911858,0.7289307839095578,0.11311311311311312,0.9792659675881792
yolo,val,0.11411411411411411,0.6159185339360115,0.5337999979810041,0.7278964044634247,0.11411411411411411,0.979210961493031
yolo,val,0.11511511511511512,0.6168101183642499,0.535635391750656,0.7269833337196777,0.11511511511511512,0.9791332263242376
yolo,val,0.11611611611611611,0.6174481648811505,0.5374029819307207,0.7255118109598058,0.11611611611611611,0.9791332263242376
yolo,val,0.11711711711711711,0.6181475231267811,0.5390179847384311,0.7245075079212012,0.11711711711711711,0.9791332263242376
yolo,val,0.11811811811811812,0.6187977838369545,0.5405599732884134,0.7235156357625018,0.11811811811811812,0.9789163454998866
yolo,val,0.11911911911911911,0.6196604762445131,0.5425256763023774,0.7223642233419767,0.11911911911911911,0.9787618617261635
yolo,val,0.12012012012012012,0.6203231363071502,0.5441713332966788,0.7212563714010194,0.12012012012012012,0.9780907668231612
yolo,val,0.12112112112112113,0.6207576188399687,0.5456006910849408,0.7199283149978027,0.12112112112112113,0.9777827149522328
yolo,val,0.12212212212212212,0.6213162007421108,0.5471409544870695,0.71875726547504,0.12212212212212212,0.9775717058442959
yolo,val,0.12312312312312312,0.6219069726827312,0.5486407333700302,0.7177572668411627,0.12312312312312312,0.9775717058442959
yolo,val,0.12412412412412413,0.6224416009864651,0.5502022782810772,0.7165174266427883,0.12412412412412413,0.9775717058442959
yolo,val,0.12512512512512514,0.6232861344222356,0.5520305279658655,0.7156633145061303,0.12512512512512514,0.9774387623549635
yolo,val,0.12612612612612611,0.6237319440248896,0.5534721622950891,0.7144234743077559,0.12612612612612611,0.976962457337884
yolo,val,0.12712712712712712,0.6245625116219332,0.5552809511836583,0.7135969141755063,0.12712712712712712,0.9763944015040735
yolo,val,0.12812812812812813,0.6251685721642314,0.5569617742063485,0.7124121779859485,0.12812812812812813,0.9763944015040735
yolo,val,0.12912912912912913,0.6255941438673361,0.5583317642266621,0.7112825458052073,0.12912912912912913,0.9762101779064957
yolo,val,0.13013013013013014,0.6259993987211881,0.5596486509773478,0.7101990839825381,0.13013013013013014,0.9758326563769293
yolo,val,0.13113113113113112,0.6268278896472831,0.5614709200462611,0.7094048284573765,0.13113113113113112,0.9758326563769293
yolo,val,0.13213213213213212,0.6274455434582354,0.5631026894382777,0.7083895853423336,0.13213213213213212,0.9758326563769293
yolo,val,0.13313313313313313,0.6282206337274381,0.5647728527577193,0.7077283372365339,0.13313313313313313,0.9754724567752312
yolo,val,0.13413413413413414,0.6288127913772205,0.5664723444869105,0.7065711530513845,0.13413413413413414,0.9750499001996008
yolo,val,0.13513513513513514,0.6291329795608855,0.5677753106365265,0.7053588648574184,0.13513513513513514,0.9747865793130832
yolo,val,0.13613613613613612,0.6294698619036013,0.5690777646656711,0.704201680672269,0.13613613613613612,0.9743892828999212
yolo,val,0.13713713713713713,0.6301044358191042,0.5707676860916153,0.7032098085135694,0.13713713713713713,0.9740892265731541
yolo,val,0.13813813813813813,0.6307837500789405,0.5723581072402577,0.702493456398953,0.13813813813813813,0.9740360395272234
yolo,val,0.13913913913913914,0.631008085441135,0.573554362971096,0.7012536162005786,0.13913913913913914,0.9739683763979946
yolo,val,0.14014014014014015,0.6316361382382903,0.5751491200478208,0.700427056068329,0.14014014014014015,0.9734143562476263
yolo,val,0.14114114114114115,0.6320951958147486,0.5766580327528898,0.6993249758919962,0.14114114114114115,0.9734143562476263
yolo,val,0.14214214214214213,0.6325812331877827,0.5780324082676211,0.6984984157597465,0.14214214214214213,0.9727289825089336
yolo,val,0.14314314314314314,0.6332201276755934,0.5796886065426696,0.6976443036230886,0.14314314314314314,0.9725079483822704
yolo,val,0.14414414414414414,0.6333596333617645,0.5807876156987418,0.6963963819090663,0.14414414414414414,0.9721396731054978
yolo,val,0.14514514514514515,0.6337295876565164,0.5822178776616584,0.6952410166230232,0.14514514514514515,0.9719815668202765
yolo,val,0.14614614614614616,0.6339232959599536,0.5834138632597708,0.6940074390411902,0.14614614614614616,0.971830985915493
yolo,val,0.14714714714714713,0.6344526710215421,0.5851537083286935,0.6928227028516325,0.14714714714714713,0.9712675031823969
yolo,val,0.14814814814814814,0.6346895401110856,0.5865048389320615,0.6915002066400331,0.14814814814814814,0.9709962168978562
yolo,val,0.14914914914914915,0.6351587523924908,0.5879641479276076,0.6905909904945585,0.14914914914914915,0.9709573323771962
yolo,val,0.15015015015015015,0.6355857021171911,0.589258046201896,0.6898195343711255,0.15015015015015015,0.9704731412308787
yolo,val,0.15115115115115116,0.6355676254730687,0.5903168590346468,0.6883317261330761,0.15115115115115116,0.9699964701729615
yolo,val,0.15215215215215216,0.6358983030294454,0.5918248081251232,0.6870643339302934,0.15215215215215216,0.9694576092680358
yolo,val,0.15315315315315314,0.6362563464490383,0.593164258723594,0.6861000137760022,0.15315315315315314,0.9691910499139414
yolo,val,0.15415415415415415,0.636490547378417,0.5942951477746422,0.685135693621711,0.15415415415415415,0.9691910499139414
yolo,val,0.15515515515515516,0.6368251180376302,0.5954615895415708,0.684364237498278,0.15515515515515516,0.9690949227373068
yolo,val,0.15615615615615616,0.6372886181559517,0.5968174621616789,0.6836478853836616,0.15615615615615616,0.9690949227373068
yolo,val,0.15715715715715717,0.6375273979484066,0.5981085329858211,0.6825087316798754,0.15715715715715717,0.9690949227373068
yolo,val,0.15815815815815815,0.6377356296765451,0.5992870789230494,0.681455897620616,0.15815815815815815,0.9685502859064917
yolo,val,0.15915915915915915,0.6377366279946916,0.6002184144137839,0.680257919051737,0.15915915915915915,0.9682910547396528
yolo,val,0.16016016016016016,0.6380943273230462,0.6015843270155142,0.6793222206915553,0.16016016016016016,0.9680638722554891
yolo,val,0.16116116116116116,0.6382642533048499,0.6028413493491275,0.6781099324975892,0.16116116116116116,0.9679444811632518
yolo,val,0.16216216216216217,0.6384851519354169,0.6040248835287878,0.6771153075405415,0.16216216216216217,0.9673127463863338
yolo,val,0.16316316316316315,0.6386575281213602,0.6051898179717947,0.6760435321669651,0.16316316316316315,0.9671170437896793
yolo,val,0.16416416416416416,0.6386750791376714,0.6061274964573045,0.6749164631973775,0.16416416416416416,0.9665855636658557
yolo,val,0.16516516516516516,0.6386488477565342,0.6069961853828655,0.6737842678054828,0.16516516516516516,0.9661781285231116
yolo,val,0.16616616616616617,0.6388300363273346,0.6081092193918298,0.6728199476511916,0.16616616616616617,0.9656274980015987
yolo,val,0.16716716716716717,0.6395046317548947,0.6097862804116957,0.6722680761373732,0.16716716716716717,0.9654471544715447
yolo,val,0.16816816816816815,0.6395467398925098,0.6108404470511141,0.6710841713734674,0.16816816816816815,0.9654471544715447
yolo,val,0.16916916916916916,0.6398532042835918,0.6121334861166426,0.6702025072324012,0.16916916916916916,0.9654471544715447
yolo,val,0.17017017017017017,0.639878067128034,0.6131245487856919,0.66907287505166,0.17017017017017017,0.9653828161546858
yolo,val,0.17117117117117117,0.6403015268305634,0.614693373424273,0.668136106901777,0.17117117117117117,0.9649340574088441
yolo,val,0.17217217217217218,0.640419431963878,0.6159656082979567,0.6668951578384119,0.17217217217217218,0.964906880098507
yolo,val,0.17317317317317318,0.6404914613103855,0.6170178608535173,0.6658217385314782,0.17317317317317318,0.9645651173492867
yolo,val,0.17417417417417416,0.6407716213729115,0.6181853985561813,0.665070866913334,0.17417417417417416,0.9642259095752779
yolo,val,0.17517517517517517,0.6410181535402305,0.6193792867982588,0.6642237222757955,0.17517517517517517,0.963961235614779
yolo,val,0.17617617617617617,0.6410971598843423,0.6205127863248004,0.6630940900950544,0.17617617617617617,0.9632861871802588
yolo,val,0.17717717717717718,0.6411625067025263,0.621506674211219,0.6621022179363548,0.17717717717717718,0.9629297458893872
yolo,val,0.1781781781781782,0.6413933992105959,0.622549727759516,0.6614134178261468,0.1781781781781782,0.9621502209131075
yolo,val,0.17917917917917917,0.6418084318725878,0.6238224199291733,0.6608623777379804,0.17917917917917917,0.9621502209131075
yolo,val,0.18018018018018017,0.6418962371129743,0.6248361255134969,0.6599140943329553,0.18018018018018017,0.9620699794178182
yolo,val,0.18118118118118118,0.6421057534663411,0.626066134936126,0.6589888414382147,0.18118118118118118,0.9615440853926013
yolo,val,0.18218218218218218,0.6421738468809113,0.6269687912694476,0.6581347293015567,0.18218218218218218,0.9612160818298053
yolo,val,0.1831831831831832,0.6423112872334003,0.6279834660681355,0.6573081691693071,0.1831831831831832,0.9612160818298053
yolo,val,0.1841841841841842,0.6425455822950243,0.6290624426015539,0.656619369059099,0.1841841841841842,0.9612160818298053
yolo,val,0.18518518518518517,0.6427179872949557,0.6301034597358842,0.655847912935666,0.18518518518518517,0.9612160818298053
yolo,val,0.18618618618618618,0.6428270316316498,0.6312063736612437,0.6548835927813749,0.18618618618618618,0.9612160818298053
yolo,val,0.1871871871871872,0.6427883244930442,0.6322617915948362,0.6536713045874087,0.1871871871871872,0.9609253773451827
yolo,val,0.1881881881881882,0.642912197644126,0.6333690661630621,0.6527473059520632,0.1881881881881882,0.9605503299171697
yolo,val,0.1891891891891892,0.6431896873768654,0.6346753944706234,0.6519355283096845,0.1891891891891892,0.960039122537376
yolo,val,0.19019019019019018,0.6433964432577011,0.6358907715626184,0.6510814161730266,0.19019019019019018,0.9598443796026122
yolo,val,0.19119119119119118,0.6435236833826814,0.6369568762909065,0.6502273040363686,0.19119119119119118,0.9593810444874274
yolo,val,0.1921921921921922,0.6436330339944125,0.6380998826339671,0.6492629838820774,0.1921921921921922,0.9591640313488244
yolo,val,0.1931931931931932,0.6440316999523725,0.639418505221095,0.6487119437939111,0.1931931931931932,0.9589729656296698
yolo,val,0.1941941941941942,0.6441294225455658,0.6404167590011136,0.6478853836616614,0.1941941941941942,0.9589729656296698
yolo,val,0.19519519519519518,0.6447370281258064,0.6420886164907528,0.647407377962854,0.19519519519519518,0.9588577615374205
yolo,val,0.1961961961961962,0.6449905719963088,0.6432895166000083,0.6467006474721035,0.1961961961961962,0.9585735353264513
yolo,val,0.1971971971971972,0.6452643864199923,0.6445981810647454,0.6459319702735656,0.1971971971971972,0.9584895554365291
yolo,val,0.1981981981981982,0.6452584661854693,0.6456627752277165,0.6448546631767461,0.1981981981981982,0.9582947173308619
yolo,val,0.1991991991991992,0.6455192808751886,0.6468228382878095,0.6442209670753547,0.1991991991991992,0.9582947173308619
yolo,val,0.20020020020020018,0.6455591634081754,0.6480460052033657,0.6430913348946136,0.20020020020020018,0.9578281497100686
yolo,val,0.2012012012012012,0.6456026810260536,0.649031734562368,0.6422096707535473,0.2012012012012012,0.9575471698113207
yolo,val,0.2022022022022022,0.6457190332560995,0.6500007892094761,0.641493318638931,0.2022022022022022,0.9572972269235777
yolo,val,0.2032032032032032,0.6455432575003343,0.650750395388436,0.6404187904670064,0.2032032032032032,0.9568317345086855
yolo,val,0.2042042042042042,0.6454241159363018,0.6515144729214266,0.6394465697047461,0.2042042042042042,0.9561799200927955
yolo,val,0.20520520520520522,0.6455922343805318,0.6527101270706618,0.6386279101804656,0.20520520520520522,0.9561426006668376
yolo,val,0.2062062062062062,0.6456134054355447,0.6535324205453754,0.637884006061441,0.2062062062062062,0.9553400535919357
yolo,val,0.2072072072072072,0.6457169335220609,0.6548166138940417,0.6368666947847783,0.2072072072072072,0.9550932386147406
yolo,val,0.2082082082082082,0.6459077953826684,0.655918060027117,0.6361984802384572,0.2082082082082082,0.9547808513325755
yolo,val,0.2092092092092092,0.6459748219541546,0.657020800019576,0.6352941176470588,0.2092092092092092,0.9542943244600703
yolo,val,0.21021021021021022,0.6460548090302036,0.6581028116574685,0.6344400055104009,0.21021021021021022,0.954
yolo,val,0.2112112112112112,0.6462609575427536,0.6593938259134559,0.6336409973825596,0.2112112112112112,0.9533035270740189
yolo,val,0.2122122122122122,0.6463412779066395,0.6605280228549864,0.6327511220410681,0.2122122122122122,0.9528873500680104
yolo,val,0.2132132132132132,0.64645199527236,0.6617749530227066,0.6318225650916104,0.2132132132132132,0.9525098425196851
yolo,val,0.21421421421421422,0.6463751394171491,0.6627354176927023,0.6308031409285025,0.21421421421421422,0.9518971848225214
yolo,val,0.21521521521521522,0.6464005283382434,0.6637955361740808,0.629893924783028,0.21521521521521522,0.9515697249939158
yolo,val,0.21621621621621623,0.6463101467936729,0.6647949197967223,0.6288255113231005,0.21621621621621623,0.9513670457294943
yolo,val,0.2172172172172172,0.6463516223581187,0.6657004509304679,0.6280957871756577,0.2172172172172172,0.9512048192771084
yolo,val,0.2182182182182182,0.6463823796523859,0.6669067111603125,0.6270836203333793,0.2182182182182182,0.9509239260859131
yolo,val,0.21921921921921922,0.6463646991038934,0.6678690588376518,0.626201956192313,0.21921921921921922,0.9505730659025788
yolo,val,0.22022022022022023,0.6461650706381288,0.668604964199947,0.6251825320292052,0.22022022022022023,0.9502257068187218
yolo,val,0.22122122122122123,0.6462552174244867,0.6695880880822507,0.6244937319189972,0.22122122122122123,0.9497338852749853
yolo,val,0.2222222222222222,0.6459446168132378,0.6701588282716328,0.6234192037470726,0.2222222222222222,0.9496529820021175
yolo,val,0.22322322322322322,0.6457029140302886,0.6708509066038537,0.6223722275795565,0.22322322322322322,0.9495138807543634
yolo,val,0.22422422422422422,0.6455058082984761,0.6718256545344053,0.6211704604375091,0.22422422422422422,0.9491209686808709
yolo,val,0.22522522522522523,0.645343686678136,0.6726822085469986,0.6201405152224825,0.22522522522522523,0.9489618373738545
yolo,val,0.22622622622622623,0.6453511755853589,0.6735108652044168,0.6194517151122744,0.22622622622622623,0.9485760405857259
yolo,val,0.2272272272272272,0.6453311534377747,0.6744142297969005,0.6186527069844331,0.2272272272272272,0.9482818066888863
yolo,val,0.22822822822822822,0.6454217058291515,0.6753342948898724,0.6180465628874501,0.22822822822822822,0.9481853458114585
yolo,val,0.22922922922922923,0.6453531277222833,0.6761733698201543,0.6172200027552004,0.22922922922922923,0.9480637813211845
yolo,val,0.23023023023023023,0.6453035015316694,0.6770256494893185,0.6164209946273591,0.23023023023023023,0.9473982541661943
yolo,val,0.23123123123123124,0.6453175322586484,0.6780899527190919,0.6155668824907012,0.23123123123123124,0.946543363031465
yolo,val,0.23223223223223222,0.645323617362303,0.6792101639018804,0.6146576663452266,0.23223223223223222,0.9462823819670293
yolo,val,0.23323323323323322,0.6453532110353765,0.6801527728450567,0.6139413142306103,0.23323323323323322,0.9459821428571429
yolo,val,0.23423423423423423,0.6454192790496768,0.6812153047784876,0.6131974101115856,0.23423423423423423,0.9454565652077316
yolo,val,0.23523523523523523,0.6452001154649444,0.6820816800230932,0.6121024711962094,0.23523523523523523,0.9451994254778477
yolo,val,0.23623623623623624,0.6451509320621406,0.683217851144491,0.6111020940158461,0.23623623623623624,0.9450682518714223
yolo,val,0.23723723723723725,0.6450506947760483,0.6838883861310298,0.6103871056619369,0.23723723723723725,0.9448706707584393
yolo,val,0.23823823823823823,0.644890567224288,0.6847766273296679,0.6093952335032373,0.23823823823823823,0.9447537940823234
yolo,val,0.23923923923923923,0.6450057242624533,0.6859788474520867,0.6086513293842127,0.23923923923923923,0.9444866095630489
yolo,val,0.24024024024024024,0.644779734149857,0.6867302313518427,0.6076594572255132,0.24024024024024024,0.944486527432096
yolo,val,0.24124124124124124,0.6445322036184339,0.6874026648877399,0.6066951370712219,0.24124124124124124,0.9443487621097955
yolo,val,0.24224224224224225,0.6443507205955861,0.6881594849833881,0.6057859209257473,0.24224224224224225,0.9442419043534206
yolo,val,0.24324324324324323,0.6444551955244504,0.6892537493702925,0.6051246728199476,0.24324324324324323,0.9438922731644758
yolo,val,0.24424424424424424,0.6444589902809262,0.6901582727705465,0.6044358727097396,0.24424424424424424,0.943446088794926
yolo,val,0.24524524524524524,0.644383699303316,0.6909936448406657,0.6036644165863067,0.24524524524524524,0.943446088794926
yolo,val,0.24624624624624625,0.6441003554472784,0.6916456842402153,0.6026713301541705,0.24624624624624625,0.9430559949383107
yolo,val,0.24724724724724725,0.6440650219868705,0.6926483033532365,0.601850425595569,0.24724724724724725,0.9428811423771525
yolo,val,0.24824824824824826,0.6441543999986085,0.6938127980318105,0.6011296321807411,0.24824824824824826,0.9427257525083612
yolo,val,0.24924924924924924,0.644124616481023,0.6946814110032361,0.6004273454062401,0.24924924924924924,0.9422476586888657
yolo,val,0.2502502502502503,0.6439463039121879,0.6955423606151508,0.599476511916242,0.2502502502502503,0.9421401907922025
yolo,val,0.25125125125125125,0.6438417827439729,0.6963392057961113,0.598705055792809,0.25125125125125125,0.9417836498761354
yolo,val,0.25225225225225223,0.6436753070418069,0.6973244013966206,0.5976915306812366,0.25225225225225223,0.9415938303341902
yolo,val,0.25325325325325326,0.6433688861553829,0.6978539361427264,0.5967755464923801,0.25325325325325326,0.9407733224222586
yolo,val,0.25425425425425424,0.6430055767489423,0.6985077842928115,0.5956743353078936,0.25425425425425424,0.9403076296220841
yolo,val,0.2552552552552553,0.6429128120203684,0.6995739155889449,0.5947424040061596,0.2552552552552553,0.9398138782116123
yolo,val,0.25625625625625625,0.6428696743920796,0.7005869231485934,0.5939385590301695,0.25625625625625625,0.939656912209889
yolo,val,0.25725725725725723,0.6427324756748137,0.7014113933862312,0.5931135744733054,0.25725725725725723,0.9390648567119155
yolo,val,0.25825825825825827,0.6426208719925313,0.702577814860549,0.5920925747348119,0.25825825825825827,0.9383630178106864
yolo,val,0.25925925925925924,0.6424373311370245,0.7035279562577793,0.5911086044805106,0.25925925925925924,0.9378300288930955
yolo,val,0.2602602602602603,0.6420675103997394,0.7041285717526458,0.5900602925597969,0.2602602602602603,0.9377169493206386
yolo,val,0.26126126126126126,0.6419300917045431,0.7046575223618287,0.5894575677701069,0.26126126126126126,0.9373087175436865
yolo,val,0.26226226226226224,0.6418035430622693,0.7056422751211776,0.5885573627957025,0.26226226226226224,0.9372294372294372
yolo,val,0.26326326326326327,0.6417588421504632,0.7066734621069716,0.5877669100427056,0.26326326326326327,0.9370958259847149
yolo,val,0.26426426426426425,0.641810583761241,0.7073974993114593,0.5873536299765808,0.26426426426426425,0.9369395711500975
yolo,val,0.2652652652652653,0.6415100259556742,0.7081489848169117,0.586334205813473,0.2652652652652653,0.9368686868686869
yolo,val,0.26626626626626626,0.6413820102209585,0.70880298110399,0.5856730904880482,0.26626626626626626,0.9365678868874685
yolo,val,0.26726726726726724,0.6412383833747827,0.7097062497785296,0.5848188455710153,0.26726726726726724,0.9356674382716049
yolo,val,0.2682682682682683,0.6411603877819101,0.7105551358404443,0.5841142050799962,0.2682682682682683,0.9350076687116564
yolo,val,0.26926926926926925,0.6411164773765965,0.7114407124599798,0.583444377837545,0.26926926926926925,0.9344356303163529
yolo,val,0.2702702702702703,0.6409304259597512,0.712136305071649,0.5826697892271663,0.2702702702702703,0.934025133282559
yolo,val,0.27127127127127126,0.6405782435686097,0.712916480216532,0.5815677090508334,0.27127127127127126,0.9334975369458128
yolo,val,0.27227227227227224,0.6402867172944154,0.7135411229470678,0.5806729787591112,0.27227227227227224,0.9330816422840963
yolo,val,0.2732732732732733,0.6402343768358313,0.7144337656396128,0.5799972447995592,0.2732732732732733,0.9328133809434317
yolo,val,0.27427427427427425,0.640255898628964,0.7154513700789876,0.5793635486981678,0.27427427427427425,0.9327526458743093
yolo,val,0.2752752752752753,0.6404330780885301,0.716483829291693,0.5789778206364513,0.2752752752752753,0.9318732525629078
yolo,val,0.27627627627627627,0.640354123442402,0.7174280897296268,0.5782339165174266,0.27627627627627627,0.9316326530612244
yolo,val,0.2772772772772773,0.6401558758705975,0.7182791397741303,0.5773596484871887,0.2772772772772773,0.9313082817837688
yolo,val,0.2782782782782783,0.6398678744403993,0.7193184242638029,0.5762226201956192,0.2782782782782783,0.9310789643416567
yolo,val,0.27927927927927926,0.6397484810280787,0.720005857173227,0.5755889240942279,0.27927927927927926,0.93010456796918
yolo,val,0.2802802802802803,0.6398303645115406,0.7210346102463753,0.5750654360104698,0.2802802802802803,0.929981718464351
yolo,val,0.28128128128128127,0.6393608384040511,0.7212928628736915,0.5741435764858962,0.28128128128128127,0.9293122270742358
yolo,val,0.2822822822822823,0.6392793033854934,0.7220126980629198,0.5735570247770936,0.2822822822822823,0.9292123629112662
yolo,val,0.2832832832832833,0.6390437560521189,0.7226034472657645,0.5728061716489875,0.2832832832832833,0.928352559480894
yolo,val,0.28428428428428426,0.6388783052044841,0.7233932122055925,0.5720455314450111,0.28428428428428426,0.9283015473191796
yolo,val,0.2852852852852853,0.6388222473316176,0.7244152276553499,0.5713183634109381,0.2852852852852853,0.9279698978677656
yolo,val,0.2862862862862863,0.6384349740320582,0.7250389438090149,0.5703126479818748,0.2862862862862863,0.9271948608137045
yolo,val,0.2872872872872873,0.638405053441732,0.7259880028087434,0.5696791515130795,0.2872872872872873,0.9267578125
yolo,val,0.2882882882882883,0.6383640141392991,0.7266838124865123,0.5691861844322319,0.2882882882882883,0.9261946902654867
yolo,val,0.28928928928928926,0.6382183913546573,0.7275882119979135,0.5684015086168807,0.28928928928928926,0.9260662671836447
yolo,val,0.2902902902902903,0.6382195907114812,0.7284368375874758,0.5678865703686465,0.2902902902902903,0.9256821970694042
yolo,val,0.2912912912912913,0.6380494436467371,0.7294223349818306,0.5670202507232401,0.2912912912912913,0.9255505068157986
yolo,val,0.2922922922922923,0.6377327975929294,0.7301157853219499,0.5661027075006606,0.2922922922922923,0.9252963737796374
yolo,val,0.2932932932932933,0.6374911681780123,0.7308919301979399,0.5652569224411076,0.2932932932932933,0.9247872155636616
yolo,val,0.29429429429429427,0.637322971762832,0.7316033407671108,0.5645681223308996,0.29429429429429427,0.9241480712679467
yolo,val,0.2952952952952953,0.6372890923519083,0.7323947921751569,0.5640446342471415,0.2952952952952953,0.9237660435868723
yolo,val,0.2962962962962963,0.6370316869535544,0.7332043131249356,0.5631629701060752,0.2962962962962963,0.9234663234663235
yolo,val,0.2972972972972973,0.636936160548994,0.7342151938083137,0.5624190659870506,0.2972972972972973,0.9233401779603012
yolo,val,0.2982982982982983,0.6368125170858865,0.7349615714994722,0.5617894115742808,0.2982982982982983,0.922945789294238
yolo,val,0.29929929929929927,0.636675333027532,0.7357368571332035,0.5611241217798595,0.29929929929929927,0.9226786623663215
yolo,val,0.3003003003003003,0.6365850513374239,0.7365873659315167,0.5604904256784681,0.3003003003003003,0.92202300405954
yolo,val,0.3013013013013013,0.636323501065056,0.7372214661210352,0.5597189695550351,0.3013013013013013,0.9212366270743829
yolo,val,0.3023023023023023,0.6362296933082233,0.7380231635786119,0.5591128254580521,0.3023023023023023,0.9202412868632708
yolo,val,0.3033033033033033,0.6360994737394712,0.7388270275921194,0.5584515773522524,0.3033033033033033,0.9197927980616593
yolo,val,0.30430430430430433,0.6357605497108392,0.7394582364032352,0.5575699132111861,0.30430430430430433,0.919444675367861
yolo,val,0.3053053053053053,0.6355304038271722,0.7400487841552108,0.5568811131009781,0.3053053053053053,0.9191048487360133
yolo,val,0.3063063063063063,0.6353272322524356,0.7410429707374712,0.5560081927129544,0.3063063063063063,0.9186622625928984
yolo,val,0.3073073073073073,0.6349043884743732,0.7413578128569936,0.5551841119082012,0.3073073073073073,0.9183740640171151
yolo,val,0.3083083083083083,0.6347663228938479,0.7422320742270488,0.5544840887174542,0.3083083083083083,0.91769817198131
yolo,val,0.30930930930930933,0.6344656008902989,0.7427238374136279,0.5537516479284808,0.30930930930930933,0.9168095354722835
yolo,val,0.3103103103103103,0.6343379663232445,0.7433134249593577,0.5532301727794003,0.3103103103103103,0.9166531143275329
yolo,val,0.3113113113113113,0.6342303821945678,0.7440530675709729,0.5526577605578883,0.3113113113113113,0.9163424124513618
yolo,val,0.3123123123123123,0.6340682672633889,0.7449116008678519,0.551939333330197,0.3123123123123123,0.9156772473952023
yolo,val,0.3133133133133133,0.6335702884645262,0.7456508089774309,0.5507810918115255,0.3133133133133133,0.9152719665271967
yolo,val,0.31431431431431434,0.6333183497433452,0.7462981696690316,0.5500482160077146,0.31431431431431434,0.9151631785742924
yolo,val,0.3153153153153153,0.6329994768580719,0.746936568465498,0.5492216558754649,0.3153153153153153,0.9145025968837395
yolo,val,0.3163163163163163,0.6326881444750792,0.7474984459348958,0.5484501997520319,0.3163163163163163,0.9138013371537727
yolo,val,0.3173173173173173,0.6323632475403866,0.7480722308927269,0.5476541715896759,0.3173173173173173,0.9133502457586808
yolo,val,0.3183183183183183,0.6323574240009997,0.7489987105787141,0.5471499662186197,0.3183183183183183,0.9131670350489423
yolo,val,0.31931931931931934,0.6321267100599108,0.7497896994573235,0.5463837994214079,0.31931931931931934,0.9128996692392503
yolo,val,0.3203203203203203,0.632044181391633,0.7507012766784976,0.5457776553244249,0.3203203203203203,0.912299968622529
yolo,val,0.3213213213213213,0.6318900250645602,0.7513103003129145,0.5452266152362585,0.3213213213213213,0.9121050985298718
yolo,val,0.32232232232232233,0.6315050793233027,0.7518459796373892,0.5443725030996005,0.32232232232232233,0.9116181280174428
yolo,val,0.3233233233233233,0.6312698236227784,0.7524811149030051,0.5436909114953096,0.3233233233233233,0.9113422870895117
yolo,val,0.32432432432432434,0.631146669096311,0.7532021946726156,0.5431326629012261,0.32432432432432434,0.9106507961044984
yolo,val,0.3253253253253253,0.6309142171329839,0.7540797384014137,0.5423336547733848,0.3253253253253253,0.9099168463196797
yolo,val,0.3263263263263263,0.6307260647868779,0.7545019217101098,0.541837718694035,0.3263263263263263,0.9096561252686521
yolo,val,0.32732732732732733,0.6307332180099089,0.7555398552142473,0.541314230610277,0.32732732732732733,0.9091395793499044
yolo,val,0.3283283283283283,0.6304074244219131,0.7562411059720225,0.5404757222423615,0.3283283283283283,0.9084544555208888
yolo,val,0.32932932932932935,0.6300030783394832,0.7566404465454524,0.5396782332339555,0.32932932932932935,0.9082415495632359
yolo,val,0.3303303303303303,0.6297959720810795,0.7574506825939102,0.5389633739246457,0.3303303303303303,0.9075083257644565
yolo,val,0.3313313313313313,0.6294003154433013,0.7579086407989308,0.5381529864725917,0.3313313313313313,0.9065963060686015
yolo,val,0.33233233233233234,0.6289284264258154,0.7583616140458208,0.5372358293702981,0.33233233233233234,0.90625
yolo,val,0.3333333333333333,0.6286432329495439,0.7590732662732833,0.5364637459712511,0.3333333333333333,0.9053670204813874
yolo,val,0.33433433433433435,0.6284286273114108,0.7596599773930992,0.5358589337374294,0.33433433433433435,0.9050529139961246
yolo,val,0.3353353353353353,0.6282213832944324,0.7604409896130316,0.5351701336272214,0.3353353353353353,0.904599152983134
yolo,val,0.3363363363363363,0.6279675168646889,0.7611013315715329,0.5344756524707184,0.3363363363363363,0.9034406215316315
yolo,val,0.33733733733733734,0.6278224456947025,0.7616705113370655,0.5339853974376636,0.33733733733733734,0.9027572987319374
yolo,val,0.3383383383383383,0.627490073714596,0.7622341719978468,0.533228499085963,0.3383383383383383,0.9022186306200412
yolo,val,0.33933933933933935,0.6271706663051806,0.7629001499297634,0.5324424851907976,0.33933933933933935,0.9018818188474775
yolo,val,0.34034034034034033,0.6268585890121955,0.7634491999618112,0.5317261330761813,0.34034034034034033,0.9010283713806433
yolo,val,0.34134134134134136,0.6266852747854339,0.7643041327998809,0.5310632397239108,0.34134134134134136,0.9001742413242341
yolo,val,0.34234234234234234,0.6261408023369149,0.7647284963188403,0.5300776399186999,0.34234234234234234,0.8993992907288123
yolo,val,0.3433433433433433,0.6257315911044653,0.7651856713022639,0.529272394674634,0.3433433433433433,0.8986228278895378
yolo,val,0.34434434434434436,0.6256297396624235,0.7660364821138366,0.5287205992484084,0.34434434434434436,0.8978683700567
yolo,val,0.34534534534534533,0.6254334409646591,0.7669046483911653,0.5280279193498877,0.34534534534534533,0.8977459749552773
yolo,val,0.34634634634634637,0.624972349083792,0.7674814323725566,0.5270985415924786,0.34634634634634637,0.8972109280262501
yolo,val,0.34734734734734735,0.6246727862067046,0.7684218365358669,0.5262305742519917,0.34734734734734735,0.8962505325948019
yolo,val,0.3483483483483483,0.6243299694128803,0.7690044190989614,0.5254718280754925,0.3483483483483483,0.8958362838124911
yolo,val,0.34934934934934936,0.623997720879959,0.7696509392796606,0.5247003719520595,0.34934934934934936,0.8955023653180824
yolo,val,0.35035035035035034,0.6237412539157451,0.770425639278466,0.5239788480999327,0.35035035035035034,0.8949887387387387
yolo,val,0.35135135135135137,0.6230932415556262,0.7708348577345435,0.5228764331004802,0.35135135135135137,0.894021167729726
yolo,val,0.35235235235235235,0.6229172576853679,0.7716638320771352,0.522248243559719,0.35235235235235235,0.8934907109931555
yolo,val,0.3533533533533533,0.6226419818307458,0.7725820481625604,0.5214422614231288,0.3533533533533533,0.8931132929461737
yolo,val,0.35435435435435436,0.6222343356819491,0.7731272882714515,0.5206231674827175,0.35435435435435436,0.89239628139309
yolo,val,0.35535535535535534,0.6217334303758356,0.7734720151600399,0.5197664286532622,0.35535535535535534,0.891406465874551
yolo,val,0.3563563563563564,0.6214847166949901,0.773980157092286,0.5191899710703953,0.3563563563563564,0.8909779614325068
yolo,val,0.35735735735735735,0.6210583824115049,0.7746603619636919,0.5182902395176519,0.35735735735735735,0.8898264389106126
yolo,val,0.35835835835835833,0.6205668025093481,0.7751543681195767,0.5173855778940427,0.35835835835835833,0.8886990981142389
yolo,val,0.35935935935935936,0.6202708559212208,0.7758107415065503,0.5166827386692382,0.35935935935935936,0.8878536452665942
yolo,val,0.36036036036036034,0.6197552001398892,0.7763746133956312,0.5157184185149469,0.36036036036036034,0.8873889152703345
yolo,val,0.3613613613613614,0.61947479256706,0.7771457864448311,0.5149909960817555,0.3613613613613614,0.8868230680819417
yolo,val,0.36236236236236236,0.6190029769338949,0.7777447132183354,0.5140771583319327,0.36236236236236236,0.8861936527188194
yolo,val,0.36336336336336333,0.6185580886887309,0.7781593955676707,0.5132831725212119,0.36336336336336333,0.8857181226079366
yolo,val,0.36436436436436437,0.618223512147746,0.7785972333683194,0.5126325940212151,0.36436436436436437,0.8848521343503278
yolo,val,0.36536536536536535,0.6178652221372731,0.779159833148077,0.5118969519241771,0.36536536536536535,0.8837364248117796
yolo,val,0.3663663663663664,0.617671902500774,0.7799707954519951,0.5112825458052074,0.3663663663663664,0.8831263696128561
yolo,val,0.36736736736736736,0.6174022816180319,0.7806520138886045,0.5106212976994077,0.36736736736736736,0.88217002977175
yolo,val,0.3683683683683684,0.6170298609990272,0.7812021477933041,0.509877393580383,0.3683683683683684,0.8815190874925826
yolo,val,0.36936936936936937,0.6168126948548842,0.7819309610358398,0.5092712494834,0.36936936936936937,0.8809508175192068
yolo,val,0.37037037037037035,0.6164437143271394,0.7824484032150437,0.5085495571296703,0.37037037037037035,0.8804767830244286
yolo,val,0.3713713713713714,0.6160713189628986,0.7829985034029725,0.5078112181940991,0.3713713713713714,0.8799608355091384
yolo,val,0.37237237237237236,0.6158127732558691,0.7836843228927396,0.5071723376103788,0.37237237237237236,0.8792609940150924
yolo,val,0.3733733733733734,0.6157412954807205,0.7843631911016693,0.506791569086651,0.3733733733733734,0.877979274611399
yolo,val,0.3743743743743744,0.6155200384253223,0.7850329733910625,0.5062129769940763,0.3743743743743744,0.8771861890932559
yolo,val,0.37537537537537535,0.615183135294425,0.7856998952711638,0.5054809726652439,0.37537537537537535,0.8767775561418184
yolo,val,0.3763763763763764,0.6147641550425507,0.7865423071642489,0.5045681871691815,0.3763763763763764,0.8763792661021298
yolo,val,0.37737737737737737,0.6144599101089424,0.7873157103442499,0.5038411734518983,0.37737737737737737,0.8755427841634739
yolo,val,0.3783783783783784,0.6140692911384326,0.7877896871794817,0.5031226018474504,0.3783783783783784,0.8749044585987261
yolo,val,0.3793793793793794,0.6136105929018527,0.7887501188027264,0.5021170532429313,0.3793793793793794,0.8743256109171692
yolo,val,0.38038038038038036,0.6132355674543927,0.7896289245910757,0.5012602201928029,0.38038038038038036,0.8735530394079322
yolo,val,0.3813813813813814,0.612856930742411,0.7902990652143065,0.5004853153228235,0.3813813813813814,0.8729978559717493
yolo,val,0.38238238238238237,0.6124708568027134,0.7908784111992259,0.4997389783068251,0.38238238238238237,0.8724621283550191
yolo,val,0.3833833833833834,0.6121461277131752,0.791455478739413,0.49907700785232123,0.3833833833833834,0.8720405862457723
yolo,val,0.3843843843843844,0.6118148111186733,0.7920906883140393,0.4983849013831878,0.3843843843843844,0.87158026233604
yolo,val,0.38538538538538536,0.6111080857724359,0.7925851618089637,0.4972528265914995,0.38538538538538536,0.8705765283910691
yolo,val,0.3863863863863864,0.6107653895685972,0.7933104183622716,0.49651467144234745,0.3863863863863864,0.8702394243890336
yolo,val,0.38738738738738737,0.6103325533960734,0.7936804590416748,0.4957983193277311,0.38738738738738737,0.8697130843433094
yolo,val,0.3883883883883884,0.6098755373805534,0.7943266731268753,0.4949442071910731,0.3883883883883884,0.8692729851390516
yolo,val,0.3893893893893894,0.6096540728030303,0.7953529369732819,0.49425540708086513,0.3893893893893894,0.8688625330301727
yolo,val,0.39039039039039036,0.6091509316411443,0.7959361822689717,0.49336999349535515,0.39039039039039036,0.8681002266740182
yolo,val,0.3913913913913914,0.6086621933182544,0.7960946287772388,0.4926683977087345,0.3913913913913914,0.8672766087221714
yolo,val,0.3923923923923924,0.6081135623452472,0.7965511637995314,0.4917757266841163,0.3923923923923924,0.8668898356664638
yolo,val,0.3933933933933934,0.6078946121952923,0.7972474827564764,0.49122468659594987,0.3933933933933934,0.8661531930377827
yolo,val,0.3943943943943944,0.6074621399854017,0.7975757395831532,0.4905358864857418,0.3943943943943944,0.8653450985132358
yolo,val,0.39539539539539537,0.6068138708881294,0.7979855351770143,0.4895366396513735,0.39539539539539537,0.8648550942941495
yolo,val,0.3963963963963964,0.6064507595376865,0.798485896600055,0.4888764216169761,0.3963963963963964,0.864619637062853
yolo,val,0.3973973973973974,0.6061704549064777,0.7993409549970409,0.4881927234514053,0.3973973973973974,0.8640910452231207
yolo,val,0.3983983983983984,0.6059155202628548,0.8001777974625589,0.4875508930158266,0.3983983983983984,0.8636010749477456
yolo,val,0.3993993993993994,0.6052176542201952,0.8006164338865968,0.4864857418377187,0.3993993993993994,0.8630169592383219
yolo,val,0.40040040040040037,0.6048099875695093,0.8011842841569465,0.48575017677685106,0.40040040040040037,0.8623390494274017
yolo,val,0.4014014014014014,0.6043962369211272,0.8017059559793218,0.4850254856040777,0.4014014014014014,0.8618242044244647
yolo,val,0.4024024024024024,0.6038588792858949,0.8024539150975208,0.48406116544978645,0.4024024024024024,0.8609490126731506
yolo,val,0.4034034034034034,0.6037079521974626,0.8032858976009825,0.4835652293704367,0.4034034034034034,0.8602561090225563
yolo,val,0.4044044044044044,0.6033853353920278,0.804047100321472,0.48287642926022867,0.4044044044044044,0.8594252940832212
yolo,val,0.40540540540540543,0.602738577039346,0.8043501859935774,0.48193966111034575,0.40540540540540543,0.858326042578011
yolo,val,0.4064064064064064,0.6025365383327066,0.8055535396569036,0.48125086100013775,0.4064064064064064,0.8576661433804291
yolo,val,0.4074074074074074,0.6020060072185909,0.8062081705083605,0.4803416448546632,0.4074074074074074,0.8570186623391677
yolo,val,0.4084084084084084,0.6018851307288354,0.807096232503022,0.4798732607797217,0.4084084084084084,0.8563918895499971
yolo,val,0.4094094094094094,0.6014632836834464,0.8077077091177496,0.4791217597239113,0.4094094094094094,0.8553524203748419
yolo,val,0.41041041041041043,0.6009468726417444,0.8081917892132903,0.4782969981837302,0.41041041041041043,0.854986801331344
yolo,val,0.4114114114114114,0.6005002741072045,0.8085008256155009,0.4776235215457863,0.4114114114114114,0.8544455887401304
yolo,val,0.4124124124124124,0.6000678727284298,0.8089862757238869,0.47690779273250083,0.4124124124124124,0.854151212553495
yolo,val,0.4134134134134134,0.5997427981770769,0.8098189938142979,0.4762088441934151,0.4134134134134134,0.8535600545950864
yolo,val,0.4144144144144144,0.5991791557136302,0.810092136633235,0.4754043972292159,0.4144144144144144,0.8528744755641229
yolo,val,0.41541541541541543,0.5986883465195024,0.810685150801045,0.47458327593332417,0.41541541541541543,0.8522913488161835
yolo,val,0.4164164164164164,0.5983505490311207,0.8111363068552444,0.4740046838407494,0.4164164164164164,0.8517517179227216
yolo,val,0.4174174174174174,0.5980130608541322,0.8115908854358452,0.4734264173479236,0.4174174174174174,0.8515229852759357
yolo,val,0.4184184184184184,0.5975897748422218,0.8121631751679208,0.4727019768925701,0.4184184184184184,0.8506944444444444
yolo,val,0.4194194194194194,0.5969245209585956,0.8124416846290321,0.47177604843447707,0.4194194194194194,0.8499497599642738
yolo,val,0.42042042042042044,0.5964918225514706,0.8128104889155056,0.4711117233778757,0.42042042042042044,0.8495713172252534
yolo,val,0.4214214214214214,0.5957229762213807,0.8131575632441433,0.4700371952059512,0.4214214214214214,0.8489927298962207
yolo,val,0.4224224224224224,0.595176378612111,0.8136931644654375,0.4691787274269258,0.4224224224224224,0.8484345613452816
yolo,val,0.42342342342342343,0.5944134546585276,0.8140639197110761,0.4681085548973688,0.42342342342342343,0.8477997132458366
yolo,val,0.4244244244244244,0.5940765288264714,0.8144679993008944,0.4675575148092024,0.4244244244244244,0.8473765262347377
yolo,val,0.42542542542542544,0.5936874470605451,0.8149176592610667,0.4669279337598806,0.42542542542542544,0.8464869012386277
yolo,val,0.4264264264264264,0.5931417098800835,0.8153949299173454,0.4660970512787814,0.4264264264264264,0.8454272454272455
yolo,val,0.4274274274274274,0.5929461385483934,0.8165986641551549,0.46546356247417,0.4274274274274274,0.8450811635254385
yolo,val,0.42842842842842843,0.5923983622755354,0.8170913855830354,0.464629336471188,0.42842842842842843,0.8444456509935933
yolo,val,0.4294294294294294,0.5919220584270793,0.8176032830676175,0.46387865890317864,0.4294294294294294,0.8440088797444366
yolo,val,0.43043043043043044,0.5915760614289786,0.818294979170979,0.463231850117096,0.43043043043043044,0.8430367452652026
yolo,val,0.4314314314314314,0.5909084327234795,0.8186665219868553,0.46229508196721314,0.4314314314314314,0.8418364604053545
yolo,val,0.43243243243243246,0.5904855580733351,0.8191188892344539,0.46163383386141343,0.43243243243243246,0.8410564097069695
yolo,val,0.43343343343343343,0.5900263262906235,0.8196437397444218,0.46090659427772424,0.43343343343343343,0.8407160032059845
yolo,val,0.4344344344344344,0.5896444249178177,0.8202752183096279,0.46024164291480757,0.4344344344344344,0.8404221298369043
yolo,val,0.43543543543543545,0.5892925335001459,0.8208820829330584,0.459622537539606,0.43543543543543545,0.8398427121526117
yolo,val,0.4364364364364364,0.5888883488459231,0.8214762959018594,0.4589452898546719,0.4364364364364364,0.8391778790126073
yolo,val,0.43743743743743746,0.5884648779583685,0.8220650173897341,0.4582479463363351,0.43743743743743746,0.8382345177128979
yolo,val,0.43843843843843844,0.5879756248136023,0.822559316933243,0.4575017988846948,0.43843843843843844,0.8376913768611565
yolo,val,0.4394394394394394,0.5875071812684783,0.8232252870117686,0.45672957707673234,0.4394394394394394,0.8364885416120404
yolo,val,0.44044044044044045,0.5869317963877169,0.8239435111392858,0.4558143768121029,0.44044044044044045,0.8355720482935243
yolo,val,0.44144144144144143,0.5865496974202975,0.8248526117178865,0.4550764568122331,0.44144144144144143,0.8348442221527561
yolo,val,0.44244244244244246,0.5861212910206504,0.825576079589367,0.45434149569913035,0.44244244244244246,0.8340248962655602
yolo,val,0.44344344344344344,0.5858827213678222,0.8263898945118211,0.45380906460945036,0.44344344344344344,0.8336354690008805
yolo,val,0.4444444444444444,0.5853632283598348,0.8267003209828012,0.453092712494834,0.4444444444444444,0.8328429095038976
yolo,val,0.44544544544544545,0.585095253412906,0.8273808115040198,0.45256782800337053,0.44544544544544545,0.8319098579954723
yolo,val,0.44644644644644643,0.584705816090108,0.8277803519635177,0.4519827959284539,0.44644644644644643,0.8315033350436121
yolo,val,0.44744744744744747,0.5840549758358621,0.8280915200775865,0.4511130608784733,0.44744744744744747,0.8307078559738135
yolo,val,0.44844844844844844,0.583635190621359,0.8282755165101093,0.4505579280892685,0.44844844844844844,0.8300530287579033
yolo,val,0.4494494494494494,0.5832021483787452,0.8287579861456587,0.4498996729334874,0.4494494494494494,0.8294183445190156
yolo,val,0.45045045045045046,0.5829260236758141,0.8295501002590797,0.44933836156778423,0.45045045045045046,0.8284440391143537
yolo,val,0.45145145145145144,0.5821735566036538,0.8301056535505258,0.44828259535562204,0.45145145145145144,0.8280531554747107
yolo,val,0.45245245245245247,0.5816224794668614,0.8306948559075664,0.4474582922122691,0.45245245245245247,0.8274055415617129
yolo,val,0.45345345345345345,0.5813286152054058,0.831335818651877,0.4469250648048236,0.45345345345345345,0.8264624654782827
yolo,val,0.4544544544544544,0.5805989150548532,0.831513776633992,0.4460118473618956,0.4544544544544544,0.8255342575446675
yolo,val,0.45545545545545546,0.5802083390586998,0.8319243236710078,0.4454332552693208,0.45545545545545546,0.8243007428827841
yolo,val,0.45645645645645644,0.5797966246159892,0.8325423959262419,0.4447715229742826,0.45645645645645644,0.8232546583850932
yolo,val,0.4574574574574575,0.5793172056197678,0.8329722196777265,0.4440852609626146,0.4574574574574575,0.8225854383358098
yolo,val,0.45845845845845845,0.5789319636594207,0.8335944400589262,0.4434563739318289,0.45845845845845845,0.8220937700706487
yolo,val,0.45945945945945943,0.578331241711272,0.8339878659268193,0.4426409186087602,0.45945945945945943,0.8210417487199685
yolo,val,0.46046046046046046,0.5777348525298841,0.8346644382992748,0.4417528179344785,0.46046046046046046,0.8199833227056458
yolo,val,0.46146146146146144,0.5772743960075011,0.8351902649276274,0.4410678348682579,0.46146146146146144,0.819311289375856
yolo,val,0.4624624624624625,0.5767647398451812,0.8356619532756697,0.4403419785245364,0.4624624624624625,0.8186872134984883
yolo,val,0.46346346346346345,0.5763723624958967,0.8362154957099843,0.43973149619848395,0.46346346346346345,0.8181508681484364
yolo,val,0.46446446446446443,0.5760899036211435,0.836969983810418,0.43919472532568793,0.46446446446446443,0.8173179482206924
yolo,val,0.46546546546546547,0.5758077527671495,0.837687301456176,0.4386698657833877,0.46546546546546547,0.8165869218500797
yolo,val,0.46646646646646645,0.5751847969542179,0.8381319284136339,0.4378257298990183,0.46646646646646645,0.8151054202368345
yolo,val,0.4674674674674675,0.5746306777628453,0.8384957613980273,0.4370849979335997,0.4674674674674675,0.814494840412767
yolo,val,0.46846846846846846,0.5742349560654643,0.8390034677530366,0.4364897174578626,0.46846846846846846,0.8139657317890303
yolo,val,0.4694694694694695,0.5738647294918013,0.839538413101354,0.43591767206146104,0.4694694694694695,0.8135204812374678
yolo,val,0.47047047047047047,0.5732901215319268,0.8398026453992591,0.43518390962942555,0.47047047047047047,0.8131486242026088
yolo,val,0.47147147147147145,0.5727829367314298,0.8402963805226409,0.4344675575148092,0.47147147147147145,0.8125
yolo,val,0.4724724724724725,0.5719771070749745,0.8406949057989265,0.43343495003362104,0.4724724724724725,0.812310606060606
yolo,val,0.47347347347347346,0.5712954118723671,0.8410200088882692,0.4325664692106351,0.47347347347347346,0.8116263694748772
yolo,val,0.4744744744744745,0.5706909048481735,0.841439803794003,0.4317631008294821,0.4744744744744745,0.8107611919220449
yolo,val,0.4754754754754755,0.5704924054588791,0.8421315769942913,0.43135418101666895,0.4754754754754755,0.8100915278103732
yolo,val,0.47647647647647645,0.5700830110758551,0.8424143202428896,0.43081226746921464,0.47647647647647645,0.8097579248021726
yolo,val,0.4774774774774775,0.5697591874777066,0.8432348555035314,0.430228600878716,0.4774774774774775,0.8085751609592237
yolo,val,0.47847847847847846,0.5692751199717626,0.8439652615955043,0.4294874222787062,0.47847847847847846,0.808046511627907
yolo,val,0.4794794794794795,0.568567168565004,0.8443942207036517,0.42857142857142855,0.4794794794794795,0.8074871271512734
yolo,val,0.4804804804804805,0.5682399106773811,0.844692192893628,0.42812307146473383,0.4804804804804805,0.8060729306280908
yolo,val,0.48148148148148145,0.5676066174845085,0.8450849974383762,0.4273040137806793,0.48148148148148145,0.8049746660525103
yolo,val,0.4824824824824825,0.5670009083739463,0.8454032100633977,0.4265367833091885,0.4824824824824825,0.8042150695624225
yolo,val,0.48348348348348347,0.5666079169549005,0.8460562973777912,0.4259264361482298,0.48348348348348347,0.8035256410256411
yolo,val,0.4844844844844845,0.5661218097862618,0.8465389908463422,0.4252553892507199,0.4844844844844845,0.8020339292229114
yolo,val,0.4854854854854855,0.5657405498644352,0.8470901888748225,0.42468659594985536,0.4854854854854855,0.8013278159246965
yolo,val,0.48648648648648646,0.5651737146610687,0.8475767886239927,0.4239262467832475,0.48648648648648646,0.8006075168880628
yolo,val,0.4874874874874875,0.5645772958602997,0.8478646955566057,0.4231837248780737,0.4874874874874875,0.8001808727108297
yolo,val,0.48848848848848847,0.5640475164946576,0.8483934206990302,0.422457481112438,0.48848848848848847,0.7991526187685928
yolo,val,0.4894894894894895,0.5633757958142174,0.8489244810680036,0.4215732194517151,0.4894894894894895,0.7980864252987153
yolo,val,0.4904904904904905,0.562873811786453,0.8492033572749248,0.42094273933230675,0.4904904904904905,0.7975987814711943
yolo,val,0.49149149149149146,0.5621247832322869,0.8497361307950212,0.4199752031960325,0.49149149149149146,0.7967752021081781
yolo,val,0.4924924924924925,0.5615070233521208,0.8501871650834815,0.4191761950681912,0.4924924924924925,0.7961701180138054
yolo,val,0.4934934934934935,0.5608769195333462,0.8508160572734583,0.4183220829315333,0.4934934934934935,0.7958766551141918
yolo,val,0.4944944944944945,0.5602464312194381,0.8513843756390747,0.41748423612701946,0.4944944944944945,0.7948979139908765
yolo,val,0.4954954954954955,0.5597543830404056,0.8516318151199884,0.41687869373816516,0.4954954954954955,0.7938644890752593
yolo,val,0.4964964964964965,0.5592494505831541,0.852011532339729,0.4162281305965009,0.4964964964964965,0.7933174854727945
yolo,val,0.4974974974974975,0.5587574851757061,0.852215615751602,0.4156347789335756,0.4974974974974975,0.7924784974548008
yolo,val,0.4984984984984985,0.558275234218698,0.8525761435352086,0.4150158424025348,0.4984984984984985,0.7921026134920982
yolo,val,0.4994994994994995,0.5575143224390768,0.8529082388188058,0.414097070805863,0.4994994994994995,0.7910050601989181
yolo,val,0.5005005005005005,0.5567765912561073,0.8535106453798218,0.413142306102769,0.5005005005005005,0.7903071434786392
yolo,val,0.5015015015015015,0.5561856861770941,0.8541276543357494,0.4123479746658,0.5015015015015015,0.7893162207865412
yolo,val,0.5025025025025025,0.5553412003924904,0.854413082815722,0.41135411500022173,0.5025025025025025,0.7885272122076687
yolo,val,0.5035035035035035,0.5548752686757791,0.8548361741741708,0.41074528171924507,0.5035035035035035,0.7875915553640672
yolo,val,0.5045045045045045,0.5543505005407254,0.8550918835340777,0.4101115856178537,0.5045045045045045,0.7867239527389903
yolo,val,0.5055055055055055,0.5537708374142191,0.8553301014658226,0.40942278550764566,0.5055055055055055,0.7857142857142857
yolo,val,0.5065065065065065,0.553186088913933,0.8561526558973025,0.4085962253753961,0.5065065065065065,0.7847112552819155
yolo,val,0.5075075075075075,0.5524619712444694,0.8566565165714423,0.4076923934156635,0.5075075075075075,0.7833574283527511
yolo,val,0.5085085085085085,0.5521708834960735,0.8573507566353187,0.40721862515498003,0.5085085085085085,0.7824501907587961
yolo,val,0.5095095095095095,0.55132029410787,0.8576576039154032,0.40622517921675505,0.5095095095095095,0.7814256137237504
yolo,val,0.5105105105105106,0.5507443116665749,0.8583056828243946,0.4054552968728475,0.5105105105105106,0.7807128412537917
yolo,val,0.5115115115115115,0.5503244875988949,0.8590903386820912,0.4048259148512117,0.5115115115115115,0.7797236571332578
yolo,val,0.5125125125125125,0.5498319769132318,0.8596487860564135,0.4041695569571565,0.5125125125125125,0.7789129888619044
yolo,val,0.5135135135135135,0.5493149456262441,0.8600319213528552,0.40352665656426506,0.5135135135135135,0.7779772091664232
yolo,val,0.5145145145145145,0.5487594446616619,0.8605658999866685,0.4028103044496487,0.5145145145145145,0.7774447358561258
yolo,val,0.5155155155155156,0.5483451647435382,0.8611471185000923,0.40223708994006824,0.5155155155155156,0.7765467446782024
yolo,val,0.5165165165165165,0.5479019318064784,0.8616398118330363,0.40165312026449923,0.5165165165165165,0.776080476900149
yolo,val,0.5175175175175175,0.5473299378054592,0.8619830904659239,0.40096432015429123,0.5175175175175175,0.7750773674437796
yolo,val,0.5185185185185185,0.5466651189442672,0.8623814176177649,0.40016531202644995,0.5185185185185185,0.7745493456251543
yolo,val,0.5195195195195195,0.5461347334632439,0.8629819329437096,0.3994683594254251,0.5195195195195195,0.7738017071569271
yolo,val,0.5205205205205206,0.5455288276520319,0.8633821473311074,0.3987349379555775,0.5205205205205206,0.7732258328558566
yolo,val,0.5215215215215215,0.5447755771324156,0.8636276427189521,0.39787849566055933,0.5215215215215215,0.7725677440417891
yolo,val,0.5225225225225225,0.5440803390917095,0.864167555490028,0.3970231640893882,0.5225225225225225,0.7714053284523084
yolo,val,0.5235235235235235,0.5436214314560852,0.8645897931081353,0.39644579143132663,0.5235235235235235,0.7707125187558295
yolo,val,0.5245245245245245,0.5428272538947454,0.8648240136175417,0.3955526015044063,0.5245245245245245,0.769771955361475
yolo,val,0.5255255255255256,0.5420712534395866,0.8652889299920514,0.39465346871895696,0.5255255255255256,0.7688338909266799
yolo,val,0.5265265265265265,0.5415354254569771,0.8658710715546668,0.39396505848171876,0.5265265265265265,0.7681363289256863
yolo,val,0.5275275275275275,0.540831282147926,0.8666550447779571,0.39305869096830615,0.5275275275275275,0.7671995832832472
yolo,val,0.5285285285285285,0.5400538495600589,0.8668748837815383,0.3921929454666735,0.5285285285285285,0.7662472538446176
yolo,val,0.5295295295295295,0.5395712839016019,0.8672323094122991,0.39161123169266066,0.5295295295295295,0.7652070063694267
yolo,val,0.5305305305305306,0.5388564701569418,0.8679402751836416,0.3907149745143959,0.5305305305305306,0.7645517350909236
yolo,val,0.5315315315315315,0.5381736620496955,0.8686303007626405,0.3898582617647442,0.5315315315315315,0.7638883389427836
yolo,val,0.5325325325325325,0.5375123939779166,0.8690944104176613,0.3890715322521297,0.5325325325325325,0.762855677019614
yolo,val,0.5335335335335335,0.5367196954734197,0.8693204524984003,0.38819633503162715,0.5335335335335335,0.7618710413470239
yolo,val,0.5345345345345345,0.5359161918923736,0.8696974046051609,0.3872814310680381,0.5345345345345345,0.7610119631300255
yolo,val,0.5355355355355356,0.5353654205119653,0.8701869689186407,0.38660972585755615,0.5355355355355356,0.76000938379731
yolo,val,0.5365365365365365,0.534691036648933,0.870415253182159,0.38586187229975505,0.5365365365365365,0.7590506995050855
yolo,val,0.5375375375375375,0.5339531565003359,0.8706939536987326,0.3850392616062819,0.5375375375375375,0.7581704426223138
yolo,val,0.5385385385385385,0.5334133268336431,0.8717743163916684,0.3842678054828489,0.5385385385385385,0.7578706575682382
yolo,val,0.5395395395395395,0.5323897060259892,0.8721268514839371,0.38313817330210775,0.5395395395395395,0.7571820747786413
yolo,val,0.5405405405405406,0.5317598361314593,0.8724611471089923,0.3824218211874914,0.5405405405405406,0.7562639734793
yolo,val,0.5415415415415415,0.5310859386331215,0.8728944812157727,0.3816422416028168,0.5415415415415415,0.7549061023848842
yolo,val,0.5425425425425425,0.5301779577950172,0.8733675537514187,0.3806152683937332,0.5425425425425425,0.7538761915700012
yolo,val,0.5435435435435435,0.5296482817020044,0.8737495164212951,0.37999724479955915,0.5435435435435435,0.752661096486208
yolo,val,0.5445445445445445,0.5291819240447981,0.8742926234728242,0.3794149515411335,0.5445445445445445,0.7518162108706401
yolo,val,0.5455455455455456,0.5286817352376467,0.8745730391720179,0.37884825931470867,0.5455455455455456,0.7510903781241703
yolo,val,0.5465465465465466,0.5281579523683924,0.8750066844202554,0.3782294799546798,0.5465465465465466,0.74950884086444
yolo,val,0.5475475475475475,0.5274519190142127,0.8754973883307758,0.37741446871336204,0.5475475475475475,0.7482962460936029
yolo,val,0.5485485485485485,0.5267049561148189,0.8761929199357402,0.3765214580392291,0.5485485485485485,0.747522150473044
yolo,val,0.5495495495495496,0.5260091998289054,0.8765327644481494,0.3757482742472098,0.5495495495495496,0.7468174329788827
yolo,val,0.5505505505505506,0.5252679541151964,0.8769692504440136,0.3749124166869387,0.5505505505505506,0.7457734651987311
yolo,val,0.5515515515515516,0.5245973837290093,0.8772665143661871,0.3741754457960361,0.5515515515515516,0.7453469326980345
yolo,val,0.5525525525525525,0.524035332663383,0.8779737481777048,0.37347570610646336,0.5525525525525525,0.7441929499072356
yolo,val,0.5535535535535535,0.5234812682527742,0.8787201230208348,0.37277861964457915,0.5535535535535535,0.7429374352906375
yolo,val,0.5545545545545546,0.5230589230267116,0.8792231460134888,0.372260169881884,0.5545545545545546,0.7420734404955022
yolo,val,0.5555555555555556,0.5223611600594289,0.8799246906400172,0.37142857142857144,0.5555555555555556,0.7411885773089787
yolo,val,0.5565565565565566,0.5217685907919695,0.8803445659011535,0.3707551278365481,0.5565565565565566,0.7402073943790993
yolo,val,0.5575575575575575,0.5211131151224011,0.8807148350054435,0.37002815885615714,0.5575575575575575,0.7395483116503435
yolo,val,0.5585585585585585,0.5203377343996513,0.8809441498903249,0.36920645511195216,0.5585585585585585,0.7387311882811646
yolo,val,0.5595595595595596,0.5194632924857802,0.881482549827951,0.36823253891720625,0.5595595595595596,0.7374555224747659
yolo,val,0.5605605605605606,0.5188732219868679,0.8819858999126606,0.3675523157605327,0.5605605605605606,0.7363202084539664
yolo,val,0.5615615615615616,0.5183391738514045,0.8827883914326742,0.36687781237015826,0.5615615615615616,0.7351413733410271
yolo,val,0.5625625625625625,0.517496003413183,0.8832324123079329,0.3659572886809211,0.5625625625625625,0.7339683680805176
yolo,val,0.5635635635635635,0.5168998933945698,0.8839706882956645,0.3652351745973959,0.5635635635635635,0.7330227557785343
yolo,val,0.5645645645645646,0.5162007285456203,0.8847632542116737,0.36440281030444965,0.5645645645645646,0.7317430275327643
yolo,val,0.5655655655655656,0.5154621762517795,0.8854522232016696,0.36355087031075456,0.5655655655655656,0.7306309833090145
yolo,val,0.5665665665665666,0.5148679617541265,0.8860340406078716,0.3628623108371218,0.5665665665665666,0.7299378881987577
yolo,val,0.5675675675675675,0.5139864415527718,0.8864182919671689,0.36192312990770076,0.5675675675675675,0.7288423436173224
yolo,val,0.5685685685685685,0.5132529349037265,0.8868658839083302,0.36112190533974603,0.5685685685685685,0.7274489759949241
yolo,val,0.5695695695695696,0.5122363496222422,0.8875191955537021,0.36000859835119214,0.5695695695695696,0.7261010044250895
yolo,val,0.5705705705705706,0.5114214829246566,0.8880570431080579,0.35911607984896315,0.5705705705705706,0.7247751373674448
yolo,val,0.5715715715715716,0.5107478931513577,0.8889074075331915,0.3583138173302108,0.5715715715715716,0.7237397523111809
yolo,val,0.5725725725725725,0.510019841678468,0.8897284791680545,0.3574648733108507,0.5725725725725725,0.7230785289307957
yolo,val,0.5735735735735735,0.5095265580466457,0.8905381483863262,0.3568502463860696,0.5735735735735735,0.7220199077445982
yolo,val,0.5745745745745746,0.5087410944479778,0.8911009496685873,0.3559902830597714,0.5745745745745746,0.7212615852815051
yolo,val,0.5755755755755756,0.5078358800556481,0.8915377260135182,0.3550351288056206,0.5755755755755756,0.7200565263847241
yolo,val,0.5765765765765766,0.507413827459944,0.8922998170244175,0.3545022682388033,0.5765765765765766,0.7190559620735855
yolo,val,0.5775775775775776,0.5067142660931158,0.8928060825776643,0.35374018459842954,0.5775775775775776,0.7181270123998081
yolo,val,0.5785785785785785,0.5059880302800538,0.8932156228001289,0.35296872847499655,0.5785785785785785,0.7169289591369952
yolo,val,0.5795795795795796,0.5051204228628952,0.8935092951393302,0.35207928715785697,0.5795795795795796,0.7149265905383361
yolo,val,0.5805805805805806,0.5044034185894167,0.8941099669964315,0.35129017156018116,0.5805805805805806,0.7137099505520558
yolo,val,0.5815815815815816,0.5037146970534138,0.8948424049901845,0.3505099118627665,0.5815815815815816,0.7129542077536134
yolo,val,0.5825825825825826,0.50306202867005,0.895172113707043,0.349827799972448,0.5825825825825826,0.712240635947184
yolo,val,0.5835835835835835,0.5022007437865279,0.8956776496671085,0.34891858382697344,0.5835835835835835,0.7111252853498052
yolo,val,0.5845845845845846,0.501291415199182,0.8961239116905665,0.3479739680116888,0.5845845845845846,0.7099645318878405
yolo,val,0.5855855855855856,0.5002695544462672,0.8963606174308025,0.34695450011808976,0.5855855855855856,0.7088683587366175
yolo,val,0.5865865865865866,0.4996984027281546,0.8972437391627338,0.3462735914037746,0.5865865865865866,0.7079966749792186
yolo,val,0.5875875875875876,0.4988213623540811,0.897666708474927,0.3453691995181444,0.5875875875875876,0.7071989919421693
yolo,val,0.5885885885885885,0.4975397834678155,0.8979102098628338,0.3441059189455297,0.5885885885885885,0.705664739884393
yolo,val,0.5895895895895896,0.4968954730944956,0.8984686677537242,0.3434081829453093,0.5895895895895896,0.7045963387330436
yolo,val,0.5905905905905906,0.49605692055436623,0.8989195472341229,0.34254214826618445,0.5905905905905906,0.703811931575664
yolo,val,0.5915915915915916,0.49542408828226586,0.9000016651955959,0.34178261468521837,0.5915915915915916,0.7030513357778941
yolo,val,0.5925925925925926,0.4948674025215342,0.9006432112368056,0.3411608065532917,0.5925925925925926,0.7018173513002055
yolo,val,0.5935935935935935,0.4940017576898539,0.9011426717375763,0.34026725444276074,0.5935935935935935,0.7008783344176968
yolo,val,0.5945945945945946,0.4929952079026894,0.9018441259075014,0.33921354386720337,0.5945945945945946,0.6998864926220204
yolo,val,0.5955955955955956,0.4921481232584247,0.9021696629658039,0.33836616613858655,0.5955955955955956,0.6985942801745032
yolo,val,0.5965965965965966,0.49134835759002976,0.9026675819444611,0.33754085787775123,0.5965965965965966,0.6980177276390008
yolo,val,0.5975975975975976,0.49045052588119914,0.9033558338973704,0.33659836159010176,0.5975975975975976,0.6974725062704997
yolo,val,0.5985985985985985,0.4895586641542282,0.903986046463477,0.33567179434199423,0.5985985985985985,0.6964674958327991
yolo,val,0.5995995995995996,0.48898393524418354,0.9046950838830656,0.3350342882495103,0.5995995995995996,0.6953257292565258
yolo,val,0.6006006006006006,0.48793017445535497,0.9050356788577819,0.3339992901397192,0.6006006006006006,0.6944002038606103
yolo,val,0.6016016016016016,0.4872244703725397,0.9053432183316199,0.3332965973274556,0.6016016016016016,0.6930523375757768
yolo,val,0.6026026026026026,0.4865746667327911,0.9058340421254403,0.3326225089759652,0.6026026026026026,0.6917141049968375
yolo,val,0.6036036036036035,0.48560120609422264,0.9063331246936974,0.331646486130202,0.6036036036036035,0.6911453897353396
yolo,val,0.6046046046046046,0.48475499428622054,0.9070642068837097,0.33076026493499966,0.6046046046046046,0.6899424654950168
yolo,val,0.6056056056056056,0.4842832687557995,0.9078977905893181,0.33021077283372363,0.6056056056056056,0.6882612643642171
yolo,val,0.6066066066066066,0.4834421322008433,0.9082279799203664,0.32938568380386063,0.6066066066066066,0.687439507945924
yolo,val,0.6076076076076076,0.4822450744456069,0.9083865626739759,0.32825458052073286,0.6076076076076076,0.6868479242579962
yolo,val,0.6086086086086087,0.4812899124337816,0.90908135257281,0.32727996781759705,0.6086086086086087,0.686110075785812
yolo,val,0.6096096096096096,0.480307367388851,0.9096022491246708,0.32630487554130927,0.6096096096096096,0.6846175260601937
yolo,val,0.6106106106106106,0.4792367600222129,0.9099036388138568,0.3252788764715299,0.6106106106106106,0.6838532506402543
yolo,val,0.6116116116116116,0.47820068113077224,0.9106248366526489,0.3242334566193605,0.6116116116116116,0.6826050859444667
yolo,val,0.6126126126126126,0.47712840648040744,0.9113442932324809,0.3231577872570651,0.6126126126126126,0.6818349073960506
yolo,val,0.6136136136136137,0.4760596980239634,0.9117260960972267,0.3221303754225106,0.6136136136136137,0.6807054005318011
yolo,val,0.6146146146146146,0.4752514348831723,0.9120995362995306,0.3213442844353945,0.6146146146146146,0.6792412617220801
yolo,val,0.6156156156156156,0.47409436442415787,0.91228364260249,0.32026449924231987,0.6156156156156156,0.6780154756486118
yolo,val,0.6166166166166166,0.47313039566521947,0.9128820438257617,0.31931205406890767,0.6166166166166166,0.6768584044033146
yolo,val,0.6176176176176176,0.47196260566692233,0.9130444216998003,0.31822943263887604,0.6176176176176176,0.6756993006993007
yolo,val,0.6186186186186187,0.4707002757680013,0.9133910323754142,0.31704091472654633,0.6186186186186187,0.6744360676418466
yolo,val,0.6196196196196196,0.46974487005307447,0.914035937102792,0.31609744279955676,0.6196196196196196,0.6733429135979881
yolo,val,0.6206206206206206,0.46885823934104826,0.9144801511626227,0.31524219046157326,0.6206206206206206,0.6722265321955004
yolo,val,0.6216216216216216,0.4679494735750011,0.9151366352578958,0.3143435559738243,0.6216216216216216,0.6713677883900145
yolo,val,0.6226226226226226,0.4667148034448463,0.9154412275248551,0.3131946224255771,0.6226226226226226,0.6707027540360874
yolo,val,0.6236236236236237,0.4656727320317296,0.915763553111239,0.3122193139550902,0.6236236236236237,0.67011072295577
yolo,val,0.6246246246246246,0.4648388348955169,0.9163317090161006,0.3114043783451273,0.6246246246246246,0.6693336482536684
yolo,val,0.6256256256256256,0.463879037074729,0.9166322584640695,0.31050898060746496,0.6256256256256256,0.6682557900002943
yolo,val,0.6266266266266266,0.46297627555057574,0.9167724164333443,0.30968452954952475,0.6266266266266266,0.6676059645415052
yolo,val,0.6276276276276276,0.4620588886574255,0.9173127967365444,0.30880286540845847,0.6276276276276276,0.6661987483184184
yolo,val,0.6286286286286287,0.4613451627580681,0.9177678063957858,0.3081143068673312,0.6286286286286287,0.6650249176696879
yolo,val,0.6296296296296297,0.4604771083710892,0.9185390409647108,0.3072540334008856,0.6296296296296297,0.6640997326514007
yolo,val,0.6306306306306306,0.4593452533987405,0.9186690193036228,0.3062325565062694,0.6306306306306306,0.66292102290828
yolo,val,0.6316316316316316,0.45850156231469713,0.9190836845986469,0.30543723210666424,0.6316316316316316,0.6619417419671468
yolo,val,0.6326326326326326,0.4571362738266056,0.9193916585818315,0.30419294060533136,0.6326326326326326,0.6605868814729574
yolo,val,0.6336336336336337,0.4559878147815257,0.9201232162379134,0.303097245947384,0.6336336336336337,0.6594219520587223
yolo,val,0.6346346346346347,0.45492852778132464,0.9203702106214848,0.30213528034164483,0.6346346346346347,0.6576453123215713
yolo,val,0.6356356356356356,0.4537792095302809,0.9214611225078748,0.3010056481609037,0.6356356356356356,0.656471391583919
yolo,val,0.6366366366366366,0.4526385668128738,0.9219989286884518,0.2999457268261511,0.6366366366366366,0.6549808700580984
yolo,val,0.6376376376376376,0.45147113066757366,0.9226150801232111,0.2988565918170547,0.6376376376376376,0.6537853107344633
yolo,val,0.6386386386386387,0.45014511669165813,0.9233278994311627,0.29762145778080773,0.6386386386386387,0.652738279600169
yolo,val,0.6396396396396397,0.44870451141496953,0.9234213483763156,0.29635362891778805,0.6396396396396397,0.6512482468443198
yolo,val,0.6406406406406406,0.44740873443708173,0.9237011405675023,0.2951956166327722,0.6406406406406406,0.6506155567991047
yolo,val,0.6416416416416416,0.4462817610196925,0.9241199222232013,0.2941727510676402,0.6416416416416416,0.6496596741798706
yolo,val,0.6426426426426426,0.4452748512849052,0.9247541992346311,0.2932345473193799,0.6426426426426426,0.6485832661346383
yolo,val,0.6436436436436437,0.4445183245094782,0.9250693256034555,0.29254718280754927,0.6436436436436437,0.6475055432372505
yolo,val,0.6446446446446447,0.44311984377012037,0.925425349705808,0.29130166092415294,0.6446446446446447,0.6458718635272035
yolo,val,0.6456456456456456,0.4423009521301868,0.9256579803770502,0.2905713591138581,0.6456456456456456,0.6447477026357784
yolo,val,0.6466466466466466,0.44095191236675013,0.9260255920431888,0.2893720972688079,0.6466466466466466,0.6434112777214288
yolo,val,0.6476476476476476,0.4397753626400816,0.9261909574413126,0.2883435331204535,0.6476476476476476,0.6413915416098227
yolo,val,0.6486486486486487,0.43894799805192636,0.926749180088099,0.28757880114288736,0.6486486486486487,0.6395816354251562
yolo,val,0.6496496496496497,0.43772431943546786,0.9270714706918278,0.2864984421190861,0.6496496496496497,0.6376764562712964
yolo,val,0.6506506506506506,0.43698936390386894,0.9277366461719648,0.28580587961037773,0.6506506506506506,0.6366209331787919
yolo,val,0.6516516516516516,0.4360455804329159,0.9281209678317999,0.28496274098974195,0.6516516516516516,0.6353111821429531
yolo,val,0.6526526526526526,0.43490419025305077,0.9283059680207563,0.28397127083614565,0.6526526526526526,0.6334295951655169
yolo,val,0.6536536536536537,0.4340490284768945,0.9286871436713582,0.2832070533131285,0.6536536536536537,0.6322620189745229
yolo,val,0.6546546546546547,0.4329333304913766,0.9291544580952593,0.2822146935306056,0.6546546546546547,0.6314139186352403
yolo,val,0.6556556556556556,0.4315588688849104,0.9296329194032539,0.281003973243807,0.6556556556556556,0.6302937203697327
yolo,val,0.6566566566566566,0.430095308133755,0.9299325890107604,0.27973707646084306,0.6566566566566566,0.6286332225563116
yolo,val,0.6576576576576576,0.42912071445808697,0.9308328574178,0.278832190759052,0.6576576576576576,0.6274973711882229
yolo,val,0.6586586586586587,0.42768987901403893,0.9312328231720108,0.27758961542646365,0.6586586586586587,0.6263623978201635
yolo,val,0.6596596596596597,0.42667600154702884,0.9315866309501262,0.27670478027276485,0.6596596596596597,0.6254702194357367
yolo,val,0.6606606606606606,0.42558832386168227,0.9318442948631945,0.27576801212288193,0.6606606606606606,0.6240241490579785
yolo,val,0.6616616616616616,0.42437606278564616,0.9325053609007803,0.27469348395095744,0.6616616616616616,0.6222406466991398
yolo,val,0.6626626626626626,0.4229901627258979,0.9327904350890094,0.27350874776139966,0.6626626626626626,0.6207288118096418
yolo,val,0.6636636636636637,0.4214814486741527,0.9330466735552407,0.2722266541458887,0.6636636636636637,0.620089584513206
yolo,val,0.6646646646646647,0.4201306571124206,0.933834488523004,0.27103427376997585,0.6646646646646647,0.6186849258860337
yolo,val,0.6656656656656657,0.4189628133692376,0.9341403495699669,0.2700374243497585,0.6656656656656657,0.6172968829841594
yolo,val,0.6666666666666666,0.4178332518828428,0.9344631359102292,0.26907287505166,0.6666666666666666,0.616075975150219
yolo,val,0.6676676676676676,0.41635376886927966,0.9354166137556696,0.2677688091681449,0.6676676676676676,0.6153455542578581
yolo,val,0.6686686686686687,0.4148529522881578,0.9362962707985515,0.26645724312207786,0.6686686686686687,0.6136691193203367
yolo,val,0.6696696696696697,0.4138429935185531,0.936827524482923,0.26558179574958746,0.6696696696696697,0.612689370068816
yolo,val,0.6706706706706707,0.41206627016434655,0.9368655437247083,0.2641171119964374,0.6706706706706707,0.6116680485414939
yolo,val,0.6716716716716716,0.41132496484828074,0.9370920320889735,0.2634904122585883,0.6716716716716716,0.6103753035727698
yolo,val,0.6726726726726726,0.4101721633125604,0.9371551188779339,0.26254009043221965,0.6726726726726726,0.6088073211480438
yolo,val,0.6736736736736737,0.4086006539406516,0.9372342548901669,0.26124764788183213,0.6736736736736737,0.6072821200606016
yolo,val,0.6746746746746747,0.40720290233754036,0.9376208420419939,0.2600761866232573,0.6746746746746747,0.6063036965510411
yolo,val,0.6756756756756757,0.4060124007962368,0.938069056854343,0.2590714974514396,0.6756756756756757,0.6054262226281877
yolo,val,0.6766766766766766,0.4047017615212622,0.9385523530987196,0.25796864367349776,0.6766766766766766,0.6047622565314816
yolo,val,0.6776776776776777,0.40326671358479593,0.9395045610977916,0.25673241789431833,0.6776776776776777,0.603459273797841
yolo,val,0.6786786786786787,0.40173340288314396,0.9397011082382718,0.2554762748139715,0.6786786786786787,0.6024653312788906
yolo,val,0.6796796796796797,0.4003466354361023,0.9403030071660782,0.2543116095573297,0.6796796796796797,0.6012136868785338
yolo,val,0.6806806806806807,0.39898280348737597,0.940820927600194,0.2531744374000402,0.6806806806806807,0.5998349033699135
yolo,val,0.6816816816816816,0.39777405036165914,0.9415621833609912,0.2521486003790729,0.6816816816816816,0.5987754410590257
yolo,val,0.6826826826826827,0.3962293390805862,0.9418696711185657,0.25088664714551384,0.6826826826826827,0.5978958544471792
yolo,val,0.6836836836836837,0.3949080398697497,0.9420266388849051,0.24981706552124297,0.6836836836836837,0.596686544195441
yolo,val,0.6846846846846847,0.3931175612561031,0.9426867997863171,0.24833991369094396,0.6846846846846847,0.5948773189706762
yolo,val,0.6856856856856857,0.39143319017578687,0.9427880694828398,0.24699011697389722,0.6856856856856857,0.5938864628820961
yolo,val,0.6866866866866866,0.38983692158253647,0.9433977377707058,0.24567899288049652,0.6866866866866866,0.592441169479439
yolo,val,0.6876876876876877,0.38827242072362794,0.9432293666979996,0.24444886888079273,0.6876876876876877,0.5909144710366214
yolo,val,0.6886886886886887,0.38711387486156656,0.9437252241241392,0.2434981155532575,0.6886886886886887,0.5901825136353978
yolo,val,0.6896896896896897,0.3854786529040237,0.9441451651565501,0.24217792014888948,0.6896896896896897,0.5893819894055327
yolo,val,0.6906906906906907,0.384116308354657,0.944315229662794,0.24109236839485257,0.6906906906906907,0.5876878355252362
yolo,val,0.6916916916916916,0.3821658596676756,0.9443875651780472,0.23955294363801347,0.6916916916916916,0.5859726922628078
yolo,val,0.6926926926926927,0.3804244023307519,0.9447008974302958,0.2381661090917493,0.6926926926926927,0.58524208566108
yolo,val,0.6936936936936937,0.3786646778172725,0.9449132555624923,0.23677495394365394,0.6936936936936937,0.5839053803339518
yolo,val,0.6946946946946947,0.3772334136105348,0.9451845954550261,0.23563993184533208,0.6946946946946947,0.5829345539450262
yolo,val,0.6956956956956957,0.37550931648217545,0.9454096990235101,0.2342821803899848,0.6956956956956957,0.5814987103905674
yolo,val,0.6966966966966966,0.37417926171493665,0.9460177180477447,0.23321064095734625,0.6966966966966966,0.5804401202414007
yolo,val,0.6976976976976977,0.3726444230504398,0.9462834734646328,0.232003443248866,0.6976976976976977,0.5796726565182557
yolo,val,0.6986986986986987,0.37089357561653485,0.9469393697549355,0.2306087656445967,0.6986986986986987,0.5778273945138066
yolo,val,0.6996996996996997,0.36928765450632456,0.9480552227482842,0.22930302823428447,0.6996996996996997,0.5757946764612525
yolo,val,0.7007007007007007,0.3674151416560168,0.9480694001911827,0.2278600523924596,0.7007007007007007,0.5747604411498825
yolo,val,0.7017017017017017,0.3655576910651277,0.9485193802198392,0.2264073395992395,0.7017017017017017,0.573174299538652
yolo,val,0.7027027027027027,0.36402089844911195,0.9489196898557678,0.22520696045665237,0.7027027027027027,0.5721817162086371
yolo,val,0.7037037037037037,0.36243821949646393,0.949317744909915,0.22397451150861775,0.7037037037037037,0.5702866839331964
yolo,val,0.7047047047047047,0.36079203485907485,0.9496005953528327,0.22270299796298285,0.7047047047047047,0.5686021696603236
yolo,val,0.7057057057057057,0.3588086434781152,0.9497218804763391,0.2211869739629158,0.7057057057057057,0.5673089700996677
yolo,val,0.7067067067067067,0.35700921199711916,0.9505469597264262,0.2197768162715371,0.7067067067067067,0.5662097432841092
yolo,val,0.7077077077077077,0.3551750799341136,0.9505895778529424,0.21838605382066026,0.7077077077077077,0.5647977132805628
yolo,val,0.7087087087087087,0.35358334399318025,0.9511263123499256,0.21715573897554885,0.7087087087087087,0.5624398775688675
yolo,val,0.7097097097097097,0.3516368652674043,0.9512709041600905,0.21568176712398335,0.7097097097097097,0.5611004617931515
yolo,val,0.7107107107107107,0.3499403856698026,0.9516885790890743,0.21438546730564653,0.7107107107107107,0.5590931749712824
yolo,val,0.7117117117117117,0.3485674973862233,0.9523953719642905,0.21332033952416493,0.7117117117117117,0.5580350392084854
yolo,val,0.7127127127127127,0.346823404615646,0.952819296936036,0.2119943626572407,0.7127127127127127,0.5563967994493676
yolo,val,0.7137137137137137,0.34501190760878914,0.953474455844501,0.21061031271288697,0.7137137137137137,0.5550674951789157
yolo,val,0.7147147147147147,0.34404178511139755,0.9539727064930126,0.2098636175781788,0.7147147147147147,0.5532899648075077
yolo,val,0.7157157157157157,0.34213944050227396,0.9543336051592629,0.20843241467721144,0.7157157157157157,0.5518801784576163
yolo,val,0.7167167167167167,0.34015683434861904,0.9551084136339303,0.20692626772648434,0.7167167167167167,0.5499788583509514
yolo,val,0.7177177177177178,0.3380396967351322,0.9561195238408535,0.2053147548862571,0.7177177177177178,0.5486751758709297
yolo,val,0.7187187187187187,0.3360359725688236,0.9564306655345596,0.20382416299622996,0.7187187187187187,0.5471840587309911
yolo,val,0.7197197197197197,0.3345914826575833,0.9570770927886203,0.20273322667206714,0.7197197197197197,0.5458534444931987
yolo,val,0.7207207207207207,0.3323865159598443,0.9574962157995484,0.20109796637894833,0.7207207207207207,0.5446614474889647
yolo,val,0.7217217217217217,0.3304725385173533,0.9581657288506928,0.19966937594710016,0.7217217217217217,0.5435662260588077
yolo,val,0.7227227227227228,0.32852749496823674,0.958059757258895,0.19825557712959863,0.7227227227227228,0.5417596034696407
yolo,val,0.7237237237237237,0.3268572410269861,0.9584504947878623,0.19702381439079492,0.7237237237237237,0.5400604453216554
yolo,val,0.7247247247247247,0.32412258754972323,0.9588210856387848,0.1950246325479451,0.7247247247247247,0.5386521409702455
yolo,val,0.7257257257257257,0.3223666106917381,0.9588237083995386,0.19375444620427865,0.7257257257257257,0.5371752518455075
yolo,val,0.7267267267267267,0.3205672163678314,0.9590817187410055,0.19244547075334267,0.7267267267267267,0.5359762664336659
yolo,val,0.7277277277277278,0.31901453907831545,0.9593799090203501,0.19131554473199328,0.7277277277277278,0.5342867545917954
yolo,val,0.7287287287287287,0.3170701712040202,0.9598906561111292,0.1898986578934823,0.7287287287287287,0.5323216873289326
yolo,val,0.7297297297297297,0.3150986016175391,0.9605403053240631,0.18846095740984845,0.7297297297297297,0.530833517045113
yolo,val,0.7307307307307307,0.31279699481025963,0.9609115741901122,0.1868025898884144,0.7307307307307307,0.5290644324755636
yolo,val,0.7317317317317317,0.3106213083017134,0.9609813561817999,0.18525018060001458,0.7317317317317317,0.527728654598923
yolo,val,0.7327327327327328,0.30849836874179765,0.9610882291832078,0.183738102925432,0.7327327327327328,0.5265502494654312
yolo,val,0.7337337337337337,0.3062694368434528,0.9610437799297529,0.18216056192734284,0.7337337337337337,0.5248315005321036
yolo,val,0.7347347347347347,0.30387229278189504,0.9616753862138602,0.18044482109118803,0.7347347347347347,0.5230959339387639
yolo,val,0.7357357357357357,0.3013204050052381,0.9618738438196472,0.17864111340209374,0.7357357357357357,0.5215625
yolo,val,0.7367367367367368,0.29949719797296054,0.962896763165121,0.17732615973897214,0.7367367367367368,0.5202132212754368
yolo,val,0.7377377377377378,0.2974255866413133,0.9637591462110819,0.17584682664134257,0.7377377377377378,0.51858235692844
yolo,val,0.7387387387387387,0.2959704271449243,0.9639937474024368,0.1748227067213393,0.7387387387387387,0.5163781316797935
yolo,val,0.7397397397397397,0.2938854317653477,0.9643787884819577,0.17335721173715388,0.7397397397397397,0.5150590853284224
yolo,val,0.7407407407407407,0.29139321675191404,0.9648368418088901,0.1716109766683002,0.7407407407407407,0.5134835752482811
yolo,val,0.7417417417417418,0.289400677102363,0.9653123792920506,0.17021566971537333,0.7417417417417418,0.5118640200775725
yolo,val,0.7427427427427428,0.2874988718004421,0.9653555711001574,0.16890005179308223,0.7427427427427428,0.5103261589717379
yolo,val,0.7437437437437437,0.2857886858532143,0.9651218956559171,0.1677278493843371,0.7437437437437437,0.5087349000244992
yolo,val,0.7447447447447447,0.2836405046859524,0.9655919336926596,0.1662359787268596,0.7447447447447447,0.5068534248373366
yolo,val,0.7457457457457457,0.2813027910315183,0.9663567760711119,0.16461008044914907,0.7457457457457457,0.5055755832414965
yolo,val,0.7467467467467468,0.27902850741430174,0.9669903113545252,0.16303665874543402,0.7467467467467468,0.5038010445902492
yolo,val,0.7477477477477478,0.27709928222581487,0.9676831993656715,0.1617015240169926,0.7477477477477478,0.5023042327552701
yolo,val,0.7487487487487487,0.2745967019770586,0.9681545696237257,0.15998679787183562,0.7487487487487487,0.5007001252855774
yolo,val,0.7497497497497497,0.27235324824081353,0.9685088197345282,0.15845627767045134,0.7497497497497497,0.4986257695690413
yolo,val,0.7507507507507507,0.2703867659562105,0.9690706159489239,0.15711177825069117,0.7507507507507507,0.49707218300224376
yolo,val,0.7517517517517518,0.26792477981890533,0.9689177708584962,0.15545566047183193,0.7517517517517518,0.495010885341074
yolo,val,0.7527527527527528,0.26527318307637776,0.969072657586231,0.15366923961371784,0.7527527527527528,0.49353323699421964
yolo,val,0.7537537537537538,0.26258154104567355,0.9695664932539074,0.1518535352040348,0.7537537537537538,0.4918380555156048
yolo,val,0.7547547547547547,0.2602204518970988,0.9704600357164109,0.1502550164865028,0.7547547547547547,0.4901504714533646
yolo,val,0.7557557557557557,0.2572710798300601,0.9709534770091726,0.1482802624129458,0.7557557557557557,0.4884524297085062
yolo,val,0.7567567567567568,0.25480711991052635,0.9716992523394069,0.1466286575551798,0.7567567567567568,0.4870562785914394
yolo,val,0.7577577577577578,0.2520056596340399,0.9720647850177191,0.1447682559472266,0.7577577577577578,0.4854475175176942
yolo,val,0.7587587587587588,0.2490923443631466,0.9726092557815432,0.14283696835588122,0.7587587587587588,0.48386303343347564
yolo,val,0.7597597597597597,0.2471928642566117,0.9731090918895787,0.14157859856139907,0.7597597597597597,0.48220749471033625
yolo,val,0.7607607607607607,0.24495489428948974,0.9732072817967832,0.14011021896969128,0.7607607607607607,0.48098663926002055
yolo,val,0.7617617617617618,0.24263170704059986,0.9738611266844106,0.13857890895985056,0.7617617617617618,0.4790609027116001
yolo,val,0.7627627627627628,0.23919808274357052,0.9742091978465893,0.13633641640609628,0.7627627627627628,0.47751694637528674
yolo,val,0.7637637637637638,0.23562865259070123,0.9749440055553361,0.13400815998970014,0.7637637637637638,0.4754399204198539
yolo,val,0.7647647647647647,0.23256481321484646,0.9757660737459845,0.13201464050947156,0.7647647647647647,0.4740581343716911
yolo,val,0.7657657657657657,0.2298787873927726,0.9756541165113437,0.13028834018598073,0.7657657657657657,0.47241391032396235
yolo,val,0.7667667667667668,0.22725801485812988,0.9763615702240477,0.128594886643691,0.7667667667667668,0.4699922320915938
yolo,val,0.7677677677677678,0.2244369979246232,0.9760343958683314,0.12679682700010228,0.7677677677677678,0.4686207244475835
yolo,val,0.7687687687687688,0.22181296865440134,0.9773978473935372,0.1251019498449313,0.7687687687687688,0.46636359078069894
yolo,val,0.7697697697697697,0.21921693917498009,0.9775288044740628,0.12345077299069562,0.7697697697697697,0.46444481382978725
yolo,val,0.7707707707707707,0.21599257090186613,0.9773767784152185,0.12141181267472892,0.7707707707707707,0.4628952462895246
yolo,val,0.7717717717717718,0.2136478907617314,0.9779805285916954,0.11992303172958531,0.7717717717717718,0.46023166023166023
yolo,val,0.7727727727727728,0.21079772712474168,0.9789765880926697,0.11811544289847087,0.7727727727727728,0.4593514575827055
yolo,val,0.7737737737737738,0.20769241338954847,0.9788735947307268,0.11617043196171031,0.7737737737737738,0.45817902996884025
yolo,val,0.7747747747747747,0.2036147225116562,0.9791068196188147,0.11362172943658015,0.7747747747747747,0.4567173390502176
yolo,val,0.7757757757757757,0.20050147811022107,0.9794610923558269,0.11168169029830909,0.7757757757757757,0.45523184375606285
yolo,val,0.7767767767767768,0.19795769154623727,0.9796528270585586,0.11010306667525009,0.7767767767767768,0.45403159572926227
yolo,val,0.7777777777777778,0.19490347570025818,0.9805259876581186,0.10820603310001913,0.7777777777777778,0.4519186130276786
yolo,val,0.7787787787787788,0.19223725180298692,0.9812253007659629,0.10655667874592142,0.7787787787787788,0.4500525427506926
yolo,val,0.7797797797797797,0.1899196024880537,0.9812283857374059,0.10513432848111685,0.7797797797797797,0.4484567118772975
yolo,val,0.7807807807807807,0.1866822898077513,0.9808755852581923,0.10315774348960279,0.7807807807807807,0.44725005918093585
yolo,val,0.7817817817817818,0.1836965608420069,0.9810614636510192,0.10133543915345904,0.7817817817817818,0.44498808179651234
yolo,val,0.7827827827827828,0.1800151286841796,0.9811772238070602,0.09909827064335598,0.7827827827827828,0.44315505435715064
yolo,val,0.7837837837837838,0.1766988192958998,0.9807964684404705,0.09709571914411458,0.7837837837837838,0.44167054805154476
yolo,val,0.7847847847847848,0.17338061963266144,0.9809574661411238,0.09509407346000179,0.7847847847847848,0.4397375530683134
yolo,val,0.7857857857857857,0.17025663713160985,0.982287555000852,0.09320584853767165,0.7857857857857857,0.4377407720052183
yolo,val,0.7867867867867868,0.16744053722888325,0.9822576960253989,0.09152081555111202,0.7867867867867868,0.43549936711756365
yolo,val,0.7877877877877878,0.1646383621346618,0.982524811193572,0.08984684735247254,0.7877877877877878,0.43364120296646796
yolo,val,0.7887887887887888,0.16150604832558552,0.9827656442328487,0.08798246947912339,0.7887887887887888,0.432007484307098
yolo,val,0.7897897897897898,0.15750299302819787,0.9822975764484584,0.08561533925653071,0.7897897897897898,0.4301168844809219
yolo,val,0.7907907907907907,0.154060927879415,0.9818760362527308,0.08358814909210152,0.7907907907907907,0.42828578249970156
yolo,val,0.7917917917917918,0.15061313485685335,0.9824105087986786,0.08155841888580823,0.7917917917917918,0.4265085631177466
yolo,val,0.7927927927927928,0.14749555291724983,0.983682421195632,0.0797248370794602,0.7927927927927928,0.4241910518169087
yolo,val,0.7937937937937938,0.1434916215291318,0.9838869944952524,0.07738908337858341,0.7937937937937938,0.422289968927713
yolo,val,0.7947947947947948,0.13936774054875475,0.9840920679420887,0.07499423580784652,0.7947947947947948,0.42089290925007294
yolo,val,0.7957957957957957,0.13602787915173326,0.9847736897425985,0.07305985915925618,0.7957957957957957,0.41878470661582406
yolo,val,0.7967967967967968,0.13237199626297547,0.9847054937765045,0.0709551798085572,0.7967967967967968,0.41712340621935035
yolo,val,0.7977977977977978,0.12864506028846828,0.9854021468024773,0.06881441967183731,0.7977977977977978,0.4151600739795553
yolo,val,0.7987987987987988,0.12459511707228224,0.9857063145021318,0.06650044894029802,0.7987987987987988,0.41330596302156836
yolo,val,0.7997997997997998,0.12130346248193218,0.9857124043948313,0.06462837040560011,0.7997997997997998,0.4116654376311759
yolo,val,0.8008008008008007,0.117755036850627,0.9852608190273594,0.06261955714046548,0.8008008008008007,0.40991721550763677
yolo,val,0.8018018018018018,0.11452460304160068,0.9870265565545819,0.060788970950934454,0.8018018018018018,0.4082371259836997
yolo,val,0.8028028028028028,0.11113754384929236,0.9875238339462805,0.058882116675963894,0.8028028028028028,0.4058895637153842
yolo,val,0.8038038038038038,0.10732551239080097,0.9880070180286088,0.05674480156145963,0.8038038038038038,0.4034544272814017
yolo,val,0.8048048048048048,0.10286587002693248,0.9879595346527066,0.05425757107304902,0.8048048048048048,0.40114251187827854
yolo,val,0.8058058058058059,0.09905417640981067,0.9874772008501276,0.05214229388907405,0.8058058058058059,0.3993964057464358
yolo,val,0.8068068068068068,0.09487145281955238,0.9874424056031309,0.049829484017917924,0.8068068068068068,0.39699044262183963
yolo,val,0.8078078078078078,0.09124855593883587,0.9886108139045714,0.04783170581796768,0.8078078078078078,0.3943245242418129
yolo,val,0.8088088088088088,0.0875457893300896,0.9886994489547077,0.04580063565576918,0.8088088088088088,0.3920382463309429
yolo,val,0.8098098098098098,0.08385666531693571,0.9888002233837471,0.04378495666086862,0.8098098098098098,0.3901380408813379
yolo,val,0.8108108108108109,0.08032398457457288,0.9882921150515531,0.04186322040540741,0.8108108108108109,0.38771342748735244
yolo,val,0.8118118118118118,0.0766336815065884,0.9883863736041427,0.03986218057795712,0.8118118118118118,0.3861021568781613
yolo,val,0.8128128128128128,0.07330073649222056,0.9899667873370901,0.038059396209623515,0.8128128128128128,0.38361614979520187
yolo,val,0.8138138138138138,0.07015146416357591,0.9895041436172801,0.03636478316849444,0.8138138138138138,0.381667355799049
yolo,val,0.8148148148148148,0.06725600410606569,0.9905913191735847,0.03480970097695965,0.8148148148148148,0.3793435179128026
yolo,val,0.8158158158158159,0.06380660306626101,0.9908899057316143,0.03296465175873093,0.8158158158158159,0.3775709276378706
yolo,val,0.8168168168168168,0.06090874011482408,0.9904464671470747,0.03142049119362298,0.8168168168168168,0.37555420435256265
yolo,val,0.8178178178178178,0.058036749492687036,0.9899637491062153,0.029894663966716906,0.8178178178178178,0.3730051019125889
yolo,val,0.8188188188188188,0.05552262775107395,0.9913927042644263,0.028561091213409974,0.8188188188188188,0.37084638324952274
yolo,val,0.8198198198198198,0.05265844706198797,0.9909155455950103,0.0270479026122624,0.8198198198198198,0.36894636347856274
yolo,val,0.8208208208208209,0.049716288832205295,0.9914294537568521,0.025497442663257607,0.8208208208208209,0.3666572311176203
yolo,val,0.8218218218218218,0.047056507123610314,0.9920608155620978,0.024099817944240893,0.8218218218218218,0.3646220418540974
yolo,val,0.8228228228228228,0.044962734309027946,0.9916853537966037,0.023002838254614494,0.8228228228228228,0.3618947215355533
yolo,val,0.8238238238238238,0.04248346288359085,0.9911933349660492,0.021706920790424692,0.8238238238238238,0.3596377282240023
yolo,val,0.8248248248248248,0.04078803251738109,0.9908227562472041,0.02082260609947026,0.8248248248248248,0.3564853955061264
yolo,val,0.8258258258258259,0.03801891221225943,0.9901471341978335,0.019381555170559946,0.8258258258258259,0.35472189349112426
yolo,val,0.8268268268268268,0.035088236517832626,0.9893172083521491,0.017860854839318343,0.8268268268268268,0.3533581386586285
yolo,val,0.8278278278278278,0.033295320671974,0.988738271336208,0.016932761942284002,0.8278278278278278,0.3511681451094515
yolo,val,0.8288288288288288,0.031318678962381545,0.9880241225623462,0.015911523555782785,0.8288288288288288,0.34880862658704853
yolo,val,0.8298298298298298,0.029031008604600898,0.9889030313486005,0.014731742564081987,0.8298298298298298,0.3460950695729108
yolo,val,0.8308308308308309,0.02691471016593835,0.9880282284016135,0.013643180876441155,0.8308308308308309,0.34452975047984646
yolo,val,0.8318318318318318,0.025064810229406525,0.9871441125264386,0.01269355768117114,0.8318318318318318,0.3420647149460709
yolo,val,0.8328328328328328,0.02324171385045694,0.988420470578363,0.01175910873633595,0.8328328328328328,0.3396786155747837
yolo,val,0.8338338338338338,0.021179675440754955,0.9872943236223582,0.010704657161224384,0.8338338338338338,0.33663696733073045
yolo,val,0.8348348348348348,0.019947316360506905,0.9891798431290514,0.01007524440287493,0.8348348348348348,0.3341862337461812
yolo,val,0.8358358358358359,0.018405518704538312,0.9882750666664053,0.009289260399294078,0.8358358358358359,0.3323983784376027
yolo,val,0.8368368368368369,0.01728845859899603,0.9875199723294406,0.008720564524591048,0.8368368368368369,0.3305904761904762
yolo,val,0.8378378378378378,0.016195681245787442,0.9866818718635579,0.008164850732051799,0.8378378378378378,0.3286253066341031
yolo,val,0.8388388388388388,0.015054500537140057,0.9892200957248808,0.007584966383002289,0.8388388388388388,0.3269720238414863
yolo,val,0.8398398398398398,0.014365205459689586,0.9924411959053492,0.007234964396448989,0.8398398398398398,0.32524194150723956
yolo,val,0.8408408408408409,0.013528307402117516,0.9919739926619335,0.006810594340892201,0.8408408408408409,0.3228908779280137
yolo,val,0.8418418418418419,0.012776396917897552,0.9915024597914464,0.0064296241911229466,0.8418418418418419,0.3212633526789469
yolo,val,0.8428428428428428,0.012164854094012053,0.991076385441716,0.006119986585789843,0.8428428428428428,0.3186429732094496
yolo,val,0.8438438438438438,0.011357992686074158,0.9904446493839825,0.005711746266193557,0.8438438438438438,0.3162715294700756
yolo,val,0.8448448448448448,0.010566728131156066,0.9897324260724484,0.00531171894642127,0.8448448448448448,0.31373993472277645
yolo,val,0.8458458458458459,0.010209543782439254,0.9893751328951329,0.005131247031682871,0.8458458458458459,0.3114221951714344
yolo,val,0.8468468468468469,0.009476718015724238,0.9885587545974425,0.00476118029332036,0.8468468468468469,0.30932493358022706
yolo,val,0.8478478478478478,0.008581379254999917,0.9873744343136436,0.004309416432392266,0.8478478478478478,0.3066811504654083
yolo,val,0.8488488488488488,0.0076514527350767985,0.9858551273382178,0.0038406303838792667,0.8488488488488488,0.30403118369763654
yolo,val,0.8498498498498498,0.007185151525799928,0.9849475828754735,0.003605727579030348,0.8498498498498498,0.30243935917799086
yolo,val,0.8508508508508509,0.006589447375276941,0.9836043760321362,0.003305796927764103,0.8508508508508509,0.300180796671786
yolo,val,0.8518518518518519,0.006246773667694865,0.9827173580928029,0.003133345597988574,0.8518518518518519,0.29749728174584084
yolo,val,0.8528528528528528,0.005949036329237576,0.9818653875699338,0.0029835567189542907,0.8528528528528528,0.29470848090178603
yolo,val,0.8538538538538538,0.005430626540399004,0.9801635781357299,0.0027228563048749344,0.8538538538538538,0.2921198981996418
yolo,val,0.8548548548548548,0.005053842067130505,0.9892414066048134,0.0025333923380846937,0.8548548548548548,0.28925558196988765
yolo,val,0.8558558558558559,0.0048784944236614875,0.9888578531175528,0.0024452790596941176,0.8558558558558559,0.28690568547046436
yolo,val,0.8568568568568569,0.004440345058503286,0.987769149245274,0.002225173971266294,0.8568568568568569,0.2842636346187242
yolo,val,0.8578578578578578,0.004253862913111032,0.9872385023388233,0.002131523664742487,0.8578578578578578,0.2820800869722776
yolo,val,0.8588588588588588,0.0038570722234297365,0.9859415887231161,0.001932315788746914,0.8588588588588588,0.27971896198987833
yolo,val,0.8598598598598598,0.0034413528813210547,1.0,0.0017236422713088953,0.8598598598598598,0.27755149229838855
yolo,val,0.8608608608608609,0.0031598742902829565,1.0,0.0015824372966062438,0.8608608608608609,0.27477552743358163
yolo,val,0.8618618618618619,0.0027621107597115813,1.0,0.0013829653315671055,0.8618618618618619,0.2725079055343096
yolo,val,0.8628628628628628,0.002549439766803902,1.0,0.001276346868132878,0.8628628628628628,0.2700479426068361
yolo,val,0.8638638638638638,0.0022443421445164763,1.0,0.0011234317548752153,0.8638638638638638,0.26671090015141463
yolo,val,0.8648648648648649,0.001957883410636784,1.0,0.0009799009712462268,0.8648648648648649,0.2643875651683217
yolo,val,0.8658658658658659,0.0016919564085860434,1.0,0.0008466944893767295,0.8658658658658659,0.2624669066370462
yolo,val,0.8668668668668669,0.001634482708001501,1.0,0.0008179097836998317,0.8668668668668669,0.259921683960082
yolo,val,0.8678678678678678,0.0016040656091390554,1.0,0.0008026765775161553,0.8678678678678678,0.25715965124253015
yolo,val,0.8688688688688688,0.0015236833503603736,1.0,0.0007624225204303465,0.8688688688688688,0.25537290468863877
yolo,val,0.8698698698698699,0.0014966105928339774,1.0,0.0007488656765690702,0.8698698698698699,0.25276608009222934
yolo,val,0.8708708708708709,0.0014339540138317132,1.0,0.0007174914317750985,0.8708708708708709,0.25008109498002296
yolo,val,0.8718718718718719,0.0013800001794075287,1.0,0.0006904765185635116,0.8718718718718719,0.24751863468201762
yolo,val,0.8728728728728729,0.0011710124851382047,1.0,0.0005858492609686039,0.8728728728728729,0.24511032711292668
yolo,val,0.8738738738738738,0.000973461134012851,1.0,0.0004869675890171415,0.8738738738738738,0.24281536600676742
yolo,val,0.8748748748748749,0.0008155266992697805,1.0,0.00040792968841105225,0.8748748748748749,0.24088726378953276
yolo,val,0.8758758758758759,0.0007282467977880783,1.0,0.0003642560330388569,0.8758758758758759,0.23879991586791263
yolo,val,0.8768768768768769,0.0006043870056621641,1.0,0.000302284851349164,0.8768768768768769,0.23651415280120683
yolo,val,0.8778778778778779,0.000566732276084136,1.0,0.00028344645716997795,0.8778778778778779,0.2343440880776048
yolo,val,0.8788788788788788,0.0004958991217502623,1.0,0.00024801105510733717,0.8788788788788788,0.2329193226873453
yolo,val,0.8798798798798799,0.00045029563600852874,1.0,0.00022519852095987625,0.8798798798798799,0.23024404311308172
yolo,val,0.8808808808808809,0.00037181738156566083,1.0,0.00018594325925071762,0.8808808808808809,0.22773927475016562
yolo,val,0.8818818818818819,0.00032740930513126105,1.0,0.00016373145616677639,0.8818818818818819,0.2251088340166961
yolo,val,0.8828828828828829,0.00031596617810796294,1.0,0.00015800805165407718,0.8828828828828829,0.22230161427947084
yolo,val,0.8838838838838838,0.00030452292011731946,1.0,0.00015228464714137798,0.8838838838838838,0.22013696374166278
yolo,val,0.8848848848848849,0.0002930795311570809,1.0,0.00014656124262867813,0.8848848848848849,0.21606948238048465
yolo,val,0.8858858858858859,0.00028163601122500133,1.0,0.00014083783811597893,0.8858858858858859,0.21371458196247334
yolo,val,0.8868868868868869,0.00021598627033482038,1.0,0.00010800479894426131,0.8868868868868869,0.21138275447686217
yolo,val,0.8878878878878879,0.00016463147739355624,1.0,8.232251513542286e-05,0.8878878878878879,0.20861358001514788
yolo,val,0.8888888888888888,0.00013196723331902258,1.0,6.598797078447968e-05,0.8888888888888888,0.2064475258675301
yolo,val,0.8898898898898899,9.675749061432575e-05,1.0,4.838108592339644e-05,0.8898898898898899,0.20411142427421292
yolo,val,0.8908908908908909,5.646547723230043e-05,1.0,2.8233535726184584e-05,0.8908908908908909,0.20136756820715296
yolo,val,0.8918918918918919,0.0,1.0,0.0,0.8918918918918919,0.1992773027510511
yolo,val,0.8928928928928929,0.0,1.0,0.0,0.8928928928928929,0.19684996325159598
yolo,val,0.8938938938938938,0.0,1.0,0.0,0.8938938938938938,0.19509907092816983
yolo,val,0.8948948948948949,0.0,1.0,0.0,0.8948948948948949,0.19199191389002182
yolo,val,0.8958958958958959,0.0,1.0,0.0,0.8958958958958959,0.18959907640638118
yolo,val,0.8968968968968969,0.0,1.0,0.0,0.8968968968968969,0.1875896803489826
yolo,val,0.8978978978978979,0.0,1.0,0.0,0.8978978978978979,0.18532735099601366
yolo,val,0.8988988988988988,0.0,1.0,0.0,0.8988988988988988,0.18270706165649325
yolo,val,0.8998998998998999,0.0,1.0,0.0,0.8998998998998999,0.18081967303870278
yolo,val,0.9009009009009009,0.0,1.0,0.0,0.9009009009009009,0.1786459642260077
yolo,val,0.9019019019019019,0.0,1.0,0.0,0.9019019019019019,0.17620398430393103
yolo,val,0.9029029029029029,0.0,1.0,0.0,0.9029029029029029,0.17275080257879505
yolo,val,0.9039039039039038,0.0,1.0,0.0,0.9039039039039038,0.17075227180464042
yolo,val,0.9049049049049049,0.0,1.0,0.0,0.9049049049049049,0.1687110891943537
yolo,val,0.9059059059059059,0.0,1.0,0.0,0.9059059059059059,0.16500557044352776
yolo,val,0.9069069069069069,0.0,1.0,0.0,0.9069069069069069,0.16216708870737306
yolo,val,0.9079079079079079,0.0,1.0,0.0,0.9079079079079079,0.15979768884233597
yolo,val,0.9089089089089089,0.0,1.0,0.0,0.9089089089089089,0.1569283169296489
yolo,val,0.9099099099099099,0.0,1.0,0.0,0.9099099099099099,0.15395444671309633
yolo,val,0.9109109109109109,0.0,1.0,0.0,0.9109109109109109,0.15119033464728962
yolo,val,0.9119119119119119,0.0,1.0,0.0,0.9119119119119119,0.1493740353284171
yolo,val,0.9129129129129129,0.0,1.0,0.0,0.9129129129129129,0.14626620581886562
yolo,val,0.9139139139139139,0.0,1.0,0.0,0.9139139139139139,0.14482427417594412
yolo,val,0.914914914914915,0.0,1.0,0.0,0.914914914914915,0.14172189952669742
yolo,val,0.9159159159159159,0.0,1.0,0.0,0.9159159159159159,0.13958800460198692
yolo,val,0.9169169169169169,0.0,1.0,0.0,0.9169169169169169,0.13730505817311658
yolo,val,0.9179179179179179,0.0,1.0,0.0,0.9179179179179179,0.13464110926556824
yolo,val,0.9189189189189189,0.0,1.0,0.0,0.9189189189189189,0.13200744082957333
yolo,val,0.91991991991992,0.0,1.0,0.0,0.91991991991992,0.12904709451755658
yolo,val,0.9209209209209209,0.0,1.0,0.0,0.9209209209209209,0.12662711581882377
yolo,val,0.9219219219219219,0.0,1.0,0.0,0.9219219219219219,0.12344549502521517
yolo,val,0.9229229229229229,0.0,1.0,0.0,0.9229229229229229,0.12107171126106427
yolo,val,0.9239239239239239,0.0,1.0,0.0,0.9239239239239239,0.11856718064399792
yolo,val,0.924924924924925,0.0,1.0,0.0,0.924924924924925,0.11623180578060299
yolo,val,0.9259259259259259,0.0,1.0,0.0,0.9259259259259259,0.1145370395615781
yolo,val,0.9269269269269269,0.0,1.0,0.0,0.9269269269269269,0.11216614044855787
yolo,val,0.9279279279279279,0.0,1.0,0.0,0.9279279279279279,0.10981200237360861
yolo,val,0.9289289289289289,0.0,1.0,0.0,0.9289289289289289,0.1075457796008459
yolo,val,0.92992992992993,0.0,1.0,0.0,0.92992992992993,0.1051192370820006
yolo,val,0.9309309309309309,0.0,1.0,0.0,0.9309309309309309,0.10329015947934594
yolo,val,0.9319319319319319,0.0,1.0,0.0,0.9319319319319319,0.10084401897328416
yolo,val,0.9329329329329329,0.0,1.0,0.0,0.9329329329329329,0.09832338320014868
yolo,val,0.933933933933934,0.0,1.0,0.0,0.933933933933934,0.09654826701300773
yolo,val,0.934934934934935,0.0,1.0,0.0,0.934934934934935,0.09443161263392236
yolo,val,0.9359359359359359,0.0,1.0,0.0,0.9359359359359359,0.09270731560877894
yolo,val,0.9369369369369369,0.0,1.0,0.0,0.9369369369369369,0.0902748835295523
yolo,val,0.9379379379379379,0.0,1.0,0.0,0.9379379379379379,0.08830090212536378
yolo,val,0.938938938938939,0.0,1.0,0.0,0.938938938938939,0.08632424723706175
yolo,val,0.93993993993994,0.0,1.0,0.0,0.93993993993994,0.08452274478422123
yolo,val,0.9409409409409409,0.0,1.0,0.0,0.9409409409409409,0.0820117763454907
yolo,val,0.9419419419419419,0.0,1.0,0.0,0.9419419419419419,0.08014684680249527
yolo,val,0.9429429429429429,0.0,1.0,0.0,0.9429429429429429,0.07806619374558062
yolo,val,0.943943943943944,0.0,1.0,0.0,0.943943943943944,0.07616737659288769
yolo,val,0.944944944944945,0.0,1.0,0.0,0.944944944944945,0.07365956852764623
yolo,val,0.9459459459459459,0.0,1.0,0.0,0.9459459459459459,0.07060004071418437
yolo,val,0.9469469469469469,0.0,1.0,0.0,0.9469469469469469,0.06909139885457437
yolo,val,0.9479479479479479,0.0,1.0,0.0,0.9479479479479479,0.06673067039051969
yolo,val,0.948948948948949,0.0,1.0,0.0,0.948948948948949,0.0647907088735224
yolo,val,0.94994994994995,0.0,1.0,0.0,0.94994994994995,0.06256067091370623
yolo,val,0.950950950950951,0.0,1.0,0.0,0.950950950950951,0.0
yolo,val,0.9519519519519519,0.0,1.0,0.0,0.9519519519519519,0.0
yolo,val,0.9529529529529529,0.0,1.0,0.0,0.9529529529529529,0.0
yolo,val,0.953953953953954,0.0,1.0,0.0,0.953953953953954,0.0
yolo,val,0.954954954954955,0.0,1.0,0.0,0.954954954954955,0.0
yolo,val,0.955955955955956,0.0,1.0,0.0,0.955955955955956,0.0
yolo,val,0.9569569569569569,0.0,1.0,0.0,0.9569569569569569,0.0
yolo,val,0.9579579579579579,0.0,1.0,0.0,0.9579579579579579,0.0
yolo,val,0.958958958958959,0.0,1.0,0.0,0.958958958958959,0.0
yolo,val,0.95995995995996,0.0,1.0,0.0,0.95995995995996,0.0
yolo,val,0.960960960960961,0.0,1.0,0.0,0.960960960960961,0.0
yolo,val,0.9619619619619619,0.0,1.0,0.0,0.9619619619619619,0.0
yolo,val,0.9629629629629629,0.0,1.0,0.0,0.9629629629629629,0.0
yolo,val,0.963963963963964,0.0,1.0,0.0,0.963963963963964,0.0
yolo,val,0.964964964964965,0.0,1.0,0.0,0.964964964964965,0.0
yolo,val,0.965965965965966,0.0,1.0,0.0,0.965965965965966,0.0
yolo,val,0.9669669669669669,0.0,1.0,0.0,0.9669669669669669,0.0
yolo,val,0.9679679679679679,0.0,1.0,0.0,0.9679679679679679,0.0
yolo,val,0.968968968968969,0.0,1.0,0.0,0.968968968968969,0.0
yolo,val,0.96996996996997,0.0,1.0,0.0,0.96996996996997,0.0
yolo,val,0.970970970970971,0.0,1.0,0.0,0.970970970970971,0.0
yolo,val,0.9719719719719719,0.0,1.0,0.0,0.9719719719719719,0.0
yolo,val,0.9729729729729729,0.0,1.0,0.0,0.9729729729729729,0.0
yolo,val,0.973973973973974,0.0,1.0,0.0,0.973973973973974,0.0
yolo,val,0.974974974974975,0.0,1.0,0.0,0.974974974974975,0.0
yolo,val,0.975975975975976,0.0,1.0,0.0,0.975975975975976,0.0
yolo,val,0.9769769769769769,0.0,1.0,0.0,0.9769769769769769,0.0
yolo,val,0.9779779779779779,0.0,1.0,0.0,0.9779779779779779,0.0
yolo,val,0.978978978978979,0.0,1.0,0.0,0.978978978978979,0.0
yolo,val,0.97997997997998,0.0,1.0,0.0,0.97997997997998,0.0
yolo,val,0.980980980980981,0.0,1.0,0.0,0.980980980980981,0.0
yolo,val,0.9819819819819819,0.0,1.0,0.0,0.9819819819819819,0.0
yolo,val,0.9829829829829829,0.0,1.0,0.0,0.9829829829829829,0.0
yolo,val,0.983983983983984,0.0,1.0,0.0,0.983983983983984,0.0
yolo,val,0.984984984984985,0.0,1.0,0.0,0.984984984984985,0.0
yolo,val,0.985985985985986,0.0,1.0,0.0,0.985985985985986,0.0
yolo,val,0.986986986986987,0.0,1.0,0.0,0.986986986986987,0.0
yolo,val,0.9879879879879879,0.0,1.0,0.0,0.9879879879879879,0.0
yolo,val,0.988988988988989,0.0,1.0,0.0,0.988988988988989,0.0
yolo,val,0.98998998998999,0.0,1.0,0.0,0.98998998998999,0.0
yolo,val,0.990990990990991,0.0,1.0,0.0,0.990990990990991,0.0
yolo,val,0.991991991991992,0.0,1.0,0.0,0.991991991991992,0.0
yolo,val,0.992992992992993,0.0,1.0,0.0,0.992992992992993,0.0
yolo,val,0.993993993993994,0.0,1.0,0.0,0.993993993993994,0.0
yolo,val,0.994994994994995,0.0,1.0,0.0,0.994994994994995,0.0
yolo,val,0.995995995995996,0.0,1.0,0.0,0.995995995995996,0.0
yolo,val,0.996996996996997,0.0,1.0,0.0,0.996996996996997,0.0
yolo,val,0.997997997997998,0.0,1.0,0.0,0.997997997997998,0.0
yolo,val,0.998998998998999,0.0,1.0,0.0,0.998998998998999,0.0
yolo,val,1.0,0.0,1.0,0.0,1.0,0.0
yolo,test,0.0,0.09562035500806834,0.05137046515716881,0.689840624385125,0.0,1.0
yolo,test,0.001001001001001001,0.09566514239015193,0.05139631911967517,0.689840624385125,0.001001001001001001,1.0
yolo,test,0.002002002002002002,0.1303769262245174,0.07227887284990238,0.6645241686889224,0.002002002002002002,1.0
yolo,test,0.003003003003003003,0.15506507934752126,0.08809864437390529,0.6464550403358038,0.003003003003003003,0.9904761904761905
yolo,test,0.004004004004004004,0.17485138600340433,0.10142489700666067,0.6334032924509739,0.004004004004004004,0.9772727272727273
yolo,test,0.005005005005005005,0.1914258835458024,0.11308321972685731,0.6231061848232439,0.005005005005005005,0.9664804469273743
yolo,test,0.006006006006006006,0.20592189438414518,0.12366410956349694,0.6150062307339149,0.006006006006006006,0.9641255605381166
yolo,test,0.007007007007007007,0.21831066242500152,0.1330691444067074,0.6073981766904964,0.007007007007007007,0.9641255605381166
yolo,test,0.008008008008008008,0.22945866703481782,0.14183278454335768,0.600380402702171,0.008008008008008008,0.9581749049429658
yolo,test,0.009009009009009009,0.23958894430692343,0.1500308503918024,0.5944120154784548,0.009009009009009009,0.9508196721311475
yolo,test,0.01001001001001001,0.2486754248383245,0.1576558495957415,0.5883452482455565,0.01001001001001001,0.9503105590062112
yolo,test,0.011011011011011011,0.25703645829804295,0.16485796148858511,0.5830327277497213,0.011011011011011011,0.9411764705882353
yolo,test,0.012012012012012012,0.2649255513137402,0.17186135647125392,0.5778185872630681,0.012012012012012012,0.9354838709677419
yolo,test,0.013013013013013013,0.2721901211774771,0.17846317057260802,0.573260313504296,0.013013013013013013,0.931924882629108
yolo,test,0.014014014014014014,0.27854443351913877,0.18453415514848504,0.5678166196628845,0.014014014014014014,0.9278131634819533
yolo,test,0.015015015015015015,0.2842979637707616,0.19027873118600303,0.5619794057847446,0.015015015015015015,0.9258517034068137
yolo,test,0.016016016016016016,0.2902317024631181,0.19612217085080444,0.557978618744671,0.016016016016016016,0.9213483146067416
yolo,test,0.017017017017017015,0.2958180252471123,0.2017930073038669,0.5539122450318096,0.017017017017017015,0.9153439153439153
yolo,test,0.018018018018018018,0.30066292983227594,0.20695013209384627,0.5494851446186135,0.018018018018018018,0.9137645107794361
yolo,test,0.01901901901901902,0.30534721631797956,0.21205782134834583,0.5451892175509936,0.01901901901901902,0.9078125
yolo,test,0.02002002002002002,0.30980612969117033,0.21693599014652812,0.5417131238932249,0.02002002002002002,0.9042709867452136
yolo,test,0.02102102102102102,0.31417746688504217,0.22178768874476076,0.5384993769266085,0.02102102102102102,0.8955431754874652
yolo,test,0.022022022022022022,0.31846573682461204,0.226639566363208,0.5353840099691742,0.022022022022022022,0.8901515151515151
yolo,test,0.023023023023023025,0.32246809192188935,0.23132349759565665,0.5321374696661638,0.023023023023023025,0.8901515151515151
yolo,test,0.024024024024024024,0.326374784978357,0.23589544317445457,0.5294484160818521,0.024024024024024024,0.8898305084745762
yolo,test,0.025025025025025023,0.33014890769801736,0.2404151016392883,0.5267593624975405,0.025025025025025023,0.8892580287929125
yolo,test,0.026026026026026026,0.33371950919231613,0.2449105584173842,0.5235784088673182,0.026026026026026026,0.8892580287929125
yolo,test,0.02702702702702703,0.3367792621761124,0.24885205929895526,0.5207909752738243,0.02702702702702703,0.8865248226950354
yolo,test,0.028028028028028028,0.33973783967997956,0.25278605773737184,0.5178723683347544,0.028028028028028028,0.8865248226950354
yolo,test,0.029029029029029027,0.34299023268192264,0.25700326670657525,0.5154456614415951,0.029029029029029027,0.8850346878097126
yolo,test,0.03003003003003003,0.34573027398171113,0.26074856503759364,0.5128877812028596,0.03003003003003003,0.882466281310212
yolo,test,0.031031031031031032,0.348667372728277,0.2646907757222968,0.5106906276644586,0.031031031031031032,0.8818027210884354
yolo,test,0.03203203203203203,0.3512461502383079,0.26836460329131706,0.50819754442325,0.03203203203203203,0.8818027210884354
yolo,test,0.03303303303303303,0.3540522113564151,0.27226445796551674,0.5060767595266977,0.03303303303303303,0.8818027210884354
yolo,test,0.03403403403403403,0.3565553262847369,0.27587382334901156,0.5039352003672853,0.03403403403403403,0.8813559322033898
yolo,test,0.035035035035035036,0.359098741290352,0.27960868024268987,0.5017380468288843,0.035035035035035036,0.8783967391304348
yolo,test,0.036036036036036036,0.36186948497771754,0.28348607099663287,0.5001639666819703,0.036036036036036036,0.8783967391304348
yolo,test,0.037037037037037035,0.36399244490049354,0.28683529287251625,0.49793401980717517,0.037037037037037035,0.8783967391304348
yolo,test,0.03803803803803804,0.36615854606658305,0.29028287511934076,0.49573686626877417,0.03803803803803804,0.8783967391304348
yolo,test,0.03903903903903904,0.3684805303121553,0.29384713019608805,0.4939332327671017,0.03903903903903904,0.8783967391304348
yolo,test,0.04004004004004004,0.3704639544905615,0.29709086457985767,0.49196563258345904,0.04004004004004004,0.8783967391304348
yolo,test,0.04104104104104104,0.3724430510998595,0.30035467996605814,0.49006361907260443,0.04104104104104104,0.8783967391304348
yolo,test,0.04204204204204204,0.3744732829848493,0.3036852222069513,0.48829277890732603,0.04204204204204204,0.8783967391304348
yolo,test,0.043043043043043044,0.37589598874308155,0.3064798662910324,0.48596445202334887,0.043043043043043044,0.87716955941255
yolo,test,0.044044044044044044,0.3777989817729925,0.309792095951518,0.48406243851249425,0.044044044044044044,0.8764302059496567
yolo,test,0.04504504504504504,0.3794338012441417,0.31277815447920776,0.4821932183380337,0.04504504504504504,0.8764302059496567
yolo,test,0.04604604604604605,0.3809126990531687,0.31575083586335434,0.4799632714632387,0.04604604604604605,0.8764302059496567
yolo,test,0.04704704704704705,0.38282720278160914,0.31900053640510573,0.47858381041958137,0.04704704704704705,0.8764302059496567
yolo,test,0.04804804804804805,0.3844854600307938,0.32223204718316817,0.476552764478258,0.04804804804804805,0.8764302059496567
yolo,test,0.04904904904904905,0.3857361912785734,0.3250780257835849,0.47422443759428085,0.04904904904904905,0.8764302059496567
yolo,test,0.050050050050050046,0.3868132683363246,0.3278036794086433,0.47173214402833347,0.050050050050050046,0.8764302059496567
yolo,test,0.05105105105105105,0.3881340505445255,0.3305921014832219,0.46992851052666096,0.05105105105105105,0.8761904761904762
yolo,test,0.05205205205205205,0.38941011847322776,0.33327343296434336,0.4682888437069587,0.05205205205205205,0.8755482456140351
yolo,test,0.05305305305305305,0.39063482037976244,0.33600111497015045,0.46648521020528627,0.05305305305305305,0.8747323340471093
yolo,test,0.05405405405405406,0.3919929891121239,0.33895172523835965,0.4647143700400079,0.05405405405405406,0.8740074113287454
yolo,test,0.055055055055055056,0.3931853957541043,0.3415720614764747,0.46317331941546724,0.055055055055055056,0.8723404255319149
yolo,test,0.056056056056056056,0.3942578447880739,0.3441364606896254,0.46146782973699746,0.056056056056056056,0.8717557251908397
yolo,test,0.057057057057057055,0.39542012463643833,0.3468385225524985,0.4598281629172952,0.057057057057057055,0.8704071499503475
yolo,test,0.058058058058058054,0.39642535550507874,0.34943082030586653,0.45802452941562277,0.058058058058058054,0.8699660359049005
yolo,test,0.05905905905905906,0.39760609754177806,0.3521037066625118,0.4566144159506788,0.05905905905905906,0.8691049085659288
yolo,test,0.06006006006006006,0.39889970367605265,0.3550504730118384,0.45510592247655274,0.06006006006006006,0.8680851063829788
yolo,test,0.06106106106106106,0.39992673291401226,0.3576131218705102,0.4535974290024267,0.06106106106106106,0.8661164603392939
yolo,test,0.062062062062062065,0.4012867073009639,0.3604033113343717,0.45263237485295826,0.062062062062062065,0.8657534246575342
yolo,test,0.06306306306306306,0.40240407201850353,0.36304519740390734,0.4513346887912376,0.06306306306306306,0.8648888888888889
yolo,test,0.06406406406406406,0.40329232111779645,0.3654835703963119,0.44982619531711154,0.06406406406406406,0.8647812638091029
yolo,test,0.06506506506506507,0.4042896933466358,0.3681009348724069,0.44836985402320506,0.06506506506506507,0.8635968722849696
yolo,test,0.06606606606606606,0.4049765856460084,0.37032907181601066,0.4467764150324654,0.06606606606606606,0.8592498946481247
yolo,test,0.06706706706706707,0.40612959288156414,0.37304807194574185,0.4456493179535064,0.06706706706706707,0.8580402010050251
yolo,test,0.06806806806806806,0.4069583744686912,0.3756292644254786,0.4439889814389716,0.06806806806806806,0.8577170418006431
yolo,test,0.06906906906906907,0.40805083453954893,0.37830474110655354,0.44287400800157406,0.06906906906906907,0.8577170418006431
yolo,test,0.07007007007007007,0.4085801583067352,0.38045055239211667,0.4412015478454778,0.07007007007007007,0.8568
yolo,test,0.07107107107107107,0.4094120453885838,0.3828094268907075,0.43998819439889814,0.07107107107107107,0.8530438154323381
yolo,test,0.07207207207207207,0.41017012175831147,0.3851678366120321,0.4386436676067423,0.07207207207207207,0.8530438154323381
yolo,test,0.07307307307307308,0.4107959107571741,0.38752768933125553,0.4370367941234341,0.07307307307307308,0.8523111612175873
yolo,test,0.07407407407407407,0.41130417414506953,0.3896852690322156,0.43546271397652,0.07407407407407407,0.8523111612175873
yolo,test,0.07507507507507508,0.4117246673866455,0.39182199430765896,0.43375746048402963,0.07507507507507508,0.8521545319465081
yolo,test,0.07607607607607608,0.41271325442394563,0.3946210600053246,0.43254410703745,0.07607607607607608,0.8508226691042048
yolo,test,0.07707707707707707,0.4136118691886986,0.3973191363781515,0.4312979602544763,0.07707707707707707,0.8487364620938628
yolo,test,0.07807807807807808,0.4141168972763745,0.3994621507894335,0.42988784678953235,0.07807807807807808,0.8467827941699253
yolo,test,0.07907907907907907,0.41481551240373354,0.4016806216626043,0.42883846002492293,0.07907907907907907,0.8451838879159369
yolo,test,0.08008008008008008,0.4153764052249494,0.4039854686901065,0.427428346559979,0.08008008008008008,0.8443072702331962
yolo,test,0.08108108108108109,0.41609534431508427,0.4064152762743712,0.4262477864497934,0.08108108108108109,0.8429919137466307
yolo,test,0.08208208208208208,0.4167601851312884,0.408710971403835,0.42513281301239586,0.08208208208208208,0.8429196098217289
yolo,test,0.08308308308308308,0.4172039843575132,0.4107287405542829,0.42388666622942217,0.08308308308308308,0.8411803713527851
yolo,test,0.08408408408408408,0.41758145197076635,0.4126420673963828,0.4226405194464485,0.08408408408408408,0.8403004572175049
yolo,test,0.08508508508508508,0.4183064333424608,0.4149772046824324,0.4216895126910212,0.08508508508508508,0.8392685274302214
yolo,test,0.08608608608608609,0.4185800388206204,0.41682985111165666,0.4203449858988654,0.08608608608608609,0.8386687797147385
yolo,test,0.08708708708708708,0.4190482391698036,0.4188666234394227,0.41923001246146785,0.08708708708708708,0.83832709113608
yolo,test,0.08808808808808809,0.41926436943850603,0.4208186591473481,0.4177215189873418,0.08808808808808809,0.8373831775700935
yolo,test,0.0890890890890891,0.4198227425493586,0.4230889838866504,0.41660654554994425,0.0890890890890891,0.8361008610086101
yolo,test,0.09009009009009009,0.4202091657704542,0.42524121935938075,0.41529481209418245,0.09009009009009009,0.8357664233576643
yolo,test,0.09109109109109109,0.4205137923229909,0.42716867794000846,0.4140630795831333,0.09109109109109109,0.8339826191189691
yolo,test,0.0920920920920921,0.4207313985187731,0.4292189992376986,0.41257296517347675,0.0920920920920921,0.8332361516034985
yolo,test,0.09309309309309309,0.42117106615132643,0.4313585295619309,0.41145369832484796,0.09309309309309309,0.8332361516034985
yolo,test,0.0940940940940941,0.4214111997826783,0.43331241529294057,0.4101462582803174,0.0940940940940941,0.8321739130434782
yolo,test,0.09509509509509509,0.42163997435533057,0.43500336619507796,0.4090731636102449,0.09509509509509509,0.8309012875536481
yolo,test,0.0960960960960961,0.4217047450412191,0.43668342904073876,0.40771955138715815,0.0960960960960961,0.8286762630539091
yolo,test,0.0970970970970971,0.4220582615656262,0.43880374649914694,0.4065438675716157,0.0970970970970971,0.8270949720670391
yolo,test,0.0980980980980981,0.4225659107760924,0.440988561173677,0.40562077785793926,0.0980980980980981,0.824696802646086
yolo,test,0.0990990990990991,0.4230174686592647,0.44306863804094454,0.404702564438906,0.0990990990990991,0.8227297444263186
yolo,test,0.10010010010010009,0.4232810012744739,0.44471617853005935,0.4038171443562668,0.10010010010010009,0.8202336696760488
yolo,test,0.1011011011011011,0.42365628923238285,0.44682999757010766,0.4027677575916574,0.1011011011011011,0.8202336696760488
yolo,test,0.1021021021021021,0.42410147025639383,0.4488967541861554,0.40190199143073696,0.1021021021021021,0.81892247043364
yolo,test,0.1031031031031031,0.4242700766873847,0.4507425996798298,0.4007345707352266,0.1031031031031031,0.817922817922818
yolo,test,0.1041041041041041,0.4244933460204389,0.45254291660272744,0.3997179773070112,0.1041041041041041,0.8176440329218106
yolo,test,0.10510510510510511,0.42501574359533884,0.45487830957704706,0.398832557224372,0.10510510510510511,0.8168619460010188
yolo,test,0.1061061061061061,0.4254334686344719,0.4570417511663134,0.39791434380533874,0.1061061061061061,0.8123277374091706
yolo,test,0.10710710710710711,0.42546198549773606,0.4585328061874555,0.3968405997645446,0.10710710710710711,0.80915096647908
yolo,test,0.10810810810810811,0.42528630608918505,0.45991421368543317,0.3955077002324396,0.10810810810810811,0.80915096647908
yolo,test,0.1091091091091091,0.4256396523425197,0.4618416344985095,0.3947005968387224,0.1091091091091091,0.8085260115606936
yolo,test,0.11011011011011011,0.42581553626912433,0.4637036877298132,0.39365121007411297,0.11011011011011011,0.8083774675012037
yolo,test,0.1111111111111111,0.42617313107954335,0.46569961250048536,0.3928313766642618,0.1111111111111111,0.8067047075606276
yolo,test,0.11211211211211211,0.42620974196751865,0.4673039286555363,0.39175890083324477,0.11211211211211211,0.8057977845863775
yolo,test,0.11311311311311312,0.42636518620477015,0.46900713500312163,0.3908309831442251,0.11311311311311312,0.8040996971814582
yolo,test,0.11411411411411411,0.4264027320869407,0.4704754208594894,0.3898799763887978,0.11411411411411411,0.8030442804428044
yolo,test,0.11511511511511512,0.42638496635602186,0.47215785411323813,0.3887025705671652,0.11511511511511512,0.8013651877133106
yolo,test,0.11611611611611611,0.4265020981586037,0.47391148395949556,0.38771561618679085,0.11611611611611611,0.8000451365380276
yolo,test,0.11711711711711711,0.4268676884214605,0.4762990431468135,0.3867318160949695,0.11711711711711711,0.7986636971046771
yolo,test,0.11811811811811812,0.4269107331749638,0.47780582813501166,0.3858144132041042,0.11811811811811812,0.798140770252324
yolo,test,0.11911911911911911,0.42703328305431903,0.47953186694431527,0.384895389256903,0.11911911911911911,0.7963612450679527
yolo,test,0.12012012012012012,0.4272088602657683,0.4812559305335894,0.3840755558470519,0.12012012012012012,0.7949273791458921
yolo,test,0.12112112112112113,0.42752897580639804,0.4832626771431794,0.38332130910998885,0.12112112112112113,0.792630676949443
yolo,test,0.12212212212212212,0.42782048875539724,0.4852689237966328,0.38253426903653176,0.12212212212212212,0.7920066959614982
yolo,test,0.12312312312312312,0.42781489112676485,0.4868468995564781,0.38155046894471045,0.12312312312312312,0.7920066959614982
yolo,test,0.12412412412412413,0.4277706916526633,0.4882888705983691,0.38059946218928314,0.12412412412412413,0.7917189460476788
yolo,test,0.12512512512512514,0.42772601998543797,0.49001914255360157,0.3794844887518856,0.12512512512512514,0.7907603066086596
yolo,test,0.12612612612612611,0.42757399371078714,0.4913626704095952,0.3784443655621776,0.12612612612612611,0.7893765381460214
yolo,test,0.12712712712712712,0.42811890045508594,0.49365671202157624,0.3779432019413655,0.12712712712712712,0.7880942706216985
yolo,test,0.12812812812812813,0.4279595262414386,0.49531503197763604,0.37672984849478586,0.12812812812812813,0.7873149259703881
yolo,test,0.12912912912912913,0.4278924845762129,0.4968451881416505,0.3757460484029645,0.12912912912912913,0.7872850859656138
yolo,test,0.13013013013013014,0.4280736958708585,0.4986616526546947,0.3749918016659015,0.13013013013013014,0.7865745310957551
yolo,test,0.13113113113113112,0.4281477609630473,0.5003210614532214,0.37417196825605037,0.13113113113113112,0.7853218210361067
yolo,test,0.13213213213213212,0.4280841684703085,0.5019340519768044,0.3731782149966825,0.13213213213213212,0.7835211815001943
yolo,test,0.13313313313313313,0.42806320679182674,0.5035886064974963,0.37223716140880175,0.13313313313313313,0.7818216830348547
yolo,test,0.13413413413413414,0.4279383726428898,0.5051740189273428,0.3711877746441923,0.13413413413413414,0.7805529075309818
yolo,test,0.13513513513513514,0.4278602336060356,0.5067884075912112,0.370203974552371,0.13513513513513514,0.7796195140327745
yolo,test,0.13613613613613612,0.4278693394601305,0.508420715108756,0.3693513478061258,0.13613613613613612,0.7792987061691355
yolo,test,0.13713713713713713,0.42792156232939993,0.510005176846914,0.3685971010690628,0.13713713713713713,0.7776540460282109
yolo,test,0.13813813813813813,0.42808928323550005,0.5116411361096845,0.367995072665293,0.13813813813813813,0.7766721945826424
yolo,test,0.13913913913913914,0.4279789074982397,0.5132787002514951,0.36699022758575456,0.13913913913913914,0.7763952424519671
yolo,test,0.14014014014014015,0.42764026738048083,0.5144294880475127,0.3659080474847511,0.14014014014014015,0.7752584799564666
yolo,test,0.14114114114114115,0.4277158485800653,0.5158859426729496,0.36528497409326427,0.14114114114114115,0.7746681019016864
yolo,test,0.14214214214214213,0.42742715769541034,0.5172136917296927,0.3642027939922608,0.14214214214214213,0.7734974139468521
yolo,test,0.14314314314314314,0.4273228563094115,0.5186356443732109,0.3633501672460156,0.14314314314314314,0.7722457627118644
yolo,test,0.14414414414414414,0.42686842836190986,0.5195757725028797,0.3622351938086181,0.14414414414414414,0.7717696629213483
yolo,test,0.14514514514514515,0.4268005022332229,0.521249479040095,0.3613287272859647,0.14514514514514515,0.7705288796102993
yolo,test,0.14614614614614616,0.42668994094370494,0.5226930271095453,0.3604804557254219,0.14614614614614616,0.7694564279551337
yolo,test,0.14714714714714713,0.42656118214009603,0.5240717182773068,0.35964452023348853,0.14714714714714713,0.767835757057314
yolo,test,0.14814814814814814,0.4265678388395011,0.5256314653308068,0.35892306683281955,0.14814814814814814,0.766932609064675
yolo,test,0.14914914914914915,0.42638418278310175,0.5268385591148499,0.35810323342296846,0.14914914914914915,0.7655462184873949
yolo,test,0.15015015015015015,0.4261073214745179,0.528031697914107,0.35716485896680816,0.15015015015015015,0.7645392434594235
yolo,test,0.15115115115115116,0.42581127418537473,0.5295988424730533,0.3560372532301436,0.15115115115115116,0.7643354325488896
yolo,test,0.15215215215215216,0.42557628705206874,0.5307650561907555,0.3551846264838985,0.15215215215215216,0.7628205128205128
yolo,test,0.15315315315315314,0.4256115129705967,0.5322726924215723,0.3545615530924116,0.15315315315315314,0.761865927254934
yolo,test,0.15415415415415415,0.4251994041647623,0.5331676044701499,0.3535952072120358,0.15415415415415415,0.7616223148445015
yolo,test,0.15515515515515516,0.42503292214575406,0.5347063332133211,0.35269233291795105,0.15515515515515516,0.7616223148445015
yolo,test,0.15615615615615616,0.42474464684669416,0.53583701510591,0.3518064097887681,0.15615615615615616,0.7611368353824046
yolo,test,0.15715715715715717,0.4243003679121986,0.5368638669830316,0.35075752607070243,0.15715715715715717,0.7601767118964973
yolo,test,0.15815815815815815,0.4243700668616957,0.5383219849374308,0.3502328326883977,0.15815815815815815,0.7597668557025835
yolo,test,0.15915915915915915,0.4240321847720509,0.5393786876148294,0.34932812523822765,0.15915915915915915,0.7586260733801717
yolo,test,0.16016016016016016,0.42419936606556224,0.5411732124738956,0.34880552995705105,0.16016016016016016,0.7579519006982157
yolo,test,0.16116116116116116,0.42410926599628795,0.5422638546077969,0.348232439168361,0.16116116116116116,0.7573382511141847
yolo,test,0.16216216216216217,0.4240431305518142,0.5436444620049787,0.34757657244048007,0.16216216216216217,0.7564220183486239
yolo,test,0.16316316316316315,0.42372356455891724,0.5446900307963404,0.34672237476414985,0.16316316316316315,0.7551206190259445
yolo,test,0.16416416416416416,0.42331874857129276,0.5456341243168605,0.3458003257162688,0.16416416416416416,0.7550744248985115
yolo,test,0.16516516516516516,0.4230966582875517,0.5467665874396752,0.34505148553813864,0.16516516516516516,0.7545277653045951
yolo,test,0.16616616616616617,0.4227983253511442,0.5476689363458094,0.3442972388010756,0.16616616616616617,0.7538301353562398
yolo,test,0.16716716716716717,0.4225436550261411,0.5487284852226345,0.3435429920640126,0.16716716716716717,0.7531356057252472
yolo,test,0.16816816816816815,0.42225207597844944,0.5497588195663434,0.34275595199055553,0.16816816816816815,0.7526739926739927
yolo,test,0.16916916916916916,0.4218423340620682,0.5507684089791615,0.34182627147358785,0.16916916916916916,0.7516749198951355
yolo,test,0.17017017017017017,0.42178692635250176,0.5521440540125305,0.3412259930085898,0.17017017017017017,0.751081626766657
yolo,test,0.17117117117117117,0.42163658902783074,0.553641691375856,0.34046041844297237,0.17117117117117117,0.7500716127184188
yolo,test,0.17217217217217218,0.4213283834910763,0.5546660635901645,0.33967337836951533,0.17217217217217218,0.7498572244431754
yolo,test,0.17317317317317318,0.421104310848513,0.5556429367768976,0.3390175116416344,0.17317317317317318,0.7493969064850291
yolo,test,0.17417417417417416,0.42098592202587015,0.5569102784127844,0.3383944382501476,0.17417417417417416,0.7481690140845071
yolo,test,0.17517517517517517,0.42094094912475294,0.5582323831758979,0.33785021215100797,0.17517517517517517,0.7475226796929518
yolo,test,0.17617617617617617,0.42055269005895785,0.5593582146115432,0.3369404462957348,0.17617617617617617,0.7467793323174955
yolo,test,0.17717717717717718,0.42051557924260613,0.5608297523182633,0.3363612513937168,0.17717717717717718,0.7462707182320442
yolo,test,0.1781781781781782,0.4198729082875943,0.5612834282349176,0.33537745130189545,0.1781781781781782,0.7457185915878888
yolo,test,0.17917917917917917,0.41969136701333953,0.5622923502053306,0.33478717124680263,0.17917917917917917,0.7452611482340107
yolo,test,0.18018018018018017,0.4197369412584391,0.5637824986620396,0.33431896277010503,0.18018018018018017,0.7447817836812144
yolo,test,0.18118118118118118,0.41962284054403043,0.5652171665605983,0.3336721978094051,0.18118118118118118,0.7439892545332438
yolo,test,0.18218218218218218,0.4193179020786296,0.5664708499219944,0.332852364399554,0.18218218218218218,0.7433498195428418
yolo,test,0.1831831831831832,0.4191222716988178,0.5677668494472159,0.3321607147824327,0.1831831831831832,0.7432092222074996
yolo,test,0.1841841841841842,0.41858035397338283,0.5685542241046436,0.3312126975798518,0.1841841841841842,0.7424983476536682
yolo,test,0.18518518518518517,0.4184620475349677,0.5700579769012405,0.3305568308519709,0.18518518518518517,0.741119412767073
yolo,test,0.18618618618618618,0.41825883379826695,0.571260349370404,0.32990096412409,0.18618618618618618,0.7410109431995832
yolo,test,0.1871871871871872,0.4179359993855319,0.5721255323963459,0.32921230405981505,0.1871871871871872,0.7407119741100323
yolo,test,0.1881881881881882,0.41755217250953264,0.5729700730591587,0.328458057322752,0.1881881881881882,0.7398583386992917
yolo,test,0.1891891891891892,0.41724697837325764,0.5737204987798392,0.32783498393126514,0.1891891891891892,0.739682132786465
yolo,test,0.19019019019019018,0.41646593634727874,0.5742896474939526,0.3266872171574736,0.19019019019019018,0.7385105028644176
yolo,test,0.19119119119119118,0.4159205314301133,0.5750592843607947,0.32576900373844037,0.19119119119119118,0.7371681415929203
yolo,test,0.1921921921921922,0.415601377025541,0.5759459565037949,0.32509440352375435,0.1921921921921922,0.736346516007533
yolo,test,0.1931931931931932,0.4150289961973848,0.5767836867960572,0.32412933691873813,0.1931931931931932,0.7355805243445693
yolo,test,0.1941941941941942,0.41468514680120544,0.5781236795638314,0.32328953517879666,0.1941941941941942,0.7347141262557361
yolo,test,0.19519519519519518,0.4144202560667809,0.5790269976832159,0.32268643011740017,0.19519519519519518,0.7341054706752095
yolo,test,0.1961961961961962,0.4143791856340152,0.5807162659425908,0.3221145244489845,0.1961961961961962,0.7333006495894104
yolo,test,0.1971971971971972,0.4141371669022251,0.5816415573908394,0.3215386633436086,0.1971971971971972,0.7318972861141536
yolo,test,0.1981981981981982,0.4138475394272457,0.5827585983775586,0.32085000327933366,0.1981981981981982,0.7313089765303653
yolo,test,0.1991991991991992,0.4135682398591773,0.5838202365684337,0.32019413655145273,0.1991991991991992,0.7312552653748947
yolo,test,0.20020020020020018,0.4133117779290043,0.5849846956276665,0.31953826982357186,0.20020020020020018,0.730989272943981
yolo,test,0.2012012012012012,0.41304754910265534,0.5863520234263293,0.3188168164229029,0.2012012012012012,0.7309112567004169
yolo,test,0.2022022022022022,0.4127229835830302,0.587379082853727,0.3181281563586279,0.2022022022022022,0.7283250649657453
yolo,test,0.2032032032032032,0.4122350932059714,0.588316304330017,0.31727552961238276,0.2032032032032032,0.7265267846676826
yolo,test,0.2042042042042042,0.41223648719096734,0.5899071243946628,0.31681642290286616,0.2042042042042042,0.725748224059625
yolo,test,0.20520520520520522,0.41216417931680344,0.5916664807190323,0.31622614284777334,0.20520520520520522,0.7250751792736525
yolo,test,0.2062062062062062,0.4119759938145252,0.5930794240546536,0.31560306945628647,0.2062062062062062,0.7244557078677571
yolo,test,0.2072072072072072,0.41176008276403986,0.5941610469422168,0.31504477216329657,0.2072072072072072,0.7238258877434135
yolo,test,0.2082082082082082,0.4111397085525921,0.5950823795147108,0.3140617826457664,0.2082082082082082,0.7220011370096646
yolo,test,0.2092092092092092,0.4109958175640325,0.5964876606850059,0.31350429592706763,0.2092092092092092,0.7213930348258707
yolo,test,0.21021021021021022,0.4105496036809446,0.5973440950946141,0.3127500491900046,0.21021021021021022,0.7209851551956815
yolo,test,0.2112112112112112,0.41036973539589855,0.5985017394321122,0.3122253558076999,0.2112112112112112,0.720371198568873
yolo,test,0.2122122122122122,0.40998900976939606,0.599296670165679,0.31156948907981896,0.2122122122122122,0.7190312187534719
yolo,test,0.2132132132132132,0.4095243470695195,0.6001071473476991,0.3108152423427559,0.2132132132132132,0.7188812734910458
yolo,test,0.21421421421421422,0.4090223578592671,0.60089103294193,0.3100282022692989,0.21421421421421422,0.7176418926336591
yolo,test,0.21521521521521522,0.4087352497037575,0.6018963289513323,0.309432053299162,0.21521521521521522,0.7169461990851667
yolo,test,0.21621621621621623,0.40811929884962517,0.6025932693567091,0.3085435334456717,0.21621621621621623,0.716876629018245
yolo,test,0.2172172172172172,0.4077461799528398,0.6032826854729841,0.30793728193670283,0.2172172172172172,0.7168713639301875
yolo,test,0.2182182182182182,0.40715902264593656,0.6037674791888296,0.30714238866662297,0.2182182182182182,0.716824644549763
yolo,test,0.21921921921921922,0.40683915186098624,0.6047738774522239,0.3065193152751361,0.21921921921921922,0.7161338607933283
yolo,test,0.22022022022022023,0.40656443184882446,0.605863217407994,0.3059290352200433,0.22022022022022023,0.7157625492912715
yolo,test,0.22122122122122123,0.40622204428900854,0.6069234768782552,0.3052725251714125,0.22122122122122123,0.7140445288593437
yolo,test,0.2222222222222222,0.4056322045524155,0.6075820954317033,0.30444116969315094,0.2222222222222222,0.7139099326599326
yolo,test,0.22322322322322322,0.40547791736821903,0.6087685867096543,0.30397069777712754,0.22322322322322322,0.7133431085043989
yolo,test,0.22422422422422422,0.4052062012417255,0.6100456465749436,0.3033486334298336,0.22422422422422422,0.7126496616345653
yolo,test,0.22522522522522523,0.4046043940136261,0.6103790680917506,0.3025925633904178,0.22522522522522523,0.7114010562286425
yolo,test,0.22622622622622623,0.4041648230758736,0.6111410841495538,0.30191479204282656,0.22622622622622623,0.7098466920465069
yolo,test,0.2272272272272272,0.40375645973047813,0.6119106014169097,0.30127238145208896,0.2272272272272272,0.7071005917159763
yolo,test,0.22822822822822822,0.4036519534503756,0.6136033745016884,0.30074768806978425,0.22822822822822822,0.7054711246200608
yolo,test,0.22922922922922923,0.40337015029096773,0.6147642452151839,0.30015740801469143,0.22922922922922923,0.7047676645499446
yolo,test,0.23023023023023023,0.402891187970953,0.6153747395593893,0.2994824869418709,0.23023023023023023,0.7028731604765242
yolo,test,0.23123123123123124,0.4025201377401156,0.6167567151144416,0.29874729454974747,0.23123123123123124,0.7018312101910829
yolo,test,0.23223223223223222,0.4021801336849379,0.6176810482299224,0.2981570144946547,0.23223223223223222,0.6996839818289552
yolo,test,0.23323323323323322,0.4019730064962131,0.6192457472938494,0.2975667344395619,0.23323323323323322,0.6981557779085736
yolo,test,0.23423423423423423,0.4014249087494294,0.6200728882544713,0.2967765703153068,0.23423423423423423,0.6968780487804878
yolo,test,0.23523523523523523,0.40074401133487664,0.6207627842544355,0.29587586231752755,0.23523523523523523,0.6940118022637128
yolo,test,0.23623623623623624,0.40019308120460834,0.6213629192712503,0.29514002754640256,0.23623623623623624,0.6931588569229289
yolo,test,0.23723723723723725,0.3998517798865236,0.6226320276467913,0.2944841608185217,0.23723723723723725,0.6916164802600134
yolo,test,0.23823823823823823,0.39911739086329634,0.6230343838316854,0.2935987407358825,0.23823823823823823,0.6899335232668566
yolo,test,0.23923923923923923,0.39863349795953495,0.6239313046692196,0.2928772873352135,0.23923923923923923,0.689016904334687
yolo,test,0.24024024024024024,0.39824388874163846,0.6247058219732579,0.2922870072801207,0.24024024024024024,0.6875938438438438
yolo,test,0.24124124124124124,0.3975324263020579,0.6251353346766031,0.29142772519730065,0.24124124124124124,0.6861885666324723
yolo,test,0.24224224224224225,0.3972298460603848,0.6261788186922764,0.29087689381517673,0.24224224224224225,0.6848057847408918
yolo,test,0.24324324324324323,0.3967275022412686,0.6270319460448477,0.29015544041450775,0.24324324324324323,0.6839970501474927
yolo,test,0.24424424424424424,0.3964167468352043,0.6277801581796683,0.2896635403685971,0.24424424424424424,0.6835060053176859
yolo,test,0.24524524524524524,0.3960875325540785,0.6285975684782443,0.2891388469862924,0.24524524524524524,0.6813627254509018
yolo,test,0.24624624624624625,0.3955399061961199,0.6290181998565121,0.28846702756133663,0.24624624624624625,0.6813614555988051
yolo,test,0.24724724724724725,0.3952956747761079,0.6303432135089506,0.2879299845521591,0.24724724724724725,0.6801984663960307
yolo,test,0.24824824824824826,0.3947594421161456,0.6311013978107101,0.28720404013904377,0.24824824824824826,0.67913527090061
yolo,test,0.24924924924924924,0.3941114540728715,0.631913905995843,0.28635141339279857,0.24924924924924924,0.6781732227276782
yolo,test,0.2502502502502503,0.39368703499068936,0.6326106038355132,0.28576113333770575,0.2502502502502503,0.6766843971631206
yolo,test,0.25125125125125125,0.3933115404032114,0.6332293735686264,0.2852398981821391,0.25125125125125125,0.6754733597534126
yolo,test,0.25225225225225223,0.39301154960288837,0.6341197813328524,0.2847445399094904,0.25225225225225223,0.6752391819538313
yolo,test,0.25325325325325326,0.39239439103047397,0.6345031291742895,0.28402018984865884,0.25325325325325326,0.6744064245810056
yolo,test,0.25425425425425424,0.3918227663808662,0.635244636533301,0.2832739257968653,0.25425425425425424,0.6718290361654266
yolo,test,0.2552552552552553,0.3916077241307544,0.6364570741479496,0.28280913366778426,0.2552552552552553,0.6714100905562742
yolo,test,0.25625625625625625,0.39108755586339955,0.6368653074136313,0.2821866596707549,0.25625625625625625,0.6689779147406266
yolo,test,0.25725725725725723,0.39076648812105763,0.6380083343141099,0.28162917295205614,0.25725725725725723,0.6679438058748404
yolo,test,0.25825825825825827,0.39071644832106567,0.6393506793544756,0.2813165221016229,0.25825825825825827,0.6665256388559824
yolo,test,0.25925925925925924,0.39041303853307113,0.6402828502893079,0.2808223620065681,0.25925925925925924,0.6656005386751956
yolo,test,0.2602602602602603,0.38997767745176914,0.6408339059998318,0.28026655069013395,0.2602602602602603,0.6653259594436065
yolo,test,0.26126126126126126,0.38945248679811256,0.6413644960069362,0.2796233825198257,0.26126126126126126,0.6647765176784523
yolo,test,0.26226226226226224,0.38873617096667473,0.6421171821492297,0.2787433593493802,0.26226226226226224,0.6636793627084889
yolo,test,0.26326326326326327,0.3884624900481449,0.6428893551496313,0.2783170459762576,0.26326326326326327,0.66262476284748
yolo,test,0.26426426426426425,0.3882548893697666,0.6440317609607841,0.277890732603135,0.26426426426426425,0.6617948928483455
yolo,test,0.2652652652652653,0.3875515423438498,0.6447485866153837,0.27703810585688987,0.2652652652652653,0.6600048943633249
yolo,test,0.26626626626626626,0.38694729607294165,0.645495060402407,0.2762840005120675,0.26626626626626626,0.6576518218623482
yolo,test,0.26726726726726724,0.3863435255469069,0.646042309321572,0.2755691061587304,0.26726726726726724,0.6561217097319488
yolo,test,0.2682682682682683,0.3857921088761367,0.646893017032797,0.27485450544865286,0.2682682682682683,0.6537478024612434
yolo,test,0.26926926926926925,0.3850657810229144,0.6472737971549092,0.2740494494731548,0.26926926926926925,0.6521083141427777
yolo,test,0.2702702702702703,0.3845919705178724,0.6484142405208093,0.2733665092296877,0.2702702702702703,0.6511811645729636
yolo,test,0.27127127127127126,0.38392424604357983,0.6488044934156062,0.27262332930015487,0.27127127127127126,0.6503419542488798
yolo,test,0.27227227227227224,0.3832856297665046,0.6493970743348965,0.2718757515256611,0.27227227227227224,0.648984375
yolo,test,0.2732732732732733,0.38289397685136445,0.6500671852536283,0.27136485866072013,0.2732732732732733,0.6484593837535014
yolo,test,0.27427427427427425,0.38241098468730467,0.6506746407263434,0.2707745786056273,0.27427427427427425,0.647473105796765
yolo,test,0.2752752752752753,0.3817204032120922,0.6512272248398825,0.2699875385321703,0.2752752752752753,0.6469137705170687
yolo,test,0.27627627627627627,0.38116942726883174,0.6518410455013194,0.26933167180428935,0.27627627627627627,0.6456928264868179
yolo,test,0.2772772772772773,0.3807498623257677,0.6526575754722813,0.2687741850855906,0.2772772772772773,0.6445613232715908
yolo,test,0.2782782782782783,0.3804047795694637,0.6535348387038473,0.26828228503967994,0.2782782782782783,0.6430249299083125
yolo,test,0.27927927927927926,0.38016781874425676,0.6542794892952736,0.26792155833934544,0.27927927927927926,0.6414270660846003
yolo,test,0.2802802802802803,0.38007588509693335,0.6555016460455977,0.2676259893429187,0.2802802802802803,0.6408719754288711
yolo,test,0.28128128128128127,0.37979029272299614,0.6563564428946834,0.26720095260878957,0.28128128128128127,0.6394811391083942
yolo,test,0.2822822822822823,0.37926784671809943,0.6570055403284956,0.2665770315471896,0.2822822822822823,0.6368276984537989
yolo,test,0.2832832832832833,0.3788217610799645,0.6579784317254865,0.2659771762131713,0.2832832832832833,0.6352672990661078
yolo,test,0.28428428428428426,0.37869934541052663,0.6594887679529685,0.2656107173960906,0.28428428428428426,0.6344676180021954
yolo,test,0.2852852852852853,0.37814698377048994,0.6602210865018538,0.26494947160402077,0.2852852852852853,0.6331950811322128
yolo,test,0.2862862862862863,0.37771973074777737,0.661159160680947,0.2643798780087886,0.2862862862862863,0.6319293674916775
yolo,test,0.2872872872872873,0.377383851008403,0.6621827749081577,0.26388797796287794,0.2872872872872873,0.6307415406767458
yolo,test,0.2882882882882883,0.37677840019139025,0.6626178833783383,0.2632275470025678,0.2882882882882883,0.6292585170340681
yolo,test,0.28928928928928926,0.3762517423077743,0.6630544188514648,0.2626451721497609,0.28928928928928926,0.6283923356364414
yolo,test,0.2902902902902903,0.375884628340406,0.663659433209321,0.26219298130406066,0.2902902902902903,0.626654398754335
yolo,test,0.2912912912912913,0.3753471648857977,0.6645344554287074,0.2615344830582441,0.2912912912912913,0.625299169365057
yolo,test,0.2922922922922923,0.37468687214628227,0.664786557278268,0.260854942430381,0.2922922922922923,0.62464966367713
yolo,test,0.2932932932932933,0.37402753103498804,0.6652389118436185,0.26014699316500406,0.2932932932932933,0.623518750871323
yolo,test,0.29429429429429427,0.37336881375994413,0.6654975900510047,0.25947076489400805,0.29429429429429427,0.6230475529330094
yolo,test,0.2952952952952953,0.3728259719539829,0.6660009907847189,0.25887059749458907,0.2952952952952953,0.6211651154774216
yolo,test,0.2962962962962963,0.3722543243762547,0.6665705070498241,0.258234146028601,0.2962962962962963,0.6206494130569095
yolo,test,0.2972972972972973,0.3717369287983787,0.6671424790253621,0.2576510352594653,0.2972972972972973,0.6195161951619517
yolo,test,0.2982982982982983,0.3712769144649648,0.6681018092837571,0.2570669639929166,0.2982982982982983,0.617399565689468
yolo,test,0.29929929929929927,0.3708594313242545,0.6685018873618317,0.2566078572834,0.29929929929929927,0.6156127814480248
yolo,test,0.3003003003003003,0.37063269041814156,0.6697045036696684,0.2562143372466715,0.3003003003003003,0.6146308724832215
yolo,test,0.3013013013013013,0.3703602668547156,0.6706182687901969,0.25582081720994293,0.3013013013013013,0.611810132481193
yolo,test,0.3023023023023023,0.3697627143740052,0.6712873681975078,0.2551541652148002,0.3023023023023023,0.6108534322820037
yolo,test,0.3033033033033033,0.3690790727384792,0.6717056445044138,0.2544434970813931,0.3033033033033033,0.6101002109704642
yolo,test,0.30430430430430433,0.368620990074352,0.6727923607047507,0.25385321702630026,0.30430430430430433,0.6077532578089189
yolo,test,0.3053053053053053,0.36843935126338145,0.6738898459709743,0.2535252836623598,0.3053053053053053,0.6069612827532265
yolo,test,0.3063063063063063,0.36781543384345405,0.674354564042781,0.2528694169344789,0.3063063063063063,0.6052478134110787
yolo,test,0.3073073073073073,0.3672636163674523,0.6753172040661907,0.252213550206598,0.3073073073073073,0.6036581438784053
yolo,test,0.3083083083083083,0.36649745894656305,0.6754305256642141,0.2514757486630469,0.3083083083083083,0.6028855402372555
yolo,test,0.30930930930930933,0.3660449540148065,0.6758967480891824,0.2509855033922143,0.30930930930930933,0.6019770408163265
yolo,test,0.3103103103103103,0.3654085789542394,0.6766594596658144,0.25028300796808606,0.3103103103103103,0.6006472902652621
yolo,test,0.3113113113113113,0.36516629780862375,0.6773947592323851,0.249955469132835,0.3113113113113113,0.5996336764984526
yolo,test,0.3123123123123123,0.364635864697453,0.6778771530412038,0.24939332327671018,0.3123123123123123,0.5983416043721339
yolo,test,0.3133133133133133,0.36424386758894406,0.6787734446718644,0.24890598265489383,0.3133133133133133,0.5968406593406593
yolo,test,0.31431431431431434,0.36356305688577095,0.679206033955997,0.24821276316652457,0.31431431431431434,0.5948762483716891
yolo,test,0.3153153153153153,0.3628926586076354,0.6794419122291124,0.24755689643864368,0.3153153153153153,0.5934703449978399
yolo,test,0.3163163163163163,0.36257629304935224,0.6804402708535596,0.24713058306552108,0.3163163163163163,0.5914525721993991
yolo,test,0.3173173173173173,0.3621679957026202,0.6811997162793925,0.24665165163527883,0.3173173173173173,0.5882317184365692
yolo,test,0.3183183183183183,0.3612537632988868,0.6810883862670435,0.2458188496097593,0.3183183183183183,0.5871642874425357
yolo,test,0.31931931931931934,0.3606944372896973,0.681340054865025,0.24526854470276996,0.31931931931931934,0.5850654811966839
yolo,test,0.3203203203203203,0.3605044424742152,0.6825752934226369,0.24493342952712008,0.3203203203203203,0.5834776895048086
yolo,test,0.3213213213213213,0.3602662661598717,0.683151371232611,0.24463963239168712,0.3213213213213213,0.5823627287853578
yolo,test,0.32232232232232233,0.35947184842293795,0.6833360793188452,0.24388404276251066,0.32232232232232233,0.5797109997051018
yolo,test,0.3233233233233233,0.35910712914328885,0.6837921689897891,0.24349052272578212,0.3233233233233233,0.5779848777914542
yolo,test,0.32432432432432434,0.3584769218055757,0.6844011647210354,0.24283465599790122,0.32432432432432434,0.576766145954768
yolo,test,0.3253253253253253,0.3578948989177609,0.6846961930505341,0.2422638492989038,0.3253253253253253,0.5757646102953978
yolo,test,0.3263263263263263,0.3574422036059007,0.6854724250733675,0.24175247589689774,0.3263263263263263,0.5746376393139689
yolo,test,0.32732732732732733,0.3569709683578265,0.6862301621335118,0.24122778251459304,0.32732732732732733,0.5739090438682228
yolo,test,0.3283283283283283,0.3565410241175075,0.6869220898957221,0.240750167788587,0.3283283283283283,0.57308836996337
yolo,test,0.32932932932932935,0.3558813433508695,0.6877561784885381,0.24004722240440743,0.32932932932932935,0.5717538566630614
yolo,test,0.3303303303303303,0.3554374485603536,0.6884833190557568,0.23955532235849675,0.3303303303303303,0.5703611457036114
yolo,test,0.3313313313313313,0.3547293913284238,0.6889187517733038,0.2388601229653491,0.3313313313313313,0.5682712855696772
yolo,test,0.33233233233233234,0.35434632195866944,0.6895245520901249,0.23844034892109922,0.33233233233233234,0.5675645405163241
yolo,test,0.3333333333333333,0.3538049996491238,0.6904268823193315,0.23784312019422446,0.3333333333333333,0.5656818561175097
yolo,test,0.33433433433433435,0.35354657068111855,0.6911664685368979,0.23752213550206597,0.33433433433433435,0.563750967599248
yolo,test,0.3353353353353353,0.35320254436090864,0.6918726791702311,0.23712861546533745,0.3353353353353353,0.5614979134636503
yolo,test,0.3363363363363363,0.3528938403815459,0.6928585634688746,0.2367350954286089,0.3363363363363363,0.5608595800524935
yolo,test,0.33733733733733734,0.3523195825914332,0.6932107839233106,0.23617760870991014,0.33733733733733734,0.5589849481062871
yolo,test,0.3383383383383383,0.3518395250471515,0.693451789404324,0.23571850200039351,0.3383383383383383,0.55709734895524
yolo,test,0.33933933933933935,0.3513081615200163,0.6942490625399299,0.23515013677995877,0.33933933933933935,0.5554422498926578
yolo,test,0.34034034034034033,0.35081967996483415,0.6951125386293437,0.23461409665217245,0.34034034034034033,0.5539602903501281
yolo,test,0.34134134134134136,0.35066299289407393,0.696533452924736,0.23431272870124226,0.34134134134134136,0.5520844383154768
yolo,test,0.34234234234234234,0.3502449296698383,0.6970435177312271,0.233882075162327,0.34234234234234234,0.5505351399799652
yolo,test,0.3433433433433433,0.34990471115220795,0.6978480501581731,0.2334885551255985,0.3433433433433433,0.5490874764002517
yolo,test,0.34434434434434436,0.3494784385931756,0.6980836270852739,0.23308281541792025,0.34434434434434436,0.5475780801918765
yolo,test,0.34534534534534533,0.3490453226511848,0.6993295578501842,0.23255954978469864,0.34534534534534533,0.5463222325967424
yolo,test,0.34634634634634637,0.3484921044581165,0.7001351602462881,0.23198006165147242,0.34634634634634637,0.5451636213481986
yolo,test,0.34734734734734735,0.3482535938211352,0.7009011064164719,0.231684921623926,0.34734734734734735,0.5438722595882323
yolo,test,0.3483483483483483,0.3477284799532694,0.7017799884943487,0.23112484269123346,0.3483483483483483,0.541906850992195
yolo,test,0.34934934934934936,0.34726820327035623,0.70224302769219,0.23066832819571062,0.34934934934934936,0.539361109704855
yolo,test,0.35035035035035034,0.34674655929373155,0.703150963529285,0.23011084147701188,0.35035035035035034,0.5378574305275876
yolo,test,0.35135135135135137,0.34632938625749266,0.703836116880004,0.22967048862533648,0.35135135135135137,0.5365475117652949
yolo,test,0.35235235235235235,0.34599372852107985,0.7043219559833921,0.2293238014035548,0.35235235235235235,0.5350562692958869
yolo,test,0.3533533533533533,0.3451727970930956,0.7050678649681554,0.22852461769891902,0.3533533533533533,0.5337560057457031
yolo,test,0.35435435435435436,0.34471951373265675,0.7059783791001697,0.22803226256460463,0.35435435435435436,0.5324201813165156
yolo,test,0.35535535535535534,0.34440971059745573,0.7067199494125562,0.22768413458385256,0.35535535535535534,0.5305233269692075
yolo,test,0.3563563563563564,0.3437619604232987,0.7072747461041231,0.22706106119236572,0.3563563563563564,0.5289364808955951
yolo,test,0.35735735735735735,0.3434762536546662,0.7086365437825616,0.22667213906268793,0.35735735735735735,0.527643299767622
yolo,test,0.35835835835835833,0.34312901600856544,0.7095766146936895,0.22627402111890862,0.35835835835835833,0.5264729970612324
yolo,test,0.35935935935935936,0.34281135035851334,0.7104111553977821,0.22591329441857413,0.35935935935935936,0.5247463143787096
yolo,test,0.36036036036036034,0.34235394883436016,0.7108325546277504,0.22547374747970758,0.36036036036036034,0.5231362467866324
yolo,test,0.3613613613613614,0.3420055535113398,0.7113894196358578,0.22511579017564243,0.3613613613613614,0.5212579806100733
yolo,test,0.36236236236236236,0.34150099044162785,0.7123791342487079,0.22458024039544397,0.36236236236236236,0.5194622038360286
yolo,test,0.36336336336336333,0.34078469446020365,0.7126775826155684,0.22393161051826055,0.36336336336336333,0.5185791838262823
yolo,test,0.36436436436436437,0.3402613524412242,0.7132556880361776,0.2234230975998575,0.36436436436436437,0.5164303973971648
yolo,test,0.36536536536536535,0.3394425657067455,0.7134407510475785,0.22269954745195777,0.36536536536536535,0.5157616997639217
yolo,test,0.3663663663663664,0.33905970084359716,0.7138286055651175,0.22233241502893208,0.3663663663663664,0.5140083728205365
yolo,test,0.36736736736736736,0.3381451901135535,0.7137866132591024,0.22155066876887122,0.36736736736736736,0.5126761852462017
yolo,test,0.3683683683683684,0.3376321790937467,0.7144549420971551,0.22104637328985835,0.3683683683683684,0.5102189117994368
yolo,test,0.36936936936936937,0.3371870669834072,0.7154734162821988,0.22056798058634486,0.36936936936936937,0.5084409136047666
yolo,test,0.37037037037037035,0.33667502231122326,0.7157861243972881,0.2201003925962407,0.37037037037037035,0.5062281566448606
yolo,test,0.3713713713713714,0.3359437977260219,0.7160282638358526,0.2194530249129634,0.3713713713713714,0.5045891997861344
yolo,test,0.37237237237237236,0.3354803848768364,0.7163970558878945,0.21902319650470853,0.37237237237237236,0.5033241733888839
yolo,test,0.3733733733733734,0.33469433894499523,0.7165646724190101,0.2183380337115498,0.3733733733733734,0.5014311506451187
yolo,test,0.3743743743743744,0.3341156798261734,0.7167510001451058,0.21782856783090676,0.3743743743743744,0.5000437981779958
yolo,test,0.37537537537537535,0.3332475736879612,0.7164733956236147,0.21711665962031684,0.37537537537537535,0.4976740141732968
yolo,test,0.3763763763763764,0.3323943461845865,0.7167792478682676,0.21636498931680176,0.3763763763763764,0.4958959737342319
yolo,test,0.37737737737737737,0.3315443970049967,0.7167308869948982,0.2156496618592285,0.37737737737737737,0.4940964320982354
yolo,test,0.3783783783783784,0.3308679082804953,0.716882930747641,0.21506391873072078,0.3783783783783784,0.4913789433351782
yolo,test,0.3793793793793794,0.33035024261814916,0.7172983547404098,0.2145894894201759,0.3793793793793794,0.4902949652483472
yolo,test,0.38038038038038036,0.3298403864095487,0.7175107655313737,0.21414048665311208,0.38038038038038036,0.4885660138976627
yolo,test,0.3813813813813814,0.3292196861136844,0.717900710111564,0.21358299993441332,0.3813813813813814,0.4874062277356356
yolo,test,0.38238238238238237,0.3289326895612187,0.7188809220264941,0.21325506657047288,0.38238238238238237,0.48561315844264
yolo,test,0.3833833833833834,0.32818883640463586,0.7188600425274099,0.21263199317898604,0.3833833833833834,0.48285973897241036
yolo,test,0.3843843843843844,0.3276416224179899,0.7193295121347365,0.21213195042328548,0.3843843843843844,0.4806856393012384
yolo,test,0.38538538538538536,0.32694659407425375,0.7200865348129977,0.21148422640519446,0.38538538538538536,0.4786380483036696
yolo,test,0.3863863863863864,0.326393823083852,0.7204309482920551,0.2109923263592838,0.3863863863863864,0.477046393004615
yolo,test,0.38738738738738737,0.32559564577072736,0.7205714512870168,0.21031375011225892,0.38738738738738737,0.47430338071147515
yolo,test,0.3883883883883884,0.32494342997553344,0.7208394004343194,0.20974711945526409,0.3883883883883884,0.47269318227151236
yolo,test,0.3893893893893894,0.3243317363711673,0.7214212720836779,0.20918869285761132,0.3893893893893894,0.4713049690427052
yolo,test,0.39039039039039036,0.3235174924474344,0.7215613083739041,0.2085000327933364,0.39039039039039036,0.46975496192242433
yolo,test,0.3913913913913914,0.3231143311969308,0.7226631722091009,0.20807371942021383,0.3913913913913914,0.4681885933945242
yolo,test,0.3923923923923924,0.32270420964844365,0.723431196585081,0.2076703225142747,0.3923923923923924,0.4658931630587136
yolo,test,0.3933933933933934,0.32214891741092705,0.7241037900650726,0.20715550600118057,0.3933933933933934,0.46420832688438324
yolo,test,0.3943943943943944,0.3213495567755315,0.724045488327169,0.20649963927329967,0.3943943943943944,0.4627014965567653
yolo,test,0.39539539539539537,0.320717966911468,0.7243481232989039,0.20595383938169567,0.39539539539539537,0.46052782339686055
yolo,test,0.3963963963963964,0.3200687111702552,0.7248760879337789,0.20537625137787432,0.3963963963963964,0.4590089234858553
yolo,test,0.3973973973973974,0.3194267155953332,0.7253357630997732,0.2048112118075005,0.3973973973973974,0.45776988743673036
yolo,test,0.3983983983983984,0.31863084083006016,0.7256849653256052,0.2041296294594541,0.3983983983983984,0.4557902239561841
yolo,test,0.3993993993993994,0.317969254515092,0.7256647812277847,0.20358846864343708,0.3993993993993994,0.45275166288878155
yolo,test,0.40040040040040037,0.317560553455256,0.7265070436422968,0.20318751229750115,0.40040040040040037,0.451156432424444
yolo,test,0.4014014014014014,0.31709718210895266,0.7269137318629605,0.20277659506190354,0.4014014014014014,0.44974652854309016
yolo,test,0.4024024024024024,0.3167645663884329,0.7278349101814446,0.2024332655604381,0.4024024024024024,0.4476871443163578
yolo,test,0.4034034034034034,0.31632584191964186,0.7287197075094876,0.20200695218731554,0.4034034034034034,0.4453051473249837
yolo,test,0.4044044044044044,0.3160424399140337,0.7299713867998762,0.2016801039023458,0.4044044044044044,0.4434376123696512
yolo,test,0.40540540540540543,0.31569107504963145,0.7305360310209823,0.20135108545943464,0.40540540540540543,0.4418355312533505
yolo,test,0.4064064064064064,0.315006805172717,0.7307413376472527,0.2007791879260801,0.4064064064064064,0.4390477202678287
yolo,test,0.4074074074074074,0.31435193751368773,0.7304551904319434,0.20026890535843117,0.4074074074074074,0.43741858254409743
yolo,test,0.4084084084084084,0.3138979364002694,0.7307909114801004,0.19987538532170263,0.4084084084084084,0.43596205677482586
yolo,test,0.4094094094094094,0.3132975315797818,0.7308618674247782,0.19938348527579197,0.4094094094094094,0.4346736292428198
yolo,test,0.41041041041041043,0.31261905919852245,0.73117213733202,0.19881128343554583,0.41041041041041043,0.43310845874416193
yolo,test,0.4114114114114114,0.31210158143988287,0.7310799524611823,0.1983996851839706,0.4114114114114114,0.4313712006601568
yolo,test,0.4124124124124124,0.3114406820412324,0.7312815571160918,0.19785108911389035,0.4124124124124124,0.4293517222544635
yolo,test,0.4134134134134134,0.31078544435262595,0.7318012039187778,0.19728471174657308,0.4134134134134134,0.4279216591425953
yolo,test,0.4144144144144144,0.31032942173291433,0.7321625072690923,0.19689119170984457,0.4144144144144144,0.42631135098667566
yolo,test,0.41541541541541543,0.3101318315308214,0.7326853119233017,0.1966944316914803,0.41541541541541543,0.4249438126865922
yolo,test,0.4164164164164164,0.30955021040581615,0.7330232670511255,0.1962025316455696,0.4164164164164164,0.42337056176029336
yolo,test,0.4174174174174174,0.3089290788255774,0.7332374620733518,0.19568846852530852,0.4174174174174174,0.4212302703418153
yolo,test,0.4184184184184184,0.30854810968330243,0.7340481740240811,0.1953253594960348,0.4184184184184184,0.4201099660883021
yolo,test,0.4194194194194194,0.3079639369343922,0.7340393494961243,0.19485800485341379,0.4194194194194194,0.41838403663722606
yolo,test,0.42042042042042044,0.3073816501109614,0.7345310151235084,0.19435755251362702,0.42042042042042044,0.41667208319792004
yolo,test,0.4214214214214214,0.30660540123007823,0.7348866233435394,0.19371254878554228,0.4214214214214214,0.41566128667076363
yolo,test,0.4224224224224224,0.30616755951222496,0.7353284205983025,0.19333257206877477,0.4224224224224224,0.4130037510820429
yolo,test,0.42342342342342343,0.30541366814529947,0.7357938351498715,0.19269979760881242,0.42342342342342343,0.41145916318791625
yolo,test,0.4244244244244244,0.3046950743392205,0.7364636055033753,0.19208240039269095,0.4244244244244244,0.40982049577357776
yolo,test,0.42542542542542544,0.3043834073059018,0.73685472113514,0.19180822456876762,0.42542542542542544,0.40802591439443975
yolo,test,0.4264264264264264,0.3037308800272459,0.7369549556221917,0.1912835311864629,0.4264264264264264,0.40600024975024973
yolo,test,0.4274274274274274,0.3030380309787913,0.7375677712250824,0.19069325113137012,0.4274274274274274,0.40402975821450715
yolo,test,0.42842842842842843,0.30253153711449154,0.7384427352523293,0.1902341444218535,0.42842842842842843,0.4024581831623695
yolo,test,0.4294294294294294,0.3022234207963227,0.7394223378003024,0.1899258129417298,0.4294294294294294,0.4003301439794577
yolo,test,0.43043043043043044,0.30145818896179716,0.7395117460497717,0.18931593100282024,0.43043043043043044,0.39879686455611596
yolo,test,0.4314314314314314,0.3009221879348648,0.73956883583227,0.18888961762969764,0.4314314314314314,0.39679715302491103
yolo,test,0.43243243243243246,0.3001060491440704,0.7397722978183664,0.18823375090181674,0.43243243243243246,0.3950569203115638
yolo,test,0.43343343343343343,0.29964956471857485,0.7403075016564853,0.18784023086508822,0.43343343343343343,0.3922237380627558
yolo,test,0.4344344344344344,0.2989652522006667,0.7406198145775392,0.18728274414638946,0.4344344344344344,0.3911888029291915
yolo,test,0.43543543543543545,0.2983246529601856,0.7406869223734551,0.1867759773670034,0.43543543543543545,0.38975638391546813
yolo,test,0.4364364364364364,0.2976576076086029,0.7408157476868327,0.1862451912275594,0.4364364364364364,0.3881419697279011
yolo,test,0.43743743743743746,0.29686590246713357,0.7406692750017349,0.185634892633789,0.43743743743743746,0.386830201809325
yolo,test,0.43843843843843844,0.29617318525965103,0.7409632831213693,0.1850751254367578,0.43843843843843844,0.38549145114321137
yolo,test,0.4394394394394394,0.2956328933659191,0.7413760810556757,0.18462774692083264,0.4394394394394394,0.3837409083099479
yolo,test,0.44044044044044045,0.2951256768006529,0.7418962686417979,0.18420017052534926,0.44044044044044045,0.3818905472636816
yolo,test,0.44144144144144143,0.2950974124440262,0.7429948140927624,0.1841105720567556,0.44144144144144143,0.38015362024172594
yolo,test,0.44244244244244246,0.29449657857853273,0.7430009865421039,0.1836426838066505,0.44244244244244246,0.379255094869993
yolo,test,0.44344344344344344,0.2936276331891894,0.7432214867259157,0.18295402374237554,0.44344344344344344,0.37664327094474154
yolo,test,0.4444444444444444,0.29286797753739596,0.7432349721124434,0.18236374368728275,0.4444444444444444,0.3745164142809771
yolo,test,0.44544544544544545,0.29216209656471065,0.7434091942057647,0.181806256968584,0.44544544544544545,0.3732791074716276
yolo,test,0.44644644644644643,0.2913382391310653,0.7436751891911075,0.18115286040495837,0.44644644644644643,0.37086273121032987
yolo,test,0.44744744744744747,0.29067928084738726,0.7439786840804096,0.18062569685839838,0.44744744744744747,0.36959406396403716
yolo,test,0.44844844844844844,0.2902277842725144,0.7444322303431142,0.18025054714657834,0.44844844844844844,0.3681419264523771
yolo,test,0.4494494494494494,0.2897738951078826,0.7448450304462687,0.1798764379368319,0.4494494494494494,0.3662231484450144
yolo,test,0.45045045045045046,0.28917540581092965,0.7448626454933188,0.1794144170464092,0.45045045045045046,0.36447333510214913
yolo,test,0.45145145145145144,0.28863901955899274,0.7451332270855133,0.17898603003869615,0.45145145145145144,0.36278591757141354
yolo,test,0.45245245245245247,0.28811329644411426,0.7455803077678167,0.17855623534161388,0.45245245245245247,0.3608996992284556
yolo,test,0.45345345345345345,0.2871906129446269,0.7457379041986505,0.17783904228960382,0.45345345345345345,0.3579786683234959
yolo,test,0.4544544544544544,0.2868816698031581,0.7460805841047775,0.17758274662324428,0.4544544544544544,0.3560711165921587
yolo,test,0.45545545545545546,0.28624884825761737,0.7463295669204083,0.17708401652784153,0.45545545545545546,0.3541486052322913
yolo,test,0.45645645645645644,0.28589219772044694,0.7467259480402839,0.17678887650029515,0.45645645645645644,0.35246752589066416
yolo,test,0.4574574574574575,0.2850224620958903,0.7465928754232652,0.17613160532004013,0.4574574574574575,0.35077572983982497
yolo,test,0.45845845845845845,0.2844410684973378,0.7474369338104193,0.17564110972650357,0.45845845845845845,0.34900149775336997
yolo,test,0.45945945945945943,0.2836362338494529,0.747614114183732,0.17501803633501672,0.45945945945945943,0.3477537850583271
yolo,test,0.46046046046046046,0.28291109745316395,0.7477161642865698,0.17446061577527358,0.46046046046046046,0.3461775509700959
yolo,test,0.46146146146146144,0.28238608905290474,0.7481037699202377,0.17404050460340836,0.46146146146146144,0.3441596556446879
yolo,test,0.4624624624624625,0.2815818249536003,0.7481768228734471,0.17342598137904944,0.4624624624624625,0.3426967657278935
yolo,test,0.46346346346346345,0.2812921196914792,0.7494558062038598,0.17313784281810912,0.46346346346346345,0.34085811446349756
yolo,test,0.46446446446446443,0.2806233831854685,0.7493385498273869,0.1726376399994779,0.46446446446446443,0.3391681233686933
yolo,test,0.46546546546546547,0.2801183722755438,0.7498108754459722,0.1722306027415229,0.46546546546546547,0.3375823444077148
yolo,test,0.46646646646646645,0.27957472662015137,0.7498365022664053,0.17181840096486684,0.46646646646646645,0.33606596106596104
yolo,test,0.4674674674674675,0.27872081981820207,0.7496945355954346,0.1711812159769135,0.4674674674674675,0.33470298192063863
yolo,test,0.46846846846846846,0.2784090493303051,0.750966214964902,0.1708800937544107,0.46846846846846846,0.3323484936605793
yolo,test,0.4694694694694695,0.2776405376532534,0.7506732379246152,0.17031650731919606,0.4694694694694695,0.33144272617834986
yolo,test,0.47047047047047047,0.2771209649215795,0.7511293631475604,0.16990227585754575,0.47047047047047047,0.3295736469723422
yolo,test,0.47147147147147145,0.27663891088208803,0.7510212407952843,0.16954553019851426,0.47147147147147145,0.32809291288276365
yolo,test,0.4724724724724725,0.2762719121279642,0.7516648184971044,0.1692372514163102,0.4724724724724725,0.326920895623965
yolo,test,0.47347347347347346,0.275605479703523,0.7519755758076732,0.16872171574736014,0.47347347347347346,0.325628072707591
yolo,test,0.4744744744744745,0.2748939822896095,0.7524656802011055,0.16816422902866138,0.4744744744744745,0.32479572595851663
yolo,test,0.4754754754754755,0.2742318391429995,0.7526714522910549,0.16765869662505856,0.4754754754754755,0.32348086017667527
yolo,test,0.47647647647647645,0.27370622391828764,0.7529942451074023,0.16725000196582895,0.47647647647647645,0.3222416812609457
yolo,test,0.4774774774774775,0.27318682796621024,0.7534300102978624,0.16684090716854402,0.4774774774774775,0.3206280001761571
yolo,test,0.47847847847847846,0.2725871623916316,0.7536994086535413,0.16638066403348528,0.47847847847847846,0.31907542259835114
yolo,test,0.4794794794794795,0.2718897311118482,0.753893838946713,0.16585187611313876,0.4794794794794795,0.31655517308566605
yolo,test,0.4804804804804805,0.2711966257477671,0.7544172433222803,0.16531120876237948,0.4804804804804805,0.31515099371934957
yolo,test,0.48148148148148145,0.27048289842069956,0.7543041881274066,0.16478651538007477,0.48148148148148145,0.3141555051564038
yolo,test,0.4824824824824825,0.2700306430445113,0.7547821977858534,0.16442821489218937,0.4824824824824825,0.3122718397147466
yolo,test,0.48348348348348347,0.2689391435042343,0.7547808924880646,0.16361955680437276,0.48348348348348347,0.3110825122892888
yolo,test,0.4844844844844845,0.26824757194919324,0.7550998582153238,0.16309300196909915,0.4844844844844845,0.30856951899580193
yolo,test,0.4854854854854855,0.26767277426167385,0.7557336791951309,0.16263885781016488,0.4854854854854855,0.30702391074428154
yolo,test,0.48648648648648646,0.26721517255209376,0.7562462676714827,0.16227748367224512,0.48648648648648646,0.30602141221610246
yolo,test,0.4874874874874875,0.2667272752835403,0.7570690436215135,0.16188008094100145,0.4874874874874875,0.3050016412276383
yolo,test,0.48848848848848847,0.2657836728989946,0.7570915747999534,0.16118444714746052,0.48848848848848847,0.3029243095945012
yolo,test,0.4894894894894895,0.26495097689685554,0.7574514845531134,0.160556174985243,0.4894894894894895,0.3014520265767312
yolo,test,0.4904904904904905,0.2641931924133319,0.7579383586480226,0.1599782617914583,0.4904904904904905,0.2995034637408401
yolo,test,0.49149149149149146,0.2633613348972087,0.758522601856792,0.15934282153866333,0.49149149149149146,0.29794466088892424
yolo,test,0.4924924924924925,0.2627231331570471,0.7590904175393683,0.15885092149275268,0.4924924924924925,0.29606923198233714
yolo,test,0.4934934934934935,0.2623156961547103,0.7594809244670301,0.1585360898747549,0.4934934934934935,0.29456438763726045
yolo,test,0.4944944944944945,0.26160364116746443,0.7598949951481289,0.1579982947465075,0.4944944944944945,0.2924974784700132
yolo,test,0.4954954954954955,0.2605512893768995,0.759595200502821,0.15724404800944447,0.4954954954954955,0.29055950778696404
yolo,test,0.4964964964964965,0.25987673954042967,0.7604973163763293,0.15671458162069524,0.4964964964964965,0.2886694247964767
yolo,test,0.4974974974974975,0.25949100747405157,0.7611110864843125,0.15640817937215395,0.4974974974974975,0.28744931600288
yolo,test,0.4984984984984985,0.2588885684685578,0.7615540593523108,0.15595205769466564,0.4984984984984985,0.2858673987439359
yolo,test,0.4994994994994995,0.2582231798940021,0.7613665057946815,0.15547722545383288,0.4994994994994995,0.2848966613672496
yolo,test,0.5005005005005005,0.2575340913663499,0.7612834972690565,0.1549813077982554,0.5005005005005005,0.2828052621826941
yolo,test,0.5015015015015015,0.2565278885866153,0.7611629154998976,0.15425804470132778,0.5015015015015015,0.280271236140383
yolo,test,0.5025025025025025,0.2555755017416527,0.7613299261611362,0.15356300295272857,0.5025025025025025,0.2782589747780138
yolo,test,0.5035035035035035,0.25513306735270463,0.7613236757312237,0.15324390981042826,0.5035035035035035,0.2769610937753648
yolo,test,0.5045045045045045,0.25457785155392715,0.7620569521562005,0.1528139521679011,0.5045045045045045,0.27460954930834447
yolo,test,0.5055055055055055,0.25417879213481936,0.7625653987291731,0.15250611444092124,0.5055055055055055,0.27291235151450777
yolo,test,0.5065065065065065,0.25345654341044704,0.7630528118146158,0.1519670513484415,0.5065065065065065,0.2716705063046269
yolo,test,0.5075075075075075,0.25294979430791187,0.7632394649311813,0.15159548397608574,0.5075075075075075,0.26995534468322635
yolo,test,0.5085085085085085,0.2526345528223661,0.7639480620989537,0.15134124745851643,0.5085085085085085,0.26772210904319604
yolo,test,0.5095095095095095,0.25188632461786464,0.7641821246569314,0.15079542152234826,0.5095095095095095,0.2660126354717756
yolo,test,0.5105105105105106,0.2511127740911019,0.764277819983422,0.15023757905663165,0.5105105105105106,0.2647844204439153
yolo,test,0.5115115115115115,0.25049626862394586,0.7642596128299483,0.1497971380090775,0.5115115115115115,0.26313214803819035
yolo,test,0.5125125125125125,0.2501430050184551,0.7648262786958244,0.14952287250627339,0.5125125125125125,0.2613501446464106
yolo,test,0.5135135135135135,0.24966294887415139,0.7652919248145315,0.14916224615131737,0.5135135135135135,0.25987387985396615
yolo,test,0.5145145145145145,0.249357522586796,0.7659043124049764,0.14892107897819531,0.5145145145145145,0.2584290020259253
yolo,test,0.5155155155155156,0.2489158801378333,0.7664237296062163,0.14858660720141667,0.5155155155155156,0.25699620766313586
yolo,test,0.5165165165165165,0.248464792926483,0.7667827740991344,0.14825181792523567,0.5165165165165165,0.2555113958958553
yolo,test,0.5175175175175175,0.24787578242101296,0.7672964128567821,0.14781353808684142,0.5175175175175175,0.2536891175052242
yolo,test,0.5185185185185185,0.24729122453523786,0.7673160935084957,0.14739726451608232,0.5185185185185185,0.2521729422834633
yolo,test,0.5195195195195195,0.24674616739405225,0.7678723361270416,0.14698974069627724,0.5195195195195195,0.2507279402456007
yolo,test,0.5205205205205206,0.2462111352781444,0.7685299208034501,0.14658621368137995,0.5205205205205206,0.24926193467336683
yolo,test,0.5215215215215215,0.24585742831866017,0.7691640103491267,0.14631256343832105,0.5215215215215215,0.24751381215469614
yolo,test,0.5225225225225225,0.24506786472099915,0.7694044902010387,0.14574501284289304,0.5225225225225225,0.2462104238453575
yolo,test,0.5235235235235235,0.24478139964131448,0.7701912786017237,0.14551430281399877,0.5235235235235235,0.24498219985268843
yolo,test,0.5245245245245245,0.24398802393529864,0.7710802239885046,0.14492245919136695,0.5245245245245245,0.24351440228975094
yolo,test,0.5255255255255256,0.24369543628430368,0.771614359067846,0.1446972543930397,0.5255255255255256,0.24202975156686551
yolo,test,0.5265265265265265,0.243277104072869,0.771658259963402,0.14440084241176385,0.5265265265265265,0.24073407700611732
yolo,test,0.5275275275275275,0.24255518814988572,0.7717119419444369,0.1438905678097767,0.5275275275275275,0.23934357936708672
yolo,test,0.5285285285285285,0.2420584905558358,0.7718225851357835,0.14353727865106458,0.5285285285285285,0.23743020874766135
yolo,test,0.5295295295295295,0.2411807039140897,0.7722738529587932,0.14290491564136457,0.5295295295295295,0.23583362542353078
yolo,test,0.5305305305305306,0.24076220576804863,0.7720578909402592,0.14261852210344808,0.5305305305305306,0.23449095547309834
yolo,test,0.5315315315315315,0.24018698006947825,0.7734283009291575,0.14216861309297568,0.5315315315315315,0.23264392232285103
yolo,test,0.5325325325325325,0.23966394828506316,0.7735437295653609,0.1417983865678494,0.5325325325325325,0.23065233137809088
yolo,test,0.5335335335335335,0.23936586921309339,0.7746094929538798,0.14155409657649443,0.5335335335335335,0.2291775245446734
yolo,test,0.5345345345345345,0.23859659107909387,0.7745061148729128,0.14101977519637,0.5345345345345345,0.22753538229629008
yolo,test,0.5355355355355356,0.23794569702975557,0.7749013919406271,0.14055223978487572,0.5355355355355356,0.22625380991964533
yolo,test,0.5365365365365365,0.23719856234112127,0.7754979140243669,0.14001170127724713,0.5365365365365365,0.22440750493745887
yolo,test,0.5375375375375375,0.23672721880272815,0.7759190672179872,0.13966971197260264,0.5375375375375375,0.2230537903631836
yolo,test,0.5385385385385385,0.23598306364011631,0.7762236955224545,0.13914212631993178,0.5385385385385385,0.2216897720063174
yolo,test,0.5395395395395395,0.23503735385760058,0.7761849451820937,0.1384862595920509,0.5395395395395395,0.21978359604595243
yolo,test,0.5405405405405406,0.2342928799997436,0.7767598559961902,0.13795148742892557,0.5405405405405406,0.21851223456430105
yolo,test,0.5415415415415415,0.23361203679723552,0.7774340850090117,0.13745855592119413,0.5415415415415415,0.21719230870400083
yolo,test,0.5425425425425425,0.23302130033974314,0.7776380162881256,0.13704335279071292,0.5425425425425425,0.21580340955039326
yolo,test,0.5435435435435435,0.23267125181418777,0.7782933751781023,0.13678100609956056,0.5435435435435435,0.21482451137954275
yolo,test,0.5445445445445445,0.2320787435048643,0.7788463150406165,0.136354692726438,0.5445445445445445,0.2128947064781221
yolo,test,0.5455455455455456,0.23168110871465017,0.7795249667658949,0.13605955269889158,0.5455455455455456,0.2116270194631726
yolo,test,0.5465465465465466,0.2309783831883601,0.7794250254907421,0.13557811087542973,0.5465465465465466,0.21066801491499715
yolo,test,0.5475475475475475,0.22997048365799166,0.7795688975615575,0.13487981149592312,0.5475475475475475,0.20894439161119174
yolo,test,0.5485485485485485,0.22962300821874485,0.7803801537477542,0.13461664589755362,0.5485485485485485,0.2078420653753929
yolo,test,0.5495495495495496,0.2290999741680818,0.7802615831069916,0.13426077418666119,0.5495495495495496,0.20681868660694455
yolo,test,0.5505505505505506,0.22835656097816573,0.7809156705957705,0.13373122581491442,0.5505505505505506,0.20568957279198266
yolo,test,0.5515515515515516,0.22777231631867093,0.7808647653624377,0.13333214470256452,0.5515515515515516,0.20444104134762633
yolo,test,0.5525525525525525,0.22713610166907247,0.7814847908234362,0.13287839507081062,0.5525525525525525,0.20340415258329309
yolo,test,0.5535535535535535,0.22660704598405493,0.7825760416392158,0.1324850790319407,0.5535535535535535,0.2023518411967779
yolo,test,0.5545545545545546,0.2260523934950142,0.7833433523707832,0.1320842218092822,0.5545545545545546,0.20101989872334355
yolo,test,0.5555555555555556,0.22536847380644223,0.7839744262274647,0.1315996589493015,0.5555555555555556,0.19942322405979637
yolo,test,0.5565565565565566,0.22507896282305295,0.7851212691038321,0.13137010559454318,0.5565565565565566,0.19806971886050392
yolo,test,0.5575575575575575,0.22445618700368306,0.7852002950623374,0.1309437922214206,0.5575575575575575,0.196800814843108
yolo,test,0.5585585585585585,0.22383527045840315,0.7863693213573372,0.13048910199682556,0.5585585585585585,0.19562196368480894
yolo,test,0.5595595595595596,0.22338805834309097,0.7864419429266077,0.13018323958369177,0.5595595595595596,0.1939289245491016
yolo,test,0.5605605605605606,0.2225749149397088,0.7869606399625905,0.12961717442622897,0.5605605605605606,0.19208036496842484
yolo,test,0.5615615615615616,0.22191295111325088,0.7871574865237118,0.12916310238544465,0.5615615615615616,0.19067395588611893
yolo,test,0.5625625625625625,0.22123249281145999,0.7868830384229405,0.12870962924417312,0.5625625625625625,0.1899132128940843
yolo,test,0.5635635635635635,0.22051204831864998,0.7868921269092005,0.1282219453007149,0.5635635635635635,0.18847604842954904
yolo,test,0.5645645645645646,0.21996499698740588,0.7877926302185282,0.12782842526398636,0.5645645645645646,0.18766487169984086
yolo,test,0.5655655655655656,0.2190926172284598,0.7878182604464461,0.12723890772375734,0.5655655655655656,0.18686080776564395
yolo,test,0.5665665665665666,0.21876758707981994,0.7883143870874294,0.1270068236447453,0.5665665665665666,0.18590612692878816
yolo,test,0.5675675675675675,0.21815028522783234,0.7886487077340972,0.12658227848101267,0.5675675675675675,0.18478620616025196
yolo,test,0.5685685685685685,0.2174909249634455,0.7892480197044448,0.12612317177149604,0.5685685685685685,0.18367498278510513
yolo,test,0.5695695695695696,0.2171076293238494,0.7901747958397813,0.12584191318449747,0.5695695695695696,0.18268350915573692
yolo,test,0.5705705705705706,0.21612853743656701,0.790598761565554,0.12517385994919955,0.5705705705705706,0.1817659472221642
yolo,test,0.5715715715715716,0.21574158222580803,0.7910603196047759,0.12490282554851703,0.5715715715715716,0.18073600929084707
yolo,test,0.5725725725725725,0.21487687429423913,0.791221899654251,0.12431953826982357,0.5725725725725725,0.17948849735819575
yolo,test,0.5735735735735735,0.2139701700511039,0.791453770771726,0.12370726480715426,0.5735735735735735,0.17770349900434837
yolo,test,0.5745745745745746,0.2132681612389672,0.7916525643599633,0.12323338037483209,0.5745745745745746,0.17622270720399072
yolo,test,0.5755755755755756,0.21228855885051054,0.791612584469102,0.12258064558807297,0.5755755755755756,0.17474761553931623
yolo,test,0.5765765765765766,0.21170790151901467,0.7917581287047627,0.12219013772510202,0.5765765765765766,0.17326869260178945
yolo,test,0.5775775775775776,0.2111191612265596,0.7917344922490267,0.12179862530917018,0.5775775775775776,0.17197004462062704
yolo,test,0.5785785785785785,0.21050418106760496,0.7923451152905461,0.12137509304231694,0.5785785785785785,0.1710336270489817
yolo,test,0.5795795795795796,0.20992945543042776,0.7928315482676654,0.12098177307216303,0.5795795795795796,0.1693981215257811
yolo,test,0.5805805805805806,0.20955451744089132,0.7937176604463453,0.12071227126647865,0.5805805805805806,0.16825840294209882
yolo,test,0.5815815815815816,0.20912967569342522,0.7946229839118846,0.12040959727206789,0.5815815815815816,0.16743136588497412
yolo,test,0.5825825825825826,0.20840473921354863,0.7947976389287648,0.11992523119302158,0.5825825825825826,0.165712153717004
yolo,test,0.5835835835835835,0.2079568156682993,0.796185683718238,0.11959729782908113,0.5835835835835835,0.16423185891342668
yolo,test,0.5845845845845846,0.20729392706629984,0.7962142003279719,0.1191583716375225,0.5845845845845846,0.162554704595186
yolo,test,0.5855855855855856,0.20643480866024916,0.79667730601741,0.11858070440086574,0.5855855855855856,0.1615433327302334
yolo,test,0.5865865865865866,0.20568022973751168,0.7979085565887869,0.11805601101856103,0.5865865865865866,0.1600014311398134
yolo,test,0.5875875875875876,0.2051029205652375,0.7985739601738787,0.11766131952961233,0.5875875875875876,0.15906185640224416
yolo,test,0.5885885885885885,0.20428598707626497,0.7982041698851962,0.11713189319733268,0.5885885885885885,0.15730386314239642
yolo,test,0.5895895895895896,0.2035494375740962,0.7980769157375363,0.11665057790331518,0.5895895895895896,0.15630922779989914
yolo,test,0.5905905905905906,0.20309713015626815,0.7994237238775819,0.1163250060209066,0.5905905905905906,0.1551235562139861
yolo,test,0.5915915915915916,0.20258284578326727,0.800024601903419,0.11597507132796862,0.5915915915915916,0.1535802763423376
yolo,test,0.5925925925925926,0.20206668182930662,0.8008055694198967,0.11562056738715984,0.5925925925925926,0.15230381539135784
yolo,test,0.5935935935935935,0.2013083053923251,0.801025019365522,0.11511971506765582,0.5935935935935935,0.15104257928859297
yolo,test,0.5945945945945946,0.20068126189085173,0.801363139706533,0.11470285482939134,0.5945945945945946,0.14965582132422126
yolo,test,0.5955955955955956,0.20023000630335713,0.802038983085958,0.11439434698745843,0.5955955955955956,0.14860055470558878
yolo,test,0.5965965965965966,0.19948699240981824,0.8031848673082309,0.11388648728257984,0.5965965965965966,0.14711589773443942
yolo,test,0.5975975975975976,0.19849962395545295,0.8035842886375969,0.11323539056863645,0.5975975975975976,0.14600107353730543
yolo,test,0.5985985985985985,0.19807234678450328,0.8044525440860477,0.11294025054109005,0.5985985985985985,0.14445341310162543
yolo,test,0.5995995995995996,0.1972792075700435,0.8050689184419163,0.11241277433866975,0.5995995995995996,0.1429006846103348
yolo,test,0.6006006006006006,0.19669514373816765,0.8060308304574433,0.1120150491976251,0.6006006006006006,0.14158272713920175
yolo,test,0.6016016016016016,0.1958318350007612,0.8063834683360872,0.11144868535775379,0.6016016016016016,0.14071392412830386
yolo,test,0.6026026026026026,0.19520133780082394,0.8065005589531363,0.11103823703023545,0.6026026026026026,0.13926084221853427
yolo,test,0.6036036036036035,0.19414168608878227,0.8065705630624403,0.11035167784036416,0.6036036036036035,0.1375309140086223
yolo,test,0.6046046046046046,0.19387615341264527,0.8080372390017166,0.11015281694759625,0.6046046046046046,0.13635825752533096
yolo,test,0.6056056056056056,0.19315598130803358,0.808345579397153,0.10968242028284807,0.6056056056056056,0.1356763984190188
yolo,test,0.6066066066066066,0.19209162665946275,0.8077789878332045,0.10900684786996495,0.6066066066066066,0.13406582256463034
yolo,test,0.6076076076076076,0.19125031035585688,0.8087650041935425,0.10844756345510592,0.6076076076076076,0.13290440121650313
yolo,test,0.6086086086086087,0.19063539871952462,0.8087844347531864,0.10805194941029633,0.6086086086086087,0.13154351000042525
yolo,test,0.6096096096096096,0.1897603315035617,0.8089691630772906,0.10748678185537815,0.6096096096096096,0.13060094701493585
yolo,test,0.6106106106106106,0.18902228238214117,0.8094705003809113,0.10700465665376796,0.6106106106106106,0.1294835954993672
yolo,test,0.6116116116116116,0.18828118824727386,0.810462536488576,0.10651275660785728,0.6116116116116116,0.12860984691766653
yolo,test,0.6126126126126126,0.18801189413014138,0.81188430052487,0.10631599658949302,0.6126126126126126,0.1271204316732783
yolo,test,0.6136136136136137,0.1874816971021444,0.8131647527907958,0.10595526988915853,0.6136136136136137,0.12513793126508885
yolo,test,0.6146146146146146,0.18712217620964813,0.8151070982610374,0.10569292319800616,0.6146146146146146,0.12429539636855577
yolo,test,0.6156156156156156,0.18643760314940488,0.8164592660582193,0.10523381648848953,0.6156156156156156,0.12274542875260677
yolo,test,0.6166166166166166,0.18566445601871104,0.816665387757784,0.10473804144318072,0.6166166166166166,0.1212144652871785
yolo,test,0.6176176176176176,0.1851514259839336,0.8174369026317424,0.10439902862599885,0.6176176176176176,0.12042068921424462
yolo,test,0.6186186186186187,0.18452388795630587,0.8172894146856515,0.10400255609361027,0.6186186186186187,0.11878376506441335
yolo,test,0.6196196196196196,0.18357802272174562,0.8176842506645408,0.10339567600119824,0.6196196196196196,0.1174572783728173
yolo,test,0.6206206206206206,0.1829310575023543,0.8177280511254809,0.10298470080260341,0.6206206206206206,0.11621737795517348
yolo,test,0.6216216216216216,0.181984412368248,0.8183408485665067,0.10237544264571265,0.6216216216216216,0.11479092863414782
yolo,test,0.6226226226226226,0.18122181407206725,0.8184956739728563,0.10189062718795346,0.6226226226226226,0.11355114197032491
yolo,test,0.6236236236236237,0.18081924644673578,0.819120838812355,0.10162654948514462,0.6236236236236237,0.11247671151855686
yolo,test,0.6246246246246246,0.18028573634173867,0.8201966556826349,0.10127319421131847,0.6246246246246246,0.11163139603710888
yolo,test,0.6256256256256256,0.17968310728559655,0.819867076770954,0.10089802291029107,0.6256256256256256,0.11055672421086792
yolo,test,0.6266266266266266,0.17858161686874863,0.819297023175239,0.10021242568895387,0.6266266266266266,0.10937929297554722
yolo,test,0.6276276276276276,0.17807783164148291,0.8205641252891199,0.09987644872858828,0.6276276276276276,0.10841476194522333
yolo,test,0.6286286286286287,0.17735351917367764,0.822229263441201,0.09939660261034958,0.6286286286286287,0.10691897559452104
yolo,test,0.6296296296296297,0.17641560504197779,0.8223307178360468,0.09880632255525677,0.6296296296296297,0.1053390974226182
yolo,test,0.6306306306306306,0.17575878649108856,0.8243804706833062,0.09836517255230659,0.6306306306306306,0.10438695529452635
yolo,test,0.6316316316316316,0.17501795621216318,0.8253184562725753,0.09788810913622352,0.6316316316316316,0.10313512355760221
yolo,test,0.6326326326326326,0.17404734543668346,0.8264877063504815,0.09726503574473667,0.6326326326326326,0.1022043982008805
yolo,test,0.6336336336336337,0.17367684579102577,0.8272121631132852,0.09702369998105874,0.6336336336336337,0.10120091967507608
yolo,test,0.6346346346346347,0.17309041471661882,0.8273645374065572,0.09665573311390083,0.6346346346346347,0.09968685297541177
yolo,test,0.6356356356356356,0.1725147674704142,0.8285205685792106,0.09628123565291533,0.6356356356356356,0.09875191034131431
yolo,test,0.6366366366366366,0.17162959786099827,0.828333294085559,0.09573263904294528,0.6366366366366366,0.09774197608558842
yolo,test,0.6376376376376376,0.1710340623808754,0.830109656969761,0.09533872747163846,0.6376376376376376,0.09681595260026389
yolo,test,0.6386386386386387,0.16993826891795255,0.8309896543179035,0.09464682242937267,0.6386386386386387,0.09619421599861698
yolo,test,0.6396396396396397,0.16917057267457156,0.8319459389845619,0.09415853673442348,0.6396396396396397,0.09536847354705598
yolo,test,0.6406406406406406,0.16854442237943484,0.8325667704954761,0.09376286629402976,0.6406406406406406,0.09430255402750491
yolo,test,0.6416416416416416,0.1677087567850922,0.8325260383574916,0.09324642186315048,0.6416416416416416,0.0935047930345691
yolo,test,0.6426426426426426,0.1669902131858065,0.8323035185652632,0.09280514199514658,0.6426426426426426,0.09225460519811884
yolo,test,0.6436436436436437,0.16651947919140384,0.8328863310033444,0.09250725604856268,0.6436436436436437,0.09115311382529141
yolo,test,0.6446446446446447,0.16571990529079966,0.8326392941089341,0.09201700909216222,0.6446446446446447,0.0898893873090342
yolo,test,0.6456456456456456,0.16519499865945797,0.8329103859462086,0.09169016855774907,0.6456456456456456,0.08907639061687063
yolo,test,0.6466466466466466,0.16477494328856043,0.8337226949554571,0.09142164876434565,0.6466466466466466,0.08788764786108412
yolo,test,0.6476476476476476,0.16379677145838317,0.8338064720399163,0.09081881856820705,0.6476476476476476,0.08683227082875357
yolo,test,0.6486486486486487,0.16274935175705385,0.834823267964725,0.09016338149678328,0.6486486486486487,0.08567555041560006
yolo,test,0.6496496496496497,0.16209236364140503,0.8352484914329785,0.08975536171050043,0.6496496496496497,0.08458323193250761
yolo,test,0.6506506506506506,0.16132309228682926,0.8355087147835925,0.08928088698027169,0.6506506506506506,0.0839852017405733
yolo,test,0.6516516516516516,0.16068088745050269,0.8370774722900034,0.08886994162786122,0.6516516516516516,0.08309394482983554
yolo,test,0.6526526526526526,0.15952770263436775,0.8366344625797327,0.0881698745955046,0.6526526526526526,0.08242636583507272
yolo,test,0.6536536536536537,0.15917978256495444,0.8381086056265498,0.08794110355261131,0.6536536536536537,0.08143762971678842
yolo,test,0.6546546546546547,0.15834158654341646,0.8375876231515517,0.08743539693070748,0.6546546546546547,0.08039140676908209
yolo,test,0.6556556556556556,0.1575574584004613,0.8384143261468935,0.08694855194069792,0.6556556556556556,0.07936867093004331
yolo,test,0.6566566566566566,0.15681032020777974,0.8382379063542106,0.08649558416267532,0.6566566566566566,0.07881375944584383
yolo,test,0.6576576576576576,0.1560998351524036,0.8380949323269105,0.08606495552188188,0.6576576576576576,0.07775305119178698
yolo,test,0.6586586586586587,0.1557749812826379,0.838315807108516,0.08586518040777208,0.6586586586586587,0.0766635369195655
yolo,test,0.6596596596596597,0.15511633458389687,0.8387530055990219,0.08546057152666982,0.6596596596596597,0.07572375528394996
yolo,test,0.6606606606606606,0.15404246639432148,0.8385338187610591,0.08481134786587444,0.6606606606606606,0.07519978500483365
yolo,test,0.6616616616616616,0.15340906289432538,0.8400811922199105,0.08441184743789912,0.6616616616616616,0.07449263269819352
yolo,test,0.6626626626626626,0.15225962551342878,0.8400710540821884,0.08371645434228517,0.6626626626626626,0.07370690126820514
yolo,test,0.6636636636636637,0.1510876992623297,0.8409419618882766,0.08299993441332722,0.6636636636636637,0.07287668075851092
yolo,test,0.6646646646646647,0.15063144076601748,0.8423612085304075,0.08271092421963117,0.6646646646646647,0.07210036923470949
yolo,test,0.6656656656656657,0.15002882183443197,0.8426192984506543,0.0823452160444981,0.6656656656656657,0.07114767198956917
yolo,test,0.6666666666666666,0.14909629096981014,0.8425637536172376,0.08178423018994534,0.6666666666666666,0.07020682176860411
yolo,test,0.6676676676676676,0.1485795894576006,0.8429097875415654,0.08147016168835676,0.6676676676676676,0.06910760896498118
yolo,test,0.6686686686686687,0.14756201699158566,0.8439117134530552,0.08084946736857386,0.6686686686686687,0.0684110230620064
yolo,test,0.6696696696696697,0.1464935406878055,0.8437351129234948,0.08021000271137783,0.6696696696696697,0.0677385327795985
yolo,test,0.6706706706706707,0.1459780656897854,0.8440966292124052,0.07989779491743464,0.6706706706706707,0.06660197083477162
yolo,test,0.6716716716716716,0.14530838469351548,0.8447389608047087,0.07949104741916442,0.6716716716716716,0.06561799192669956
yolo,test,0.6726726726726726,0.1445557683765121,0.8450314795351096,0.07903824424893763,0.6726726726726726,0.06467631887603889
yolo,test,0.6736736736736737,0.14393958203722468,0.8456013020733584,0.0786650338380277,0.6736736736736737,0.06382978723404255
yolo,test,0.6746746746746747,0.14295592298002024,0.8467074597637281,0.07806839566485038,0.6746746746746747,0.0630639743023883
yolo,test,0.6756756756756757,0.14204303578675975,0.847904275276576,0.0775142041525907,0.6756756756756757,0.062351912316961355
yolo,test,0.6766766766766766,0.14147023135908307,0.8476435762362695,0.07717532948106544,0.6766766766766766,0.06164393792289653
yolo,test,0.6776776776776777,0.14059455418822472,0.8496541545996869,0.07663802715288254,0.6776776776776777,0.06045669420327163
yolo,test,0.6786786786786787,0.14005441329236587,0.8505297939509249,0.07631009378894209,0.6786786786786787,0.059744406178823296
yolo,test,0.6796796796796797,0.13894222361796013,0.8509649867428474,0.07564676529875852,0.6796796796796797,0.058919175523825494
yolo,test,0.6806806806806807,0.1381653512499545,0.8520705678193933,0.07517780955882464,0.6806806806806807,0.058177272803708456
yolo,test,0.6816816816816816,0.13743816136296663,0.8519830030507995,0.07474809837889439,0.6816816816816816,0.0576537998591104
yolo,test,0.6826826826826827,0.13681156479066403,0.8522817353786853,0.07437528694169344,0.6826826826826827,0.05693266969315758
yolo,test,0.6836836836836837,0.1357629223053854,0.8515865759864977,0.07376108689585466,0.6836836836836837,0.055835266013572506
yolo,test,0.6846846846846847,0.13504646231458842,0.8518277939366465,0.07333651717180395,0.6846846846846847,0.05483722701545654
yolo,test,0.6856856856856857,0.13401983499880843,0.8520832124384212,0.07272954784758179,0.6856856856856857,0.054187830413600084
yolo,test,0.6866866866866866,0.13319387343765118,0.8520267468837599,0.07224372007608054,0.6866866866866866,0.05353034408712102
yolo,test,0.6876876876876877,0.13230490612145168,0.8522993045688736,0.07171903014178434,0.6876876876876877,0.052971785091818435
yolo,test,0.6886886886886887,0.13159015900946078,0.85189728545612,0.07130198745418027,0.6886886886886887,0.05208400501966698
yolo,test,0.6896896896896897,0.1310266062715677,0.8523103378421608,0.07096832228104898,0.6896896896896897,0.05146979648971681
yolo,test,0.6906906906906907,0.13031175352939423,0.8542448084168349,0.07053586386968402,0.6906906906906907,0.0
yolo,test,0.6916916916916916,0.1295197603828714,0.8564738822853014,0.07005704819821283,0.6916916916916916,0.0
yolo,test,0.6926926926926927,0.12884331852484546,0.857149691083836,0.06965693544231018,0.6926926926926927,0.0
yolo,test,0.6936936936936937,0.1279184477136704,0.8565484334716198,0.06912051329497551,0.6936936936936937,0.0
yolo,test,0.6946946946946947,0.1271422158671408,0.8562694199303502,0.06866924640912966,0.6946946946946947,0.0
yolo,test,0.6956956956956957,0.12639674144893503,0.8560140795676986,0.06823615443343917,0.6956956956956957,0.0
yolo,test,0.6966966966966966,0.12574410426187022,0.857046925866909,0.06784941299927855,0.6966966966966966,0.0
yolo,test,0.6976976976976977,0.1246730543233482,0.8570178490727847,0.0672263396077917,0.6976976976976977,0.0
yolo,test,0.6986986986986987,0.12364713685551112,0.8588030915315741,0.0666193674443427,0.6986986986986987,0.0
yolo,test,0.6996996996996997,0.12260437664461937,0.859516576217844,0.06601014441792914,0.6996996996996997,0.0
yolo,test,0.7007007007007007,0.12212376099868923,0.8615681444746117,0.06571962450199673,0.7007007007007007,0.0
yolo,test,0.7017017017017017,0.12141248048229512,0.862300054891873,0.0653036404915745,0.7017017017017017,0.0
yolo,test,0.7027027027027027,0.12075190912286426,0.8634688524224444,0.06491497601077259,0.7027027027027027,0.0
yolo,test,0.7037037037037037,0.11984604633624979,0.8640243427403967,0.064388590650986,0.7037037037037037,0.0
yolo,test,0.7047047047047047,0.11898192509831497,0.8646345585567294,0.06388666865993674,0.7047047047047047,0.0
yolo,test,0.7057057057057057,0.11808871167006314,0.8644593459272333,0.06337285232300324,0.7057057057057057,0.0
yolo,test,0.7067067067067067,0.11672720757468731,0.864945712044493,0.06258674512927888,0.7067067067067067,0.0
yolo,test,0.7077077077077077,0.11574104421253234,0.8658485466261078,0.062015433511303536,0.7077077077077077,0.0
yolo,test,0.7087087087087087,0.11449736150146958,0.8657010594063371,0.0613026133437091,0.7087087087087087,0.0
yolo,test,0.7097097097097097,0.11371036889501965,0.8664485698944526,0.060847944339904245,0.7097097097097097,0.0
yolo,test,0.7107107107107107,0.11291545123501702,0.8672010233164592,0.06038927187999204,0.7107107107107107,0.0
yolo,test,0.7117117117117117,0.11198449655567048,0.8686384414261805,0.059850177956999366,0.7117117117117117,0.0
yolo,test,0.7127127127127127,0.11081669438100346,0.8690222050903215,0.05918174031621372,0.7127127127127127,0.0
yolo,test,0.7137137137137137,0.10992664338529122,0.8697206160387758,0.05867113351888238,0.7137137137137137,0.0
yolo,test,0.7147147147147147,0.10894111301009389,0.8690596091974659,0.058112934850499426,0.7147147147147147,0.0
yolo,test,0.7157157157157157,0.10800393995317019,0.8701488905539138,0.05757511678119366,0.7157157157157157,0.0
yolo,test,0.7167167167167167,0.10676856264863502,0.869632890876541,0.05687571942193003,0.7167167167167167,0.0
yolo,test,0.7177177177177178,0.10592115480622946,0.8704197123251523,0.056391724770669456,0.7177177177177178,0.0
yolo,test,0.7187187187187187,0.1050739884368261,0.8716648000259196,0.05590659752321675,0.7187187187187187,0.0
yolo,test,0.7197197197197197,0.10403101730383064,0.8722686162003168,0.05531401872815765,0.7197197197197197,0.0
yolo,test,0.7207207207207207,0.10323303361468962,0.8727137903929314,0.054861278290583626,0.7207207207207207,0.0
yolo,test,0.7217217217217217,0.10222178430903887,0.8729243174329594,0.05428962252868659,0.7217217217217217,0.0
yolo,test,0.7227227227227228,0.10156696762582204,0.8740113211300767,0.05391622800749612,0.7227227227227228,0.0
yolo,test,0.7237237237237237,0.10011860087529566,0.8737375246938195,0.053101670002012234,0.7237237237237237,0.0
yolo,test,0.7247247247247247,0.09930195118100432,0.8746713531973236,0.052639046484265574,0.7247247247247247,0.0
yolo,test,0.7257257257257257,0.0983684555673575,0.8750103031318147,0.05211352286758247,0.7257257257257257,0.0
yolo,test,0.7267267267267267,0.09723968798959377,0.8756120403166714,0.05147826181372192,0.7267267267267267,0.0
yolo,test,0.7277277277277278,0.09629153267551589,0.875954696184283,0.05094594731270798,0.7277277277277278,0.0
yolo,test,0.7287287287287287,0.09495154527770093,0.8763346715279721,0.050195112433207116,0.7287287287287287,0.0
yolo,test,0.7297297297297297,0.09389707393044969,0.8750588471333152,0.049610217536171584,0.7297297297297297,0.0
yolo,test,0.7307307307307307,0.09231577961530042,0.8730982492546348,0.04873431598779213,0.7307307307307307,0.0
yolo,test,0.7317317317317317,0.09125714449893112,0.8743305896602651,0.048140894606335895,0.7317317317317317,0.0
yolo,test,0.7327327327327328,0.0897411541391189,0.8739649615156149,0.04729897210434247,0.7327327327327328,0.0
yolo,test,0.7337337337337337,0.08882134634636207,0.8743660815417845,0.046787075413359164,0.7337337337337337,0.0
yolo,test,0.7347347347347347,0.08796566742876517,0.8748613843605806,0.04631107971380396,0.7347347347347347,0.0
yolo,test,0.7357357357357357,0.08726925631062063,0.8750334519306646,0.045924721332982,0.7357357357357357,0.0
yolo,test,0.7367367367367368,0.08603899607025459,0.873951202017808,0.0452467294698216,0.7367367367367368,0.0
yolo,test,0.7377377377377378,0.085440627352601,0.873145773103571,0.044918012674908026,0.7377377377377378,0.0
yolo,test,0.7387387387387387,0.08457269074028007,0.8745091089655316,0.04443497081393061,0.7387387387387387,0.0
yolo,test,0.7397397397397397,0.0837892079155753,0.8742536075382634,0.04400325879690141,0.7397397397397397,0.0
yolo,test,0.7407407407407407,0.08295555912155747,0.8759641448064143,0.04353941444056032,0.7407407407407407,0.0
yolo,test,0.7417417417417418,0.08211777301929964,0.8771315601794744,0.0430752568737386,0.7417417417417418,0.0
yolo,test,0.7427427427427428,0.08119932700155884,0.877628032615973,0.042568930896242904,0.7427427427427428,0.0
yolo,test,0.7437437437437437,0.07983169874948798,0.8769117409776991,0.04181941311656347,0.7437437437437437,0.0
yolo,test,0.7447447447447447,0.0784874911037628,0.8762073078596895,0.04108381557917659,0.7447447447447447,0.0
yolo,test,0.7457457457457457,0.07715536048292626,0.8748803043886154,0.040357224356047564,0.7457457457457457,0.0
yolo,test,0.7467467467467468,0.0758602820232553,0.8735679173603388,0.03965181472945344,0.7467467467467468,0.0
yolo,test,0.7477477477477478,0.07474332859583406,0.875041693680047,0.03903895719775538,0.7477477477477478,0.0
yolo,test,0.7487487487487487,0.07393325811410535,0.8747499087463423,0.03859775693579065,0.7487487487487487,0.0
yolo,test,0.7497497497497497,0.07308466970479656,0.8757384523771297,0.038133550789387474,0.7497497497497497,0.0
yolo,test,0.7507507507507507,0.07230090352241057,0.8751777899589542,0.03770803529042186,0.7507507507507507,0.0
yolo,test,0.7517517517517518,0.07158593342153635,0.8767265361061373,0.03731643599845436,0.7517517517517518,0.0
yolo,test,0.7527527527527528,0.0707525726772239,0.8781295490268284,0.036861278079990074,0.7527527527527528,0.0
yolo,test,0.7537537537537538,0.06979599758679432,0.8773020550968911,0.03634370683655168,0.7537537537537538,0.0
yolo,test,0.7547547547547547,0.06871598491097687,0.8755525364617498,0.03576132020408426,0.7547547547547547,0.0
yolo,test,0.7557557557557557,0.06808090419664642,0.8766199924344755,0.035415696005380276,0.7557557557557557,0.0
yolo,test,0.7567567567567568,0.06708767254556391,0.8785615766372808,0.03487539287585381,0.7567567567567568,0.0
yolo,test,0.7577577577577578,0.06621577951846708,0.879305271507135,0.03440325226915457,0.7577577577577578,0.0
yolo,test,0.7587587587587588,0.0651949937638441,0.8813189474437042,0.03384949399153154,0.7587587587587588,0.0
yolo,test,0.7597597597597597,0.06412307534323826,0.8802748202508105,0.033273428853920546,0.7597597597597597,0.0
yolo,test,0.7607607607607607,0.06335346499356642,0.880453069488418,0.03285892306683282,0.7607607607607607,0.0
yolo,test,0.7617617617617618,0.06223390760794218,0.8793231847647545,0.03225849789866808,0.7617617617617618,0.0
yolo,test,0.7627627627627628,0.06134188861211052,0.8793192801520401,0.03177942090924967,0.7627627627627628,0.0
yolo,test,0.7637637637637638,0.059997023159938385,0.8815593026109815,0.03105528956516036,0.7637637637637638,0.0
yolo,test,0.7647647647647647,0.05895348213806689,0.8798510454114222,0.030498500851301052,0.7647647647647647,0.0
yolo,test,0.7657657657657657,0.05809963951054072,0.8824345738583202,0.030038696136944973,0.7657657657657657,0.0
yolo,test,0.7667667667667668,0.05662783619062454,0.884914172053285,0.02924980149507062,0.7667667667667668,0.0
yolo,test,0.7677677677677678,0.05569122279244228,0.884931104490401,0.02875027969393104,0.7677677677677678,0.0
yolo,test,0.7687687687687688,0.05469828346195346,0.8848428301346601,0.02822142284923603,0.7687687687687688,0.0
yolo,test,0.7697697697697697,0.053534631697600595,0.8844194519986697,0.027602723547970574,0.7697697697697697,0.0
yolo,test,0.7707707707707707,0.05250704064254292,0.8842532038867196,0.02705683918310976,0.7707707707707707,0.0
yolo,test,0.7717717717717718,0.05173432624573869,0.8855619288835479,0.026645474396444553,0.7717717717717718,0.0
yolo,test,0.7727727727727728,0.05065501712807432,0.8882688174114557,0.026070876257163554,0.7727727727727728,0.0
yolo,test,0.7737737737737738,0.04986488104256439,0.8886662309094406,0.02565213748956674,0.7737737737737738,0.0
yolo,test,0.7747747747747747,0.049196306895108906,0.8883078187473212,0.025298700375924695,0.7747747747747747,0.0
yolo,test,0.7757757757757757,0.04846323513089099,0.8878049251651209,0.024911549754954767,0.7757757757757757,0.0
yolo,test,0.7767767767767768,0.04754500410331651,0.8868892388840737,0.024427259200581235,0.7767767767767768,0.0
yolo,test,0.7777777777777778,0.04671575578831354,0.8893598685181506,0.023987888524184556,0.7777777777777778,0.0
yolo,test,0.7787787787787788,0.045684223490792056,0.8881895442116464,0.023445062709845223,0.7787787787787788,0.0
yolo,test,0.7797797797797797,0.04507846457031833,0.8890554503880532,0.023125507511624736,0.7797797797797797,0.0
yolo,test,0.7807807807807807,0.04435930082588271,0.8885559462239843,0.022747460145062168,0.7807807807807807,0.0
yolo,test,0.7817817817817818,0.04319075467750584,0.8881491480181858,0.0221335555086286,0.7817817817817818,0.0
yolo,test,0.7827827827827828,0.0425086139793661,0.8888897698662186,0.021774969854377386,0.7827827827827828,0.0
yolo,test,0.7837837837837838,0.041633591966254095,0.8894532606655235,0.021315668656129074,0.7837837837837838,0.0
yolo,test,0.7847847847847848,0.040873210017712984,0.8960293173719194,0.020913601697374887,0.7847847847847848,0.0
yolo,test,0.7857857857857857,0.04014213331934143,0.9004933583891671,0.020528628582672,0.7857857857857857,0.0
yolo,test,0.7867867867867868,0.0393908142673751,0.9019055873819687,0.020135108545943463,0.7867867867867868,0.0
yolo,test,0.7877877877877878,0.038607176848897834,0.9038302019092459,0.01972486294618712,0.7877877877877878,0.0
yolo,test,0.7887887887887888,0.03803222741751889,0.9052450912133793,0.019424148866448235,0.7887887887887888,0.0
yolo,test,0.7897897897897898,0.03732196856347097,0.90713533102557,0.019052928444939988,0.7897897897897898,0.0
yolo,test,0.7907907907907907,0.036110161323669954,0.9049582145872986,0.018422635950835414,0.7907907907907907,0.0
yolo,test,0.7917917917917918,0.035137073964280396,0.913079082709884,0.01791320460572692,0.7917917917917918,0.0
yolo,test,0.7927927927927928,0.034175207230262745,0.9136913666009435,0.017413261625237753,0.7927927927927928,0.0
yolo,test,0.7937937937937938,0.033582877035583596,0.9141283772049906,0.017105648705003394,0.7937937937937938,0.0
yolo,test,0.7947947947947948,0.03283920969417504,0.918890991035299,0.016718343873565945,0.7947947947947948,0.0
yolo,test,0.7957957957957957,0.032226328002595984,0.9174521725754897,0.016401217721000456,0.7957957957957957,0.0
yolo,test,0.7967967967967968,0.03136034624621958,0.9205202849479743,0.015951898288647418,0.7967967967967968,0.0
yolo,test,0.7977977977977978,0.03059702946780918,0.9222367409523519,0.01555657481594498,0.7977977977977978,0.0
yolo,test,0.7987987987987988,0.03023234718920072,0.9231717081028856,0.015367808759475852,0.7987987987987988,0.0
yolo,test,0.7997997997997998,0.029772497994998755,0.9257564106899056,0.015129533296991432,0.7997997997997998,0.0
yolo,test,0.8008008008008007,0.028573597715505532,0.9266989350089415,0.014510505463040693,0.8008008008008007,0.0
yolo,test,0.8018018018018018,0.027514736836552443,0.9280778073132282,0.013964369353336727,0.8018018018018018,0.0
yolo,test,0.8028028028028028,0.026633953748520702,0.9300205377427159,0.013510432949528106,0.8028028028028028,0.0
yolo,test,0.8038038038038038,0.02575287942723442,0.9299338972906119,0.013057238308436444,0.8038038038038038,0.0
yolo,test,0.8048048048048048,0.024729432116100868,0.9317273691066249,0.012531011918219702,0.8048048048048048,0.0
yolo,test,0.8058058058058059,0.024122788197015934,0.9347728989753715,0.012219056842313182,0.8058058058058059,0.0
yolo,test,0.8068068068068068,0.02344466058089472,0.9348403594561306,0.011871187774644193,0.8068068068068068,0.0
yolo,test,0.8078078078078078,0.022712720184461844,0.9334336714289112,0.011496225711912486,0.8078078078078078,0.0
yolo,test,0.8088088088088088,0.022295266667356768,0.9373343695522115,0.011281806847595796,0.8088088088088088,0.0
yolo,test,0.8098098098098098,0.02154662277219013,0.940565013753785,0.01089813960076531,0.8098098098098098,0.0
yolo,test,0.8108108108108109,0.02078668704760066,0.938503535338261,0.010509732278666323,0.8108108108108109,0.0
yolo,test,0.8118118118118118,0.020065006611382556,0.944990030926482,0.01014015645527855,0.8118118118118118,0.0
yolo,test,0.8128128128128128,0.019179346874131493,0.9486212976188904,0.00968760606708733,0.8128128128128128,0.0
yolo,test,0.8138138138138138,0.01766555122239264,0.9477133741388305,0.008915872359728664,0.8138138138138138,0.0
yolo,test,0.8148148148148148,0.016643467511862728,0.9523090835099655,0.00839509411687545,0.8148148148148148,0.0
yolo,test,0.8158158158158159,0.016260040025507592,0.9578606931093866,0.008199615770035454,0.8158158158158159,0.0
yolo,test,0.8168168168168168,0.015625991321615587,0.9600325633908158,0.007877101570058663,0.8168168168168168,0.0
yolo,test,0.8178178178178178,0.014928587739757446,0.9582292805235074,0.007522894768900059,0.8178178178178178,0.0
yolo,test,0.8188188188188188,0.014373645920904706,0.9608365108689153,0.007240983754420802,0.8188188188188188,0.0
yolo,test,0.8198198198198198,0.0136242603065638,0.9631689428616321,0.006860652960469143,0.8198198198198198,0.0
yolo,test,0.8208208208208209,0.012842220330604068,0.9609988060333476,0.006464302726717847,0.8208208208208209,0.0
yolo,test,0.8218218218218218,0.012223041617970295,0.9590915508486496,0.006150714375923906,0.8218218218218218,0.0
yolo,test,0.8228228228228228,0.011416214047924868,0.9563098638691649,0.0057423826662725665,0.8228228228228228,0.0
yolo,test,0.8238238238238238,0.01055155663309884,0.9642353878147433,0.00530480335219189,0.8238238238238238,0.0
yolo,test,0.8248248248248248,0.010084429463810465,0.9626320440611328,0.005068764647771039,0.8248248248248248,0.0
yolo,test,0.8258258258258259,0.009488551190899884,0.9603668988420797,0.0047678289839717765,0.8258258258258259,0.0
yolo,test,0.8268268268268268,0.008797968542649214,0.9642233857311152,0.004419145315980203,0.8268268268268268,0.0
yolo,test,0.8278278278278278,0.008000696832316304,0.9760930710498466,0.004016810618865835,0.8278278278278278,0.0
yolo,test,0.8288288288288288,0.007525631459996463,0.9829326735733532,0.003777275715775477,0.8288288288288288,0.0
yolo,test,0.8298298298298298,0.006980740345892712,0.9816199716803142,0.0035028252544871043,0.8298298298298298,0.0
yolo,test,0.8308308308308309,0.006582811503051932,0.9901672366990707,0.0033023831728807647,0.8308308308308309,0.0
yolo,test,0.8318318318318318,0.006088830915382189,0.9893754708153676,0.003053812369031038,0.8318318318318318,0.0
yolo,test,0.8328328328328328,0.00594557591112424,1.0,0.0029816517740436778,0.8328328328328328,0.0
yolo,test,0.8338338338338338,0.005528015013815494,1.0,0.0027716684192251443,0.8338338338338338,0.0
yolo,test,0.8348348348348348,0.005253851728356119,1.0,0.002633844779150641,0.8348348348348348,0.0
yolo,test,0.8358358358358359,0.004747545736635195,1.0,0.002379421073504185,0.8358358358358359,0.0
yolo,test,0.8368368368368369,0.004476684114290442,1.0,0.002243363471953959,0.8368368368368369,0.0
yolo,test,0.8378378378378378,0.004189515207727252,1.0,0.0020991548243937115,0.8378378378378378,0.0
yolo,test,0.8388388388388388,0.00377203401471497,1.0,0.001889580788862055,0.8388388388388388,0.0
yolo,test,0.8398398398398398,0.003356594915372525,1.0,0.0016811188752206135,0.8398398398398398,0.0
yolo,test,0.8408408408408409,0.0030127283977204743,1.0,0.0015086367552574417,0.8408408408408409,0.0
yolo,test,0.8418418418418419,0.0026913085491063306,1.0,0.0013474674999543002,0.8418418418418419,0.0
yolo,test,0.8428428428428428,0.002493649050571564,1.0,0.001248381037380089,0.8428428428428428,0.0
yolo,test,0.8438438438438438,0.002154612686597313,1.0,0.0010784681839142332,0.8438438438438438,0.0
yolo,test,0.8448448448448448,0.0020208033062226512,1.0,0.0010114235971859181,0.8448448448448448,0.0
yolo,test,0.8458458458458459,0.0019089977692297439,1.0,0.0009554108231799462,0.8458458458458459,0.0
yolo,test,0.8468468468468469,0.0017325755806139895,1.0,0.0008670388955159014,0.8468468468468469,0.0
yolo,test,0.8478478478478478,0.0015982690099119077,1.0,0.0007997736316611682,0.8478478478478478,0.0
yolo,test,0.8488488488488488,0.001491705753466407,1.0,0.0007464095884719865,0.8488488488488488,0.0
yolo,test,0.8498498498498498,0.0014556276610425297,1.0,0.0007283439293063903,0.8498498498498498,0.0
yolo,test,0.8508508508508509,0.00130217340687431,1.0,0.0006515108935170684,0.8508508508508509,0.0
yolo,test,0.8518518518518519,0.0012725744373979736,1.0,0.0006366923378958334,0.8518518518518519,0.0
yolo,test,0.8528528528528528,0.0012427748931454615,1.0,0.0006217738090122586,0.8528528528528528,0.0
yolo,test,0.8538538538538538,0.001210707253564764,1.0,0.0006057203017638705,0.8538538538538538,0.0
yolo,test,0.8548548548548548,0.0011732074131030285,1.0,0.0005869480124311594,0.8548548548548548,0.0
yolo,test,0.8558558558558559,0.000981369216716385,1.0,0.0004909254979438842,0.8558558558558559,0.0
yolo,test,0.8568568568568569,0.0009346229000446354,1.0,0.00046752993211282215,0.8568568568568569,0.0
yolo,test,0.8578578578578578,0.0008743938288301404,1.0,0.0004373881391599127,0.8578578578578578,0.0
yolo,test,0.8588588588588588,0.0007336854664309598,1.0,0.0003669773561918535,0.8588588588588588,0.0
yolo,test,0.8598598598598598,0.0005372607594692841,1.0,0.0002687025614057481,0.8598598598598598,0.0
yolo,test,0.8608608608608609,0.0004224836475288959,1.0,0.00021128645630081366,0.8608608608608609,0.0
yolo,test,0.8618618618618619,0.0003718369855024096,1.0,0.00018595306486474692,0.8618618618618619,0.0
yolo,test,0.8628628628628628,0.00034002606970058065,1.0,0.00017004194419727514,0.8628628628628628,0.0
yolo,test,0.8638638638638638,0.00031422424620736205,1.0,0.00015713681120170666,0.8638638638638638,0.0
yolo,test,0.8648648648648649,0.00029213406377091156,1.0,0.0001460883705801394,0.8648648648648649,0.0
yolo,test,0.8658658658658659,0.000270043393276233,1.0,0.0001350399299585734,0.8658658658658659,0.0
yolo,test,0.8668668668668669,0.0001997677162871833,1.0,9.989383592532863e-05,0.8668668668668669,0.0
yolo,test,0.8678678678678678,0.0001865131457069575,1.0,9.326527045296746e-05,0.8678678678678678,0.0
yolo,test,0.8688688688688688,0.00017595331498221185,1.0,8.7984398064359e-05,0.8688688688688688,0.0
yolo,test,0.8698698698698699,0.00016539337273645114,1.0,8.270352567574993e-05,0.8698698698698699,0.0
yolo,test,0.8708708708708709,0.00015483331896791117,1.0,7.742265328714146e-05,0.8708708708708709,0.0
yolo,test,0.8718718718718719,0.00014427315367482402,1.0,7.214178089853298e-05,0.8718718718718719,0.0
yolo,test,0.8728728728728729,0.00013371287685542298,1.0,6.686090850992451e-05,0.8728728728728729,0.0
yolo,test,0.8738738738738738,9.137449219324769e-05,1.0,4.56893335164482e-05,0.8738738738738738,0.0
yolo,test,0.8748748748748749,0.0,1.0,0.0,0.8748748748748749,0.0
yolo,test,0.8758758758758759,0.0,1.0,0.0,0.8758758758758759,0.0
yolo,test,0.8768768768768769,0.0,1.0,0.0,0.8768768768768769,0.0
yolo,test,0.8778778778778779,0.0,1.0,0.0,0.8778778778778779,0.0
yolo,test,0.8788788788788788,0.0,1.0,0.0,0.8788788788788788,0.0
yolo,test,0.8798798798798799,0.0,1.0,0.0,0.8798798798798799,0.0
yolo,test,0.8808808808808809,0.0,1.0,0.0,0.8808808808808809,0.0
yolo,test,0.8818818818818819,0.0,1.0,0.0,0.8818818818818819,0.0
yolo,test,0.8828828828828829,0.0,1.0,0.0,0.8828828828828829,0.0
yolo,test,0.8838838838838838,0.0,1.0,0.0,0.8838838838838838,0.0
yolo,test,0.8848848848848849,0.0,1.0,0.0,0.8848848848848849,0.0
yolo,test,0.8858858858858859,0.0,1.0,0.0,0.8858858858858859,0.0
yolo,test,0.8868868868868869,0.0,1.0,0.0,0.8868868868868869,0.0
yolo,test,0.8878878878878879,0.0,1.0,0.0,0.8878878878878879,0.0
yolo,test,0.8888888888888888,0.0,1.0,0.0,0.8888888888888888,0.0
yolo,test,0.8898898898898899,0.0,1.0,0.0,0.8898898898898899,0.0
yolo,test,0.8908908908908909,0.0,1.0,0.0,0.8908908908908909,0.0
yolo,test,0.8918918918918919,0.0,1.0,0.0,0.8918918918918919,0.0
yolo,test,0.8928928928928929,0.0,1.0,0.0,0.8928928928928929,0.0
yolo,test,0.8938938938938938,0.0,1.0,0.0,0.8938938938938938,0.0
yolo,test,0.8948948948948949,0.0,1.0,0.0,0.8948948948948949,0.0
yolo,test,0.8958958958958959,0.0,1.0,0.0,0.8958958958958959,0.0
yolo,test,0.8968968968968969,0.0,1.0,0.0,0.8968968968968969,0.0
yolo,test,0.8978978978978979,0.0,1.0,0.0,0.8978978978978979,0.0
yolo,test,0.8988988988988988,0.0,1.0,0.0,0.8988988988988988,0.0
yolo,test,0.8998998998998999,0.0,1.0,0.0,0.8998998998998999,0.0
yolo,test,0.9009009009009009,0.0,1.0,0.0,0.9009009009009009,0.0
yolo,test,0.9019019019019019,0.0,1.0,0.0,0.9019019019019019,0.0
yolo,test,0.9029029029029029,0.0,1.0,0.0,0.9029029029029029,0.0
yolo,test,0.9039039039039038,0.0,1.0,0.0,0.9039039039039038,0.0
yolo,test,0.9049049049049049,0.0,1.0,0.0,0.9049049049049049,0.0
yolo,test,0.9059059059059059,0.0,1.0,0.0,0.9059059059059059,0.0
yolo,test,0.9069069069069069,0.0,1.0,0.0,0.9069069069069069,0.0
yolo,test,0.9079079079079079,0.0,1.0,0.0,0.9079079079079079,0.0
yolo,test,0.9089089089089089,0.0,1.0,0.0,0.9089089089089089,0.0
yolo,test,0.9099099099099099,0.0,1.0,0.0,0.9099099099099099,0.0
yolo,test,0.9109109109109109,0.0,1.0,0.0,0.9109109109109109,0.0
yolo,test,0.9119119119119119,0.0,1.0,0.0,0.9119119119119119,0.0
yolo,test,0.9129129129129129,0.0,1.0,0.0,0.9129129129129129,0.0
yolo,test,0.9139139139139139,0.0,1.0,0.0,0.9139139139139139,0.0
yolo,test,0.914914914914915,0.0,1.0,0.0,0.914914914914915,0.0
yolo,test,0.9159159159159159,0.0,1.0,0.0,0.9159159159159159,0.0
yolo,test,0.9169169169169169,0.0,1.0,0.0,0.9169169169169169,0.0
yolo,test,0.9179179179179179,0.0,1.0,0.0,0.9179179179179179,0.0
yolo,test,0.9189189189189189,0.0,1.0,0.0,0.9189189189189189,0.0
yolo,test,0.91991991991992,0.0,1.0,0.0,0.91991991991992,0.0
yolo,test,0.9209209209209209,0.0,1.0,0.0,0.9209209209209209,0.0
yolo,test,0.9219219219219219,0.0,1.0,0.0,0.9219219219219219,0.0
yolo,test,0.9229229229229229,0.0,1.0,0.0,0.9229229229229229,0.0
yolo,test,0.9239239239239239,0.0,1.0,0.0,0.9239239239239239,0.0
yolo,test,0.924924924924925,0.0,1.0,0.0,0.924924924924925,0.0
yolo,test,0.9259259259259259,0.0,1.0,0.0,0.9259259259259259,0.0
yolo,test,0.9269269269269269,0.0,1.0,0.0,0.9269269269269269,0.0
yolo,test,0.9279279279279279,0.0,1.0,0.0,0.9279279279279279,0.0
yolo,test,0.9289289289289289,0.0,1.0,0.0,0.9289289289289289,0.0
yolo,test,0.92992992992993,0.0,1.0,0.0,0.92992992992993,0.0
yolo,test,0.9309309309309309,0.0,1.0,0.0,0.9309309309309309,0.0
yolo,test,0.9319319319319319,0.0,1.0,0.0,0.9319319319319319,0.0
yolo,test,0.9329329329329329,0.0,1.0,0.0,0.9329329329329329,0.0
yolo,test,0.933933933933934,0.0,1.0,0.0,0.933933933933934,0.0
yolo,test,0.934934934934935,0.0,1.0,0.0,0.934934934934935,0.0
yolo,test,0.9359359359359359,0.0,1.0,0.0,0.9359359359359359,0.0
yolo,test,0.9369369369369369,0.0,1.0,0.0,0.9369369369369369,0.0
yolo,test,0.9379379379379379,0.0,1.0,0.0,0.9379379379379379,0.0
yolo,test,0.938938938938939,0.0,1.0,0.0,0.938938938938939,0.0
yolo,test,0.93993993993994,0.0,1.0,0.0,0.93993993993994,0.0
yolo,test,0.9409409409409409,0.0,1.0,0.0,0.9409409409409409,0.0
yolo,test,0.9419419419419419,0.0,1.0,0.0,0.9419419419419419,0.0
yolo,test,0.9429429429429429,0.0,1.0,0.0,0.9429429429429429,0.0
yolo,test,0.943943943943944,0.0,1.0,0.0,0.943943943943944,0.0
yolo,test,0.944944944944945,0.0,1.0,0.0,0.944944944944945,0.0
yolo,test,0.9459459459459459,0.0,1.0,0.0,0.9459459459459459,0.0
yolo,test,0.9469469469469469,0.0,1.0,0.0,0.9469469469469469,0.0
yolo,test,0.9479479479479479,0.0,1.0,0.0,0.9479479479479479,0.0
yolo,test,0.948948948948949,0.0,1.0,0.0,0.948948948948949,0.0
yolo,test,0.94994994994995,0.0,1.0,0.0,0.94994994994995,0.0
yolo,test,0.950950950950951,0.0,1.0,0.0,0.950950950950951,0.0
yolo,test,0.9519519519519519,0.0,1.0,0.0,0.9519519519519519,0.0
yolo,test,0.9529529529529529,0.0,1.0,0.0,0.9529529529529529,0.0
yolo,test,0.953953953953954,0.0,1.0,0.0,0.953953953953954,0.0
yolo,test,0.954954954954955,0.0,1.0,0.0,0.954954954954955,0.0
yolo,test,0.955955955955956,0.0,1.0,0.0,0.955955955955956,0.0
yolo,test,0.9569569569569569,0.0,1.0,0.0,0.9569569569569569,0.0
yolo,test,0.9579579579579579,0.0,1.0,0.0,0.9579579579579579,0.0
yolo,test,0.958958958958959,0.0,1.0,0.0,0.958958958958959,0.0
yolo,test,0.95995995995996,0.0,1.0,0.0,0.95995995995996,0.0
yolo,test,0.960960960960961,0.0,1.0,0.0,0.960960960960961,0.0
yolo,test,0.9619619619619619,0.0,1.0,0.0,0.9619619619619619,0.0
yolo,test,0.9629629629629629,0.0,1.0,0.0,0.9629629629629629,0.0
yolo,test,0.963963963963964,0.0,1.0,0.0,0.963963963963964,0.0
yolo,test,0.964964964964965,0.0,1.0,0.0,0.964964964964965,0.0
yolo,test,0.965965965965966,0.0,1.0,0.0,0.965965965965966,0.0
yolo,test,0.9669669669669669,0.0,1.0,0.0,0.9669669669669669,0.0
yolo,test,0.9679679679679679,0.0,1.0,0.0,0.9679679679679679,0.0
yolo,test,0.968968968968969,0.0,1.0,0.0,0.968968968968969,0.0
yolo,test,0.96996996996997,0.0,1.0,0.0,0.96996996996997,0.0
yolo,test,0.970970970970971,0.0,1.0,0.0,0.970970970970971,0.0
yolo,test,0.9719719719719719,0.0,1.0,0.0,0.9719719719719719,0.0
yolo,test,0.9729729729729729,0.0,1.0,0.0,0.9729729729729729,0.0
yolo,test,0.973973973973974,0.0,1.0,0.0,0.973973973973974,0.0
yolo,test,0.974974974974975,0.0,1.0,0.0,0.974974974974975,0.0
yolo,test,0.975975975975976,0.0,1.0,0.0,0.975975975975976,0.0
yolo,test,0.9769769769769769,0.0,1.0,0.0,0.9769769769769769,0.0
yolo,test,0.9779779779779779,0.0,1.0,0.0,0.9779779779779779,0.0
yolo,test,0.978978978978979,0.0,1.0,0.0,0.978978978978979,0.0
yolo,test,0.97997997997998,0.0,1.0,0.0,0.97997997997998,0.0
yolo,test,0.980980980980981,0.0,1.0,0.0,0.980980980980981,0.0
yolo,test,0.9819819819819819,0.0,1.0,0.0,0.9819819819819819,0.0
yolo,test,0.9829829829829829,0.0,1.0,0.0,0.9829829829829829,0.0
yolo,test,0.983983983983984,0.0,1.0,0.0,0.983983983983984,0.0
yolo,test,0.984984984984985,0.0,1.0,0.0,0.984984984984985,0.0
yolo,test,0.985985985985986,0.0,1.0,0.0,0.985985985985986,0.0
yolo,test,0.986986986986987,0.0,1.0,0.0,0.986986986986987,0.0
yolo,test,0.9879879879879879,0.0,1.0,0.0,0.9879879879879879,0.0
yolo,test,0.988988988988989,0.0,1.0,0.0,0.988988988988989,0.0
yolo,test,0.98998998998999,0.0,1.0,0.0,0.98998998998999,0.0
yolo,test,0.990990990990991,0.0,1.0,0.0,0.990990990990991,0.0
yolo,test,0.991991991991992,0.0,1.0,0.0,0.991991991991992,0.0
yolo,test,0.992992992992993,0.0,1.0,0.0,0.992992992992993,0.0
yolo,test,0.993993993993994,0.0,1.0,0.0,0.993993993993994,0.0
yolo,test,0.994994994994995,0.0,1.0,0.0,0.994994994994995,0.0
yolo,test,0.995995995995996,0.0,1.0,0.0,0.995995995995996,0.0
yolo,test,0.996996996996997,0.0,1.0,0.0,0.996996996996997,0.0
yolo,test,0.997997997997998,0.0,1.0,0.0,0.997997997997998,0.0
yolo,test,0.998998998998999,0.0,1.0,0.0,0.998998998998999,0.0
yolo,test,1.0,0.0,1.0,0.0,1.0,0.0
yolo,hawaii,0.0,0.04012270814011557,0.020515663986692544,0.9059278350515464,0.0,1.0
yolo,hawaii,0.001001001001001001,0.04014994693327796,0.0205299074372368,0.9059278350515464,0.001001001001001001,1.0
yolo,hawaii,0.002002002002002002,0.06160880160510349,0.031931022236405954,0.8730670103092784,0.002002002002002002,1.0
yolo,hawaii,0.003003003003003003,0.07985261554622802,0.04189291445704235,0.8505154639175257,0.003003003003003003,1.0
yolo,hawaii,0.004004004004004004,0.09567423444240045,0.050782637381054256,0.8247422680412371,0.004004004004004004,1.0
yolo,hawaii,0.005005005005005005,0.11095964378472352,0.05957014783319864,0.8079896907216495,0.005005005005005005,1.0
yolo,hawaii,0.006006006006006006,0.12460996401350667,0.06763045829688638,0.7912371134020618,0.006006006006006006,1.0
yolo,hawaii,0.007007007007007007,0.13683280641222165,0.07503975354196424,0.7751288659793815,0.007007007007007007,0.9545454545454546
yolo,hawaii,0.008008008008008008,0.14910378670350818,0.08261888018902347,0.7635309278350515,0.008008008008008008,0.9545454545454546
yolo,hawaii,0.009009009009009009,0.16098874525592263,0.09008907116679239,0.7557989690721649,0.009009009009009009,0.9545454545454546
yolo,hawaii,0.01001001001001001,0.17128279546402733,0.09678941172213767,0.7435567010309279,0.01001001001001001,0.9545454545454546
yolo,hawaii,0.011011011011011011,0.18213686319045605,0.10394423499702832,0.7351804123711341,0.011011011011011011,0.9545454545454546
yolo,hawaii,0.012012012012012012,0.1911548056740122,0.11015343717094708,0.7222938144329897,0.012012012012012012,0.9545454545454546
yolo,hawaii,0.013013013013013013,0.1997570902032257,0.1162275539081684,0.7100515463917526,0.013013013013013013,0.9545454545454546
yolo,hawaii,0.014014014014014014,0.20991763366841837,0.12332130024348459,0.7048969072164949,0.014014014014014014,0.9393939393939394
yolo,hawaii,0.015015015015015015,0.21815345680337486,0.12933012260360166,0.696520618556701,0.015015015015015015,0.9393939393939394
yolo,hawaii,0.016016016016016016,0.224873013611509,0.13442011072479212,0.6875,0.016016016016016016,0.9393939393939394
yolo,hawaii,0.017017017017017015,0.23109380932146883,0.139318353349084,0.6771907216494846,0.017017017017017015,0.9393939393939394
yolo,hawaii,0.018018018018018018,0.23768937218213998,0.14452656563721025,0.6688067473455658,0.018018018018018018,0.9393939393939394
yolo,hawaii,0.01901901901901902,0.24358836401023118,0.1493004768463865,0.6610824742268041,0.01901901901901902,0.9393939393939394
yolo,hawaii,0.02002002002002002,0.2507834561552954,0.15492036282619548,0.657860824742268,0.02002002002002002,0.9142857142857143
yolo,hawaii,0.02102102102102102,0.2567392425821404,0.159913738659518,0.6507731958762887,0.02102102102102102,0.8947368421052632
yolo,hawaii,0.022022022022022022,0.2629726325831783,0.1650290992193169,0.6469072164948454,0.022022022022022022,0.8775510204081632
yolo,hawaii,0.023023023023023025,0.2677924803209393,0.16946875231757494,0.6378865979381443,0.023023023023023025,0.8775510204081632
yolo,hawaii,0.024024024024024024,0.2726074678109869,0.17363159729433397,0.634020618556701,0.024024024024024024,0.8775510204081632
yolo,hawaii,0.025025025025025023,0.27764323609943825,0.1781475304744042,0.6288659793814433,0.025025025025025023,0.8775510204081632
yolo,hawaii,0.026026026026026026,0.2840468157705081,0.18378660866279628,0.625,0.026026026026026026,0.8775510204081632
yolo,hawaii,0.02702702702702703,0.28851875521967085,0.18807690315848036,0.6192010309278351,0.02702702702702703,0.8775510204081632
yolo,hawaii,0.028028028028028028,0.29370199693828997,0.1931375494057723,0.6127577319587629,0.028028028028028028,0.8627450980392157
yolo,hawaii,0.029029029029029027,0.29931832758034743,0.19829506360020493,0.6101804123711341,0.029029029029029027,0.8620689655172413
yolo,hawaii,0.03003003003003003,0.30397008581764434,0.20297262906550245,0.6050257731958762,0.03003003003003003,0.8620689655172413
yolo,hawaii,0.031031031031031032,0.30749251655471516,0.20703910502228226,0.5972938144329897,0.031031031031031032,0.8620689655172413
yolo,hawaii,0.03203203203203203,0.3106769922333638,0.21033780455827966,0.5940721649484536,0.03203203203203203,0.8620689655172413
yolo,hawaii,0.03303303303303303,0.3153278541369299,0.21504777634857622,0.5908505154639175,0.03303303303303303,0.8620689655172413
yolo,hawaii,0.03403403403403403,0.31877859252828833,0.21907264322752426,0.5850515463917526,0.03403403403403403,0.8620689655172413
yolo,hawaii,0.035035035035035036,0.3216102206090074,0.22250587297887747,0.5798969072164949,0.035035035035035036,0.8620689655172413
yolo,hawaii,0.036036036036036036,0.32506759311972716,0.2266208710666689,0.5747422680412371,0.036036036036036036,0.8620689655172413
yolo,hawaii,0.037037037037037035,0.32873307760165954,0.23072067945825273,0.571520618556701,0.037037037037037035,0.8620689655172413
yolo,hawaii,0.03803803803803804,0.33230875524063275,0.2346946867975166,0.5689432989690721,0.03803803803803804,0.8620689655172413
yolo,hawaii,0.03903903903903904,0.3368558016465096,0.23960002777607814,0.5670103092783505,0.03903903903903904,0.8620689655172413
yolo,hawaii,0.04004004004004004,0.3400483334590321,0.24343915914567033,0.5637886597938144,0.04004004004004004,0.8620689655172413
yolo,hawaii,0.04104104104104104,0.3433699384881777,0.2473556577049015,0.5612113402061856,0.04104104104104104,0.8620689655172413
yolo,hawaii,0.04204204204204204,0.34633906213471194,0.25122672302819776,0.5573453608247423,0.04204204204204204,0.8620689655172413
yolo,hawaii,0.043043043043043044,0.34860253152959164,0.2544243793913463,0.553479381443299,0.043043043043043044,0.8620689655172413
yolo,hawaii,0.044044044044044044,0.3513025832576004,0.25829770671933,0.5489690721649485,0.044044044044044044,0.8620689655172413
yolo,hawaii,0.04504504504504504,0.3547221059898074,0.26245455569582266,0.5470360824742269,0.04504504504504504,0.8620689655172413
yolo,hawaii,0.04604604604604605,0.3578525182177548,0.26635561906435795,0.5451030927835051,0.04604604604604605,0.8620689655172413
yolo,hawaii,0.04704704704704705,0.3606393976726139,0.2704100975707038,0.5412371134020618,0.04704704704704705,0.8620689655172413
yolo,hawaii,0.04804804804804805,0.3637024125015743,0.2743664987536545,0.5393041237113402,0.04804804804804805,0.8620689655172413
yolo,hawaii,0.04904904904904905,0.3656162990503044,0.27757836200045466,0.5354381443298969,0.04904904904904905,0.8617886178861789
yolo,hawaii,0.050050050050050046,0.3687614213296991,0.2819364824060237,0.532860824742268,0.050050050050050046,0.8617886178861789
yolo,hawaii,0.05105105105105105,0.3701431322265441,0.2844979819671438,0.5295623565080407,0.05105105105105105,0.8617886178861789
yolo,hawaii,0.05205205205205205,0.37196069115472724,0.28777380271057584,0.5257731958762887,0.05205205205205205,0.8617886178861789
yolo,hawaii,0.05305305305305305,0.37327592480362565,0.2905357358607375,0.5219072164948454,0.05305305305305305,0.8617886178861789
yolo,hawaii,0.05405405405405406,0.37723388892626125,0.29556654832810164,0.5212628865979382,0.05405405405405406,0.8617886178861789
yolo,hawaii,0.055055055055055056,0.3796286846880399,0.2989417265457993,0.5199742268041238,0.055055055055055056,0.8617886178861789
yolo,hawaii,0.056056056056056056,0.38186141328633133,0.3019374807766438,0.5193298969072165,0.056056056056056056,0.8617886178861789
yolo,hawaii,0.057057057057057055,0.383796782487784,0.3057083912928866,0.5154639175257731,0.057057057057057055,0.8617886178861789
yolo,hawaii,0.058058058058058054,0.3844747095004225,0.3084223991359498,0.5103092783505154,0.058058058058058054,0.8617886178861789
yolo,hawaii,0.05905905905905906,0.3864495495015799,0.31145246618437394,0.509020618556701,0.05905905905905906,0.8617886178861789
yolo,hawaii,0.06006006006006006,0.3883225181792064,0.31488096024760287,0.5064432989690721,0.06006006006006006,0.8617886178861789
yolo,hawaii,0.06106106106106106,0.3894338150863767,0.31735895158276844,0.5038659793814433,0.06106106106106106,0.8617886178861789
yolo,hawaii,0.062062062062062065,0.3902921587849954,0.3195390738343099,0.5012886597938144,0.062062062062062065,0.8617886178861789
yolo,hawaii,0.06306306306306306,0.3912290623476973,0.3221304219205422,0.49806701030927836,0.06306306306306306,0.8617886178861789
yolo,hawaii,0.06406406406406406,0.393704085767493,0.3260528692250183,0.49677835051546393,0.06406406406406406,0.8617886178861789
yolo,hawaii,0.06506506506506507,0.39461173478881795,0.32814431461847543,0.4948453608247423,0.06506506506506507,0.8617886178861789
yolo,hawaii,0.06606606606606606,0.39599976643240964,0.3315174999713219,0.49162371134020616,0.06606606606606606,0.8617886178861789
yolo,hawaii,0.06706706706706707,0.397358518770506,0.3352285076169246,0.4877577319587629,0.06706706706706707,0.8617886178861789
yolo,hawaii,0.06806806806806806,0.39954420471155894,0.33866231034353195,0.48711340206185566,0.06806806806806806,0.8617886178861789
yolo,hawaii,0.06906906906906907,0.4016150298911736,0.3429280578639581,0.4845360824742268,0.06906906906906907,0.8515625
yolo,hawaii,0.07007007007007007,0.4025217378315599,0.34523476945542636,0.48260309278350516,0.07007007007007007,0.8515625
yolo,hawaii,0.07107107107107107,0.40297262007261486,0.3475728307155871,0.4793814432989691,0.07107107107107107,0.8362573099415205
yolo,hawaii,0.07207207207207207,0.401449442419894,0.34838559307207745,0.4735824742268041,0.07207207207207207,0.8362573099415205
yolo,hawaii,0.07307307307307308,0.40438379105244826,0.35318775529206775,0.4729381443298969,0.07307307307307308,0.8362573099415205
yolo,hawaii,0.07407407407407407,0.4047400830356682,0.3559257507005685,0.4690721649484536,0.07407407407407407,0.8362573099415205
yolo,hawaii,0.07507507507507508,0.40587385126205416,0.35843599176452556,0.4677835051546392,0.07507507507507508,0.8362573099415205
yolo,hawaii,0.07607607607607608,0.405746285835837,0.3601497471877013,0.4645618556701031,0.07607607607607608,0.8362573099415205
yolo,hawaii,0.07707707707707707,0.40637166165819505,0.36270935630149553,0.46198453608247425,0.07707707707707707,0.8362573099415205
yolo,hawaii,0.07807807807807808,0.40680191213806965,0.3641967809321245,0.46069587628865977,0.07807807807807808,0.8362573099415205
yolo,hawaii,0.07907907907907907,0.4071594451129389,0.3668156443381518,0.4574742268041237,0.07907907907907907,0.8362573099415205
yolo,hawaii,0.08008008008008008,0.40876881792148084,0.3698577036749165,0.4568298969072165,0.08008008008008008,0.8362573099415205
yolo,hawaii,0.08108108108108109,0.40949618251116654,0.37190489583815833,0.45554123711340205,0.08108108108108109,0.8362573099415205
yolo,hawaii,0.08208208208208208,0.4110673573763663,0.3753804145315341,0.4542525773195876,0.08208208208208208,0.8362573099415205
yolo,hawaii,0.08308308308308308,0.4111292942592816,0.3772631531230096,0.45167525773195877,0.08308308308308308,0.8362573099415205
yolo,hawaii,0.08408408408408408,0.41246447081317694,0.38135673607240067,0.4490979381443299,0.08408408408408408,0.8362573099415205
yolo,hawaii,0.08508508508508508,0.4138105834397241,0.38461011238485143,0.4478092783505155,0.08508508508508508,0.8362573099415205
yolo,hawaii,0.08608608608608609,0.41520556116684887,0.38813598296777824,0.4463340163713557,0.08608608608608609,0.8362573099415205
yolo,hawaii,0.08708708708708708,0.4165744186434388,0.39138289584505304,0.44523195876288657,0.08708708708708708,0.8362573099415205
yolo,hawaii,0.08808808808808809,0.41753223477353796,0.3935808592454161,0.44458762886597936,0.08808808808808809,0.8362573099415205
yolo,hawaii,0.0890890890890891,0.4186092060329834,0.3970415220460863,0.4426546391752577,0.0890890890890891,0.8362573099415205
yolo,hawaii,0.09009009009009009,0.41968087418139033,0.4010913286110859,0.44007731958762886,0.09009009009009009,0.8362573099415205
yolo,hawaii,0.09109109109109109,0.4207123617200203,0.404066475615565,0.43878865979381443,0.09109109109109109,0.8362573099415205
yolo,hawaii,0.0920920920920921,0.42310079485010427,0.40961921516440924,0.4375,0.0920920920920921,0.8362573099415205
yolo,hawaii,0.09309309309309309,0.42312875191892146,0.4119575750605603,0.43492268041237114,0.09309309309309309,0.8285714285714286
yolo,hawaii,0.0940940940940941,0.42384097826477146,0.4144804926336192,0.4336340206185567,0.0940940940940941,0.8258426966292135
yolo,hawaii,0.09509509509509509,0.424906966458412,0.4171204766877252,0.4329896907216495,0.09509509509509509,0.8222222222222222
yolo,hawaii,0.0960960960960961,0.42521586445403514,0.41947139210318213,0.4311198573050746,0.0960960960960961,0.8206521739130435
yolo,hawaii,0.0970970970970971,0.4249963349113958,0.4215694581403689,0.42847938144329895,0.0970970970970971,0.8206521739130435
yolo,hawaii,0.0980980980980981,0.42330357869157587,0.4226401711603237,0.42396907216494845,0.0980980980980981,0.8157894736842105
yolo,hawaii,0.0990990990990991,0.4231112703269373,0.42403698867812295,0.42218958505654475,0.0990990990990991,0.8157894736842105
yolo,hawaii,0.10010010010010009,0.4219309684378348,0.42475268706809394,0.41914649289753747,0.10010010010010009,0.8125
yolo,hawaii,0.1011011011011011,0.42407849576799306,0.4301562425361119,0.4181701030927835,0.1011011011011011,0.8092783505154639
yolo,hawaii,0.1021021021021021,0.4244605761384809,0.4339329338398964,0.4153929297119882,0.1021021021021021,0.8027522935779816
yolo,hawaii,0.1031031031031031,0.4264315400153999,0.44001706703120036,0.41365979381443296,0.1031031031031031,0.8027522935779816
yolo,hawaii,0.1041041041041041,0.42657739214565915,0.44179738996565077,0.41237113402061853,0.1041041041041041,0.8027522935779816
yolo,hawaii,0.10510510510510511,0.42766982205846554,0.44565206726491957,0.4110824742268041,0.10510510510510511,0.8027522935779816
yolo,hawaii,0.1061061061061061,0.42869836589659865,0.44789161967580177,0.4110824742268041,0.1061061061061061,0.8027522935779816
yolo,hawaii,0.10710710710710711,0.4315071211211838,0.454067479482597,0.4110824742268041,0.10710710710710711,0.8027522935779816
yolo,hawaii,0.10810810810810811,0.4318976371426758,0.4565219220196184,0.4097938144329897,0.10810810810810811,0.8027522935779816
yolo,hawaii,0.1091091091091091,0.4323930244302537,0.4598148594716295,0.40805780846131057,0.1091091091091091,0.8027522935779816
yolo,hawaii,0.11011011011011011,0.43310052465931637,0.4624984593245392,0.4072164948453608,0.11011011011011011,0.8027522935779816
yolo,hawaii,0.1111111111111111,0.4333626003658273,0.4656221111134997,0.4052835051546392,0.1111111111111111,0.8027522935779816
yolo,hawaii,0.11211211211211211,0.4343710148679769,0.46968650745269724,0.40399484536082475,0.11211211211211211,0.8027522935779816
yolo,hawaii,0.11311311311311312,0.43547995754309093,0.4731710507370925,0.40335051546391754,0.11311311311311312,0.8026315789473685
yolo,hawaii,0.11411411411411411,0.4359645302910007,0.4770178930578642,0.4014175257731959,0.11411411411411411,0.8026315789473685
yolo,hawaii,0.11511511511511512,0.4361096244612872,0.4782798656065167,0.4007731958762887,0.11511511511511512,0.8026315789473685
yolo,hawaii,0.11611611611611611,0.4371553567717237,0.48267049441761106,0.39948453608247425,0.11611611611611611,0.8026315789473685
yolo,hawaii,0.11711711711711711,0.4366724283126193,0.484043947209778,0.3977465078059762,0.11711711711711711,0.8026315789473685
yolo,hawaii,0.11811811811811812,0.437448067796336,0.48818732194581504,0.3962628865979381,0.11811811811811812,0.8016877637130801
yolo,hawaii,0.11911911911911911,0.4369750990395042,0.48897147516037276,0.3949742268041237,0.11911911911911911,0.8016877637130801
yolo,hawaii,0.12012012012012012,0.43599900229840494,0.4894992222844005,0.39304123711340205,0.12012012012012012,0.8016877637130801
yolo,hawaii,0.12112112112112113,0.43676103009508915,0.49345395379801105,0.3917525773195876,0.12112112112112113,0.8016877637130801
yolo,hawaii,0.12212212212212212,0.437034152284698,0.4959961108832176,0.3906011134477026,0.12212212212212212,0.8016877637130801
yolo,hawaii,0.12312312312312312,0.437111787466738,0.4995834728120701,0.38852739205458814,0.12312312312312312,0.8008298755186722
yolo,hawaii,0.12412412412412413,0.4364786196948429,0.5006174553045205,0.38690815738015266,0.12412412412412413,0.8008298755186722
yolo,hawaii,0.12512512512512514,0.4367564008436486,0.5032507573829581,0.38578301795916553,0.12512512512512514,0.7967479674796748
yolo,hawaii,0.12612612612612611,0.4371744884881297,0.5051743387591613,0.3853092783505155,0.12612612612612611,0.7967479674796748
yolo,hawaii,0.12712712712712712,0.43771796259765244,0.5077463749017681,0.38466494845360827,0.12712712712712712,0.7951807228915663
yolo,hawaii,0.12812812812812813,0.4382906571477072,0.5092902375014527,0.38466494845360827,0.12812812812812813,0.7937743190661478
yolo,hawaii,0.12912912912912913,0.4393063334737021,0.5129832313291064,0.38413515982744534,0.12912912912912913,0.7937743190661478
yolo,hawaii,0.13013013013013014,0.43978657201904975,0.5156613869631512,0.38337628865979384,0.13013013013013014,0.7937743190661478
yolo,hawaii,0.13113113113113112,0.43984421937155255,0.5181712971403375,0.38208762886597936,0.13113113113113112,0.7937743190661478
yolo,hawaii,0.13213213213213212,0.4409518669526481,0.5212563759130908,0.38208762886597936,0.13213213213213212,0.793233082706767
yolo,hawaii,0.13313313313313313,0.4408885250950761,0.5234780877998646,0.38080811912250573,0.13313313313313313,0.793233082706767
yolo,hawaii,0.13413413413413414,0.4413429854899007,0.5265872581564703,0.3798522647616479,0.13413413413413414,0.793233082706767
yolo,hawaii,0.13513513513513514,0.441426632086842,0.5284111121208347,0.37903218767624547,0.13513513513513514,0.793233082706767
yolo,hawaii,0.13613613613613612,0.4412401527492177,0.5307250266347233,0.37757731958762886,0.13613613613613612,0.79182156133829
yolo,hawaii,0.13713713713713713,0.44143646821932997,0.5325744264858768,0.37693298969072164,0.13713713713713713,0.79182156133829
yolo,hawaii,0.13813813813813813,0.44214950036027106,0.5359566141113701,0.37628865979381443,0.13813813813813813,0.7900355871886121
yolo,hawaii,0.13913913913913914,0.44282777568876613,0.5392766202462626,0.3756443298969072,0.13913913913913914,0.7900355871886121
yolo,hawaii,0.14014014014014015,0.4420792473731435,0.540666333104331,0.3739008014288927,0.14014014014014015,0.7900355871886121
yolo,hawaii,0.14114114114114115,0.442307833118512,0.5458625546260258,0.37177835051546393,0.14114114114114115,0.7900355871886121
yolo,hawaii,0.14214214214214213,0.4417174783246938,0.5470400497561931,0.3704031216273485,0.14214214214214213,0.7900355871886121
yolo,hawaii,0.14314314314314314,0.4393919315875278,0.5467654146786468,0.36726804123711343,0.14314314314314314,0.7879858657243817
yolo,hawaii,0.14414414414414414,0.4393476620827178,0.547739468804862,0.36676815147480485,0.14414414414414414,0.7859649122807018
yolo,hawaii,0.14514514514514515,0.43651967327515806,0.5469096182599162,0.3632085296015818,0.14514514514514515,0.7808219178082192
yolo,hawaii,0.14614614614614616,0.434229566815845,0.5466057276401713,0.360180412371134,0.14614614614614616,0.7808219178082192
yolo,hawaii,0.14714714714714713,0.43409498256714185,0.5476121704740559,0.35956003553923027,0.14714714714714713,0.7762711864406779
yolo,hawaii,0.14814814814814814,0.4340082074094366,0.5504059337253779,0.3582474226804124,0.14814814814814814,0.7718120805369127
yolo,hawaii,0.14914914914914915,0.43327863860221666,0.5529220715060703,0.35620221498789784,0.14914914914914915,0.7687296416938111
yolo,hawaii,0.15015015015015015,0.4311068422025786,0.5526307738414534,0.3533950084128105,0.15015015015015015,0.7687296416938111
yolo,hawaii,0.15115115115115116,0.4304040303507379,0.5534208118073545,0.3521308547215978,0.15115115115115116,0.7687296416938111
yolo,hawaii,0.15215215215215216,0.429768898316877,0.5553325876033498,0.35051546391752575,0.15215215215215216,0.7670807453416149
yolo,hawaii,0.15315315315315314,0.42992385858038235,0.5574912949100869,0.34986607381670404,0.15315315315315314,0.7670807453416149
yolo,hawaii,0.15415415415415415,0.43027744768676734,0.5603198197334577,0.3492268041237113,0.15415415415415415,0.7670807453416149
yolo,hawaii,0.15515515515515516,0.42991265593371997,0.5624827420211271,0.3479137696587053,0.15515515515515516,0.7670807453416149
yolo,hawaii,0.15615615615615616,0.42976423261639574,0.5635999755533286,0.3472938144329897,0.15615615615615616,0.7670807453416149
yolo,hawaii,0.15715715715715717,0.4294805077707211,0.5643244066490988,0.34664948453608246,0.15715715715715717,0.7670807453416149
yolo,hawaii,0.15815815815815815,0.42866842546816547,0.5649435587612028,0.34536082474226804,0.15815815815815815,0.7670807453416149
yolo,hawaii,0.15915915915915915,0.4283145331596718,0.5671832505498597,0.3440721649484536,0.15915915915915915,0.7668711656441718
yolo,hawaii,0.16016016016016016,0.4285710520222844,0.5680837831649547,0.3440721649484536,0.16016016016016016,0.7668711656441718
yolo,hawaii,0.16116116116116116,0.4281149332711656,0.5701642249270882,0.34272842823787675,0.16116116116116116,0.7514970059880239
yolo,hawaii,0.16216216216216217,0.4270299619515434,0.5708366769874419,0.34109930515740555,0.16216216216216217,0.7480719794344473
yolo,hawaii,0.16316316316316315,0.4268887418313741,0.5746829379891408,0.3395618556701031,0.16316316316316315,0.7480719794344473
yolo,hawaii,0.16416416416416416,0.4268982882312418,0.5765727974359749,0.3389175257731959,0.16416416416416416,0.7480719794344473
yolo,hawaii,0.16516516516516516,0.4262460743388535,0.5787944436054991,0.3373368208365989,0.16516516516516516,0.7480719794344473
yolo,hawaii,0.16616616616616617,0.42573097338806376,0.5798370871323989,0.33634020618556704,0.16616616616616617,0.7480719794344473
yolo,hawaii,0.16716716716716717,0.42422402316323776,0.5800046488205375,0.33440721649484534,0.16716716716716717,0.7480719794344473
yolo,hawaii,0.16816816816816815,0.42431520124252503,0.5822965065073474,0.3337628865979381,0.16816816816816815,0.7480719794344473
yolo,hawaii,0.16916916916916916,0.4239923110126022,0.585029766231642,0.3324742268041237,0.16916916916916916,0.7480719794344473
yolo,hawaii,0.17017017017017017,0.4236598504239818,0.5857626568736519,0.3318298969072165,0.17017017017017017,0.7480719794344473
yolo,hawaii,0.17117117117117117,0.42340254890459694,0.5867643847060343,0.3311943101027728,0.17117117117117117,0.7480719794344473
yolo,hawaii,0.17217217217217218,0.42135641216849384,0.5874619492780937,0.32847868798041296,0.17217217217217218,0.7480719794344473
yolo,hawaii,0.17317317317317318,0.4207273936400856,0.5875542856933498,0.3276860432549875,0.17317317317317318,0.7480719794344473
yolo,hawaii,0.17417417417417416,0.4186306622171964,0.5867809092300345,0.32538659793814434,0.17417417417417416,0.7480719794344473
yolo,hawaii,0.17517517517517517,0.41835897088825463,0.5878139917039673,0.3247422680412371,0.17517517517517517,0.7480719794344473
yolo,hawaii,0.17617617617617617,0.41574014490104555,0.5861220392005296,0.32210600727421085,0.17617617617617617,0.7480719794344473
yolo,hawaii,0.17717717717717718,0.4152259307368512,0.5857430229245845,0.3216032248776674,0.17717717717717718,0.7480719794344473
yolo,hawaii,0.1781781781781782,0.4145371688292652,0.5875711942924488,0.32023195876288657,0.1781781781781782,0.7480719794344473
yolo,hawaii,0.17917917917917917,0.41492290107296725,0.5891237675342256,0.32023195876288657,0.17917917917917917,0.7480719794344473
yolo,hawaii,0.18018018018018017,0.4146046245924144,0.590394390142573,0.3194796481600631,0.18018018018018017,0.7480719794344473
yolo,hawaii,0.18118118118118118,0.41461707077958804,0.5922856470664917,0.31894329896907214,0.18118118118118118,0.7480719794344473
yolo,hawaii,0.18218218218218218,0.41393899843547666,0.5939805616140265,0.3176546391752577,0.18218218218218218,0.7480719794344473
yolo,hawaii,0.1831831831831832,0.41253187240923544,0.594121588087108,0.315960448149638,0.1831831831831832,0.7480719794344473
yolo,hawaii,0.1841841841841842,0.410117007418094,0.592931826515622,0.31346758335168656,0.1841841841841842,0.7480719794344473
yolo,hawaii,0.18518518518518517,0.4101415459652269,0.5941948393352824,0.3131443298969072,0.18518518518518517,0.7480719794344473
yolo,hawaii,0.18618618618618618,0.4085939573632548,0.5946772316549788,0.31121134020618557,0.18618618618618618,0.7480719794344473
yolo,hawaii,0.1871871871871872,0.40853241777227745,0.5967814442758225,0.31056701030927836,0.1871871871871872,0.7480719794344473
yolo,hawaii,0.1881881881881882,0.4076372243550371,0.5977322262702109,0.30927835051546393,0.1881881881881882,0.7474489795918368
yolo,hawaii,0.1891891891891892,0.40815231619949394,0.599952682613422,0.30927835051546393,0.1891891891891892,0.7437810945273632
yolo,hawaii,0.19019019019019018,0.4067376245850686,0.6014500088482473,0.3072643847815698,0.19019019019019018,0.7437810945273632
yolo,hawaii,0.19119119119119118,0.40576541879957084,0.6018339675865771,0.30605670103092786,0.19119119119119118,0.7437810945273632
yolo,hawaii,0.1921921921921922,0.4047294282240522,0.6022684932892318,0.30476804123711343,0.1921921921921922,0.7437810945273632
yolo,hawaii,0.1931931931931932,0.40383242338961806,0.60334279818424,0.30347938144329895,0.1931931931931932,0.7413793103448276
yolo,hawaii,0.1941941941941942,0.4027165410437097,0.6048807141022795,0.3018363325295052,0.1941941941941942,0.7383863080684596
yolo,hawaii,0.19519519519519518,0.40277561337621953,0.6068913500002497,0.30140431542531787,0.19519519519519518,0.7349397590361446
yolo,hawaii,0.1961961961961962,0.401889263594194,0.6075248813547157,0.3002577319587629,0.1961961961961962,0.7349397590361446
yolo,hawaii,0.1971971971971972,0.40051948879287047,0.6078694688525247,0.2986478907519717,0.1971971971971972,0.7342657342657343
yolo,hawaii,0.1981981981981982,0.4007421286475653,0.6102440191820209,0.29832474226804123,0.1981981981981982,0.7342657342657343
yolo,hawaii,0.1991991991991992,0.40050407520886133,0.61184546365459,0.297680412371134,0.1991991991991992,0.7342657342657343
yolo,hawaii,0.20020020020020018,0.40034290239078185,0.6138271823396796,0.2970360824742268,0.20020020020020018,0.7342657342657343
yolo,hawaii,0.2012012012012012,0.39995342497004444,0.6147531363503701,0.2963917525773196,0.2012012012012012,0.7342657342657343
yolo,hawaii,0.2022022022022022,0.40025698791565567,0.6161897687183582,0.2963917525773196,0.2022022022022022,0.7342657342657343
yolo,hawaii,0.2032032032032032,0.4001669715573137,0.6185929250244517,0.29574059055861845,0.2032032032032032,0.7331786542923434
yolo,hawaii,0.2042042042042042,0.39915508400673455,0.6178459663831076,0.2948063303853075,0.2042042042042042,0.7321016166281755
yolo,hawaii,0.20520520520520522,0.39931655229498497,0.6201564044313065,0.29445876288659795,0.20520520520520522,0.7307692307692307
yolo,hawaii,0.2062062062062062,0.40013845592446434,0.6241384429390598,0.29445876288659795,0.2062062062062062,0.7307692307692307
yolo,hawaii,0.2072072072072072,0.40022159855952877,0.6258047810708763,0.29417915284186835,0.2072072072072072,0.7307692307692307
yolo,hawaii,0.2082082082082082,0.3989366553463361,0.6263287177908714,0.29267822642662056,0.2082082082082082,0.726457399103139
yolo,hawaii,0.2092092092092092,0.3984363156783428,0.6275202001842138,0.2918814432989691,0.2092092092092092,0.7254464285714286
yolo,hawaii,0.21021021021021022,0.39762933600365225,0.6294976472273345,0.29059278350515466,0.21021021021021022,0.7247899159663865
yolo,hawaii,0.2112112112112112,0.3950511149451714,0.6286934897612093,0.28801546391752575,0.2112112112112112,0.7247899159663865
yolo,hawaii,0.2122122122122122,0.39460280012175647,0.6294981075962067,0.28737113402061853,0.2122122122122122,0.7247899159663865
yolo,hawaii,0.2132132132132132,0.39494575198312853,0.6312469847154146,0.28737113402061853,0.2132132132132132,0.7247899159663865
yolo,hawaii,0.21421421421421422,0.39334025589781574,0.6324029606105095,0.2854381443298969,0.21421421421421422,0.7247899159663865
yolo,hawaii,0.21521521521521522,0.38942205814604625,0.631457568970836,0.2815174061803179,0.21521521521521522,0.7247899159663865
yolo,hawaii,0.21621621621621623,0.388496777352949,0.6315557858212367,0.2805319428760302,0.21621621621621623,0.7247899159663865
yolo,hawaii,0.2172172172172172,0.38823976993905457,0.6347518127321448,0.27963917525773196,0.2172172172172172,0.7247899159663865
yolo,hawaii,0.2182182182182182,0.3864806936046711,0.6353342415462544,0.2777061855670103,0.2182182182182182,0.7247899159663865
yolo,hawaii,0.21921921921921922,0.3855025048858556,0.6368136426925529,0.2764175257731959,0.21921921921921922,0.7247899159663865
yolo,hawaii,0.22022022022022023,0.38512196074483734,0.6381654020004254,0.2757731958762887,0.22022022022022023,0.7247899159663865
yolo,hawaii,0.22122122122122123,0.3848838060637325,0.6393691768036646,0.2753052416909337,0.22122122122122123,0.7247899159663865
yolo,hawaii,0.2222222222222222,0.3834166163225348,0.6391093577878136,0.27385401490185984,0.2222222222222222,0.7247899159663865
yolo,hawaii,0.22322322322322322,0.382271522569884,0.6398556157216014,0.27255154639175255,0.22322322322322322,0.7229166666666667
yolo,hawaii,0.22422422422422422,0.38129608700776035,0.6415163339680772,0.2712628865979381,0.22422422422422422,0.7227926078028748
yolo,hawaii,0.22522522522522523,0.3816532052557786,0.6435425968682721,0.2712628865979381,0.22522522522522523,0.7227926078028748
yolo,hawaii,0.22622622622622623,0.38170021969422857,0.6471904537954849,0.2706672132693279,0.22622622622622623,0.7227926078028748
yolo,hawaii,0.2272272272272272,0.3809504063728716,0.6492589182724017,0.26955561043697607,0.2272272272272272,0.7224489795918367
yolo,hawaii,0.22822822822822822,0.3802339623813717,0.6496112333472883,0.268778392878467,0.22822822822822822,0.7215447154471545
yolo,hawaii,0.22922922922922923,0.379260920395177,0.6497769571227631,0.26777885788189537,0.22922922922922923,0.716297786720322
yolo,hawaii,0.23023023023023023,0.37870770046672336,0.6511504188880318,0.2669960048787561,0.23023023023023023,0.7151394422310757
yolo,hawaii,0.23123123123123124,0.37843739401060994,0.6518475257618637,0.26661057807898925,0.23123123123123124,0.7151394422310757
yolo,hawaii,0.23223223223223222,0.37801870125671694,0.6523692184129356,0.2661082474226804,0.23223223223223222,0.7106299212598425
yolo,hawaii,0.23323323323323322,0.3750858179315816,0.6511667959716924,0.2634068661283414,0.23323323323323322,0.708171206225681
yolo,hawaii,0.23423423423423423,0.3746083552226468,0.6514710407384204,0.26288659793814434,0.23423423423423423,0.708171206225681
yolo,hawaii,0.23523523523523523,0.37402947810529286,0.6531239828273375,0.26204975088741606,0.23523523523523523,0.7024952015355086
yolo,hawaii,0.23623623623623624,0.37218174047225555,0.6526841705379454,0.2603092783505155,0.23623623623623624,0.700381679389313
yolo,hawaii,0.23723723723723725,0.37253931437929133,0.6548888187350764,0.2603092783505155,0.23723723723723725,0.6975425330812854
yolo,hawaii,0.23823823823823823,0.37212589179704564,0.6564227001800275,0.25966494845360827,0.23823823823823823,0.6902985074626866
yolo,hawaii,0.23923923923923923,0.3717103597695683,0.6579653526249059,0.25902061855670105,0.23923923923923923,0.6888888888888889
yolo,hawaii,0.24024024024024024,0.37067905056859524,0.6590805209137333,0.2578490609789418,0.24024024024024024,0.6824817518248175
yolo,hawaii,0.24124124124124124,0.3707699443320333,0.6604232498001219,0.25773195876288657,0.24124124124124124,0.6818181818181818
yolo,hawaii,0.24224224224224225,0.3694133187253583,0.6600627561649025,0.2564771704435864,0.24224224224224225,0.6817359855334539
yolo,hawaii,0.24324324324324323,0.3681035907707293,0.66047526284436,0.2551546391752577,0.24324324324324323,0.6767857142857143
yolo,hawaii,0.24424424424424424,0.3661130250168485,0.6606396572994835,0.25322164948453607,0.24424424424424424,0.6761565836298933
yolo,hawaii,0.24524524524524524,0.3664101982086057,0.6627143942122051,0.2532018826499996,0.24524524524524524,0.6743362831858407
yolo,hawaii,0.24624624624624625,0.3657870428798173,0.6632412425794858,0.25253065868984387,0.24624624624624625,0.6736474694589878
yolo,hawaii,0.24724724724724725,0.3636752869786329,0.6616577353714151,0.2507487398547277,0.24724724724724725,0.6736474694589878
yolo,hawaii,0.24824824824824826,0.3630778956636388,0.6629278329883578,0.25,0.24824824824824826,0.6736474694589878
yolo,hawaii,0.24924924924924924,0.3627307817477401,0.6651610949028935,0.24935567010309279,0.24924924924924924,0.6683937823834197
yolo,hawaii,0.2502502502502503,0.36286848162039065,0.6660881133960928,0.24935567010309279,0.2502502502502503,0.6632825719120136
yolo,hawaii,0.25125125125125125,0.3629500976971728,0.6681998851267024,0.24913790658650284,0.25125125125125125,0.6632825719120136
yolo,hawaii,0.25225225225225223,0.3625117584286334,0.6682986370084589,0.24871134020618557,0.25225225225225223,0.6632825719120136
yolo,hawaii,0.25325325325325326,0.3628895879635693,0.6708740141659743,0.24871134020618557,0.25325325325325326,0.6622073578595318
yolo,hawaii,0.25425425425425424,0.36174093498928794,0.6724959645567191,0.24741324488765704,0.25425425425425424,0.6622073578595318
yolo,hawaii,0.2552552552552553,0.36045894103733217,0.6715408595351257,0.2463436758263524,0.2552552552552553,0.6611570247933884
yolo,hawaii,0.25625625625625625,0.35977876160295363,0.6731826192711889,0.24548969072164947,0.25625625625625625,0.6611570247933884
yolo,hawaii,0.25725725725725723,0.3598530683317013,0.6737032129836693,0.24548969072164947,0.25725725725725723,0.6611570247933884
yolo,hawaii,0.25825825825825827,0.35992729093943543,0.6742238066961497,0.24548969072164947,0.25825825825825827,0.6600985221674877
yolo,hawaii,0.25925925925925924,0.35935490339987897,0.675074451280779,0.24484536082474226,0.25925925925925924,0.6574225122349103
yolo,hawaii,0.2602602602602603,0.3587925356669285,0.6760113216638454,0.24420103092783504,0.2602602602602603,0.656910569105691
yolo,hawaii,0.26126126126126126,0.3573724241123781,0.6758163975978303,0.24291237113402062,0.26126126126126126,0.6538461538461539
yolo,hawaii,0.26226226226226224,0.35779137559841934,0.6814378813210442,0.2425792302473958,0.26226226226226224,0.6538461538461539
yolo,hawaii,0.26326326326326327,0.3563960418765175,0.6815165358051443,0.2412883578290254,0.26326326326326327,0.6534810126582279
yolo,hawaii,0.26426426426426425,0.3560997893102291,0.6824145162811645,0.2409047493126286,0.26426426426426425,0.6534810126582279
yolo,hawaii,0.2652652652652653,0.35577660126354826,0.6821749405927645,0.2406388178854304,0.2652652652652653,0.6534810126582279
yolo,hawaii,0.26626626626626626,0.35545333525497613,0.6819353649043646,0.24037288645823218,0.26626626626626626,0.6519685039370079
yolo,hawaii,0.26726726726726724,0.3547566717968444,0.6823032182771572,0.23969072164948454,0.26726726726726724,0.6514913657770801
yolo,hawaii,0.2682682682682683,0.3550972993402246,0.6848301418312421,0.23969072164948454,0.2682682682682683,0.6505460218408736
yolo,hawaii,0.26926926926926925,0.3555357108803639,0.6881029281254001,0.23969072164948454,0.26926926926926925,0.6501547987616099
yolo,hawaii,0.2702702702702703,0.3549566855017602,0.6890839995214979,0.23904639175257733,0.2702702702702703,0.6501547987616099
yolo,hawaii,0.27127127127127126,0.35435520027929657,0.6899122344897315,0.23840206185567012,0.27127127127127126,0.6409090909090909
yolo,hawaii,0.27227227227227224,0.3539216211395287,0.6920383467684085,0.23775773195876287,0.27227227227227224,0.6409090909090909
yolo,hawaii,0.2732732732732733,0.3541651707202393,0.6939044439912002,0.23775773195876287,0.2732732732732733,0.6401799100449775
yolo,hawaii,0.27427427427427425,0.3539013789493066,0.6973984079875265,0.23711340206185566,0.27427427427427425,0.6401799100449775
yolo,hawaii,0.2752752752752753,0.35342219246743506,0.6992658020366356,0.23646907216494845,0.2752752752752753,0.6397608370702541
yolo,hawaii,0.27627627627627627,0.35293884644024376,0.7011310345325144,0.23582474226804123,0.27627627627627627,0.6383928571428571
yolo,hawaii,0.2772772772772773,0.3525834947993347,0.7021151487321455,0.23539672470283046,0.2772772772772773,0.6366322008862629
yolo,hawaii,0.2782782782782783,0.3524474488669234,0.7044828050204004,0.23501078970964448,0.2782782782782783,0.6354319180087847
yolo,hawaii,0.27927927927927926,0.3520488352795627,0.705570033767657,0.2345360824742268,0.27927927927927926,0.6354319180087847
yolo,hawaii,0.2802802802802803,0.3522097400757224,0.7068644411288532,0.2345360824742268,0.2802802802802803,0.6328571428571429
yolo,hawaii,0.28128128128128127,0.35232419372706725,0.707787341340112,0.2345360824742268,0.28128128128128127,0.6328571428571429
yolo,hawaii,0.2822822822822823,0.35004255546838947,0.7070025574746461,0.23260309278350516,0.2822822822822823,0.6328571428571429
yolo,hawaii,0.2832832832832833,0.3503761963235504,0.7097326006866294,0.23260309278350516,0.2832832832832833,0.6328571428571429
yolo,hawaii,0.28428428428428426,0.34980900818493593,0.7101479854591379,0.23205902650481156,0.28428428428428426,0.6328571428571429
yolo,hawaii,0.2852852852852853,0.3491318719122653,0.711554007696964,0.23131443298969073,0.2852852852852853,0.6328571428571429
yolo,hawaii,0.2862862862862863,0.3495241121038419,0.7151127570449385,0.2312841928408014,0.2862862862862863,0.6326241134751773
yolo,hawaii,0.2872872872872873,0.3489834434133974,0.7147303306558863,0.23085082014912736,0.2872872872872873,0.6326241134751773
yolo,hawaii,0.2882882882882883,0.3481665368848612,0.7141512954267115,0.23019654091445835,0.2882882882882883,0.6302521008403361
yolo,hawaii,0.28928928928928926,0.3472356777849515,0.7134894136774248,0.22945177309006862,0.28928928928928926,0.6302521008403361
yolo,hawaii,0.2902902902902903,0.3471186939793442,0.7160369590888152,0.22908762365148608,0.2902902902902903,0.6300417246175244
yolo,hawaii,0.2912912912912913,0.3467610823327836,0.7164201630413287,0.22873711340206185,0.2912912912912913,0.6300417246175244
yolo,hawaii,0.2922922922922923,0.34697303028417414,0.7182330316327373,0.22873711340206185,0.2922922922922923,0.6272352132049519
yolo,hawaii,0.2932932932932933,0.34718293984786236,0.7200353325710589,0.22873711340206185,0.2932932932932933,0.6272352132049519
yolo,hawaii,0.29429429429429427,0.3473177105013698,0.7211961053230059,0.22873711340206185,0.29429429429429427,0.626027397260274
yolo,hawaii,0.2952952952952953,0.34660519815272267,0.7214626602211583,0.22809278350515463,0.2952952952952953,0.6191117092866757
yolo,hawaii,0.2962962962962963,0.3460615429865589,0.7219883411189877,0.22756986438523655,0.2962962962962963,0.6191117092866757
yolo,hawaii,0.2972972972972973,0.3427582250955529,0.7210241208339366,0.22481505715726924,0.2972972972972973,0.6127320954907162
yolo,hawaii,0.2982982982982983,0.3412922953618316,0.7207430210084199,0.22358247422680413,0.2982982982982983,0.6116248348745046
yolo,hawaii,0.29929929929929927,0.3400351444427833,0.721852288187574,0.22239915320519402,0.29929929929929927,0.6078431372549019
yolo,hawaii,0.3003003003003003,0.3401403689652653,0.723916550149885,0.22229381443298968,0.3003003003003003,0.6070038910505836
yolo,hawaii,0.3013013013013013,0.3401165264077049,0.7247048687226864,0.22219923476331646,0.3013013013013013,0.6070038910505836
yolo,hawaii,0.3023023023023023,0.33859251347054,0.7236246244412744,0.22100066916356434,0.3023023023023023,0.6056701030927835
yolo,hawaii,0.3033033033033033,0.33787146889679354,0.7231111017670878,0.22043438281254735,0.3033033033033033,0.6053984575835476
yolo,hawaii,0.30430430430430433,0.3360879989134433,0.7218349471045437,0.21903577870727178,0.30430430430430433,0.6033163265306123
yolo,hawaii,0.3053053053053053,0.33479762298309707,0.7209057371966355,0.2180257518014401,0.3053053053053053,0.6027918781725888
yolo,hawaii,0.3063063063063063,0.3327054416940453,0.7193894395476145,0.21639140145801017,0.3063063063063063,0.6020151133501259
yolo,hawaii,0.3073073073073073,0.33213452764519485,0.7189734514644164,0.21594613428911835,0.3073073073073073,0.6020151133501259
yolo,hawaii,0.3083083083083083,0.3314045200590888,0.7203499709089248,0.21520618556701032,0.3083083083083083,0.6007509386733417
yolo,hawaii,0.30930930930930933,0.3312393952528003,0.7211826023389876,0.21499283613004214,0.30930930930930933,0.5975155279503106
yolo,hawaii,0.3103103103103103,0.3307040748622235,0.7207929537581657,0.21457652824359763,0.3103103103103103,0.59727385377943
yolo,hawaii,0.3113113113113113,0.3300765412365582,0.7203346233535644,0.21408889130848338,0.3113113113113113,0.5955882352941176
yolo,hawaii,0.3123123123123123,0.32872017286007454,0.7193404113888044,0.21303611474382733,0.3123123123123123,0.5955882352941176
yolo,hawaii,0.3133133133133133,0.32742499115491563,0.7189362012215962,0.21198453608247422,0.3133133133133133,0.594692400482509
yolo,hawaii,0.31431431431431434,0.32759950844381974,0.7214252884627587,0.21191512526510456,0.31431431431431434,0.594692400482509
yolo,hawaii,0.3153153153153153,0.32687392207021254,0.7223604503242164,0.21122818960981724,0.3153153153153153,0.594692400482509
yolo,hawaii,0.3163163163163163,0.32649587657966517,0.7220828546130021,0.21093624225484395,0.3163163163163163,0.594692400482509
yolo,hawaii,0.3173173173173173,0.3262430194487067,0.7233747742387392,0.21061543545420347,0.3173173173173173,0.594692400482509
yolo,hawaii,0.3183183183183183,0.32554647111258855,0.722863622507726,0.21007832564662357,0.3183183183183183,0.592814371257485
yolo,hawaii,0.31931931931931934,0.32492441509515324,0.7246938371310128,0.20940721649484537,0.31931931931931934,0.5909631391200951
yolo,hawaii,0.3203203203203203,0.3241961093991585,0.7251726071723987,0.20876288659793815,0.3203203203203203,0.5884433962264151
yolo,hawaii,0.3213213213213213,0.32411191129529954,0.7263017511192088,0.2085997366942146,0.3213213213213213,0.5884433962264151
yolo,hawaii,0.32232232232232233,0.32365113429631054,0.7275162783283192,0.20811855670103094,0.32232232232232233,0.588098016336056
yolo,hawaii,0.3233233233233233,0.3239409245151658,0.7307467250321475,0.20809480386769186,0.3233233233233233,0.588098016336056
yolo,hawaii,0.32432432432432434,0.3233887112172194,0.7303458040074784,0.2076716668584083,0.32432432432432434,0.588098016336056
yolo,hawaii,0.3253253253253253,0.3206370539067211,0.7286619542609427,0.20554123711340205,0.3253253253253253,0.5879629629629629
yolo,hawaii,0.3263263263263263,0.31997869622351915,0.7299733779613524,0.20489690721649484,0.3263263263263263,0.5879629629629629
yolo,hawaii,0.32732732732732733,0.31930128775430067,0.7320326489754888,0.20418091887419482,0.32732732732732733,0.5877598152424942
yolo,hawaii,0.3283283283283283,0.318560000689009,0.7330696111881494,0.20349501928227093,0.3283283283283283,0.5875576036866359
yolo,hawaii,0.32932932932932935,0.3176709558134209,0.7340096934206021,0.20269820394931032,0.32932932932932935,0.5874285714285714
yolo,hawaii,0.3303303303303303,0.3171788882851818,0.733650099270523,0.20232502502294306,0.3303303303303303,0.5874285714285714
yolo,hawaii,0.3313313313313313,0.3158705732749669,0.7326891140683809,0.20133396199169504,0.3313313313313313,0.5872291904218928
yolo,hawaii,0.33233233233233234,0.3147788856157323,0.7318834843317534,0.20050814364184272,0.33233233233233234,0.5850340136054422
yolo,hawaii,0.3333333333333333,0.31229175989719904,0.7316486060606532,0.19851151041161713,0.3333333333333333,0.5846501128668171
yolo,hawaii,0.33433433433433435,0.31056157458996914,0.7319837571451877,0.19709108508001819,0.33433433433433435,0.5818385650224215
yolo,hawaii,0.3353353353353353,0.3099372139499745,0.7329254430848596,0.19652061855670103,0.3353353353353353,0.58
yolo,hawaii,0.3363363363363363,0.3085609276046824,0.7337787483332101,0.19535472087341213,0.3363363363363363,0.58
yolo,hawaii,0.33733733733733734,0.3080310895966661,0.7333815197564971,0.1949582115492416,0.33733733733733734,0.5794701986754967
yolo,hawaii,0.3383383383383383,0.3076094371238748,0.7330650794727526,0.19464281667505673,0.3383383383383383,0.5767543859649122
yolo,hawaii,0.33933933933933935,0.30758829849504365,0.7336083882875047,0.19458762886597938,0.33933933933933935,0.5753275109170306
yolo,hawaii,0.34034034034034033,0.3076520325604838,0.7343340429162825,0.19458762886597938,0.34034034034034033,0.5715823466092572
yolo,hawaii,0.34134134134134136,0.3078507611590297,0.7366040022738135,0.19458762886597938,0.34134134134134136,0.5715823466092572
yolo,hawaii,0.34234234234234234,0.30794030675462336,0.7376304583523737,0.19458762886597938,0.34234234234234234,0.5706638115631691
yolo,hawaii,0.3433433433433433,0.30775920806914997,0.7382028623173481,0.19440329054232408,0.3433433433433433,0.5706638115631691
yolo,hawaii,0.34434434434434436,0.3072290876724974,0.73874116131552,0.19394329896907217,0.34434434434434436,0.5673382820784729
yolo,hawaii,0.34534534534534533,0.30703836621454156,0.7410704616348803,0.19363166425272074,0.34534534534534533,0.5665961945031712
yolo,hawaii,0.34634634634634637,0.3062240384330789,0.7404681426065046,0.19302526689541175,0.34634634634634637,0.5651260504201681
yolo,hawaii,0.34734734734734735,0.30574100351992806,0.7401101484811579,0.1926658228674954,0.34734734734734735,0.5625
yolo,hawaii,0.3483483483483483,0.3054512726889536,0.7433481686324858,0.1922180680105468,0.3483483483483483,0.5617860851505712
yolo,hawaii,0.34934934934934936,0.3027103146809336,0.7413149983185682,0.19018556928101077,0.34934934934934936,0.5574948665297741
yolo,hawaii,0.35035035035035034,0.30109824971225063,0.7418636279910018,0.1888790472151841,0.35035035035035034,0.556237218813906
yolo,hawaii,0.35135135135135137,0.30133779188210313,0.7461897992650652,0.18878865979381443,0.35135135135135137,0.5540950455005056
yolo,hawaii,0.35235235235235235,0.29920745325889075,0.7475992497375462,0.18703088813241192,0.35235235235235235,0.5540950455005056
yolo,hawaii,0.3533533533533533,0.2977058961196899,0.7464816806970291,0.18592814029220764,0.3533533533533533,0.5534465534465535
yolo,hawaii,0.35435435435435436,0.29562683630954006,0.7449214117560045,0.1844044650352916,0.35435435435435436,0.5534465534465535
yolo,hawaii,0.35535535535535534,0.2942843584670547,0.7439055308787539,0.18342259231503108,0.35535535535535534,0.5534465534465535
yolo,hawaii,0.3563563563563564,0.29356554568939625,0.7433591372488169,0.18289748286258217,0.3563563563563564,0.5534465534465535
yolo,hawaii,0.35735735735735735,0.29261387266796074,0.7426325574140182,0.1822029616978853,0.35735735735735735,0.5527888446215139
yolo,hawaii,0.35835835835835833,0.2893181477008943,0.7400911280220245,0.1798037179801351,0.35835835835835833,0.5486725663716814
yolo,hawaii,0.35935935935935936,0.2874147325341031,0.7386047354361496,0.17842227372790856,0.35935935935935936,0.5486725663716814
yolo,hawaii,0.36036036036036034,0.2869794435068163,0.7382626164607905,0.17810680069578344,0.36036036036036034,0.5480769230769231
yolo,hawaii,0.3613613613613614,0.284659622868975,0.736428806607731,0.1764281273507928,0.3613613613613614,0.5480769230769231
yolo,hawaii,0.36236236236236236,0.28400347390017,0.7368188471990501,0.17590206185567012,0.36236236236236236,0.5480769230769231
yolo,hawaii,0.36336336336336333,0.28397056417319533,0.7396345038468395,0.17571714284236759,0.36336336336336333,0.5480769230769231
yolo,hawaii,0.36436436436436437,0.283057447832249,0.7389111623346045,0.1750589692081612,0.36436436436436437,0.5480769230769231
yolo,hawaii,0.36536536536536535,0.28271708859291783,0.7386407139768995,0.17481381729800344,0.36536536536536535,0.5480769230769231
yolo,hawaii,0.3663663663663664,0.28234926836431745,0.7383481633157453,0.17454898244803438,0.3663663663663664,0.5480769230769231
yolo,hawaii,0.36736736736736736,0.28185869344686204,0.7379565968367378,0.17419597025547873,0.36736736736736736,0.5475285171102662
yolo,hawaii,0.3683683683683684,0.2803805696354261,0.7367718408648309,0.1731335023175838,0.3683683683683684,0.5475285171102662
yolo,hawaii,0.36936936936936937,0.27988634315721433,0.7381637545408124,0.17268041237113402,0.36936936936936937,0.5475285171102662
yolo,hawaii,0.37037037037037035,0.27946626680061976,0.7379466023054961,0.1723725666207001,0.37037037037037035,0.5475285171102662
yolo,hawaii,0.3713713713713714,0.2790316122170336,0.737597003017732,0.1720609860183675,0.3713713713713714,0.5469194312796208
yolo,hawaii,0.37237237237237236,0.27645714822645134,0.7376772716457612,0.17010309278350516,0.37237237237237236,0.5427230046948357
yolo,hawaii,0.3733733733733734,0.27658987676176555,0.7395712570155598,0.17010309278350516,0.3733733733733734,0.5425631431244153
yolo,hawaii,0.3743743743743744,0.27570564916674045,0.7407477193877176,0.16937308028528736,0.3743743743743744,0.5398886827458256
yolo,hawaii,0.37537537537537535,0.2750241173554572,0.7401961742401019,0.1688876429904864,0.37537537537537535,0.5393154486586494
yolo,hawaii,0.3763763763763764,0.2746792594872523,0.739916159203677,0.16864216639406307,0.3763763763763764,0.535224153705398
yolo,hawaii,0.37737737737737737,0.2743941713676264,0.7396843668830826,0.1684393059057302,0.37737737737737737,0.5312783318223028
yolo,hawaii,0.3783783783783784,0.2741090174295437,0.7394525745624881,0.1682364454173973,0.3783783783783784,0.5292529252925292
yolo,hawaii,0.3793793793793794,0.2728221644379043,0.7403893419748722,0.16722011060958597,0.3793793793793794,0.5287253141831239
yolo,hawaii,0.38038038038038036,0.27051773679488744,0.7384986458258449,0.1655867117604064,0.38038038038038036,0.5248667850799289
yolo,hawaii,0.3813813813813814,0.2695262706941636,0.7376778826352997,0.16488530888863256,0.3813813813813814,0.5238938053097345
yolo,hawaii,0.38238238238238237,0.2690064558002737,0.7372456919181191,0.1645179014888496,0.38238238238238237,0.5173913043478261
yolo,hawaii,0.3833833833833834,0.26872704421964766,0.7373425909353079,0.1643041237113402,0.3833833833833834,0.5133276010318143
yolo,hawaii,0.3843843843843844,0.2687823242518613,0.738175725750272,0.1643041237113402,0.3843843843843844,0.5133276010318143
yolo,hawaii,0.38538538538538536,0.2688375023133954,0.7390088605652362,0.1643041237113402,0.38538538538538536,0.5033613445378151
yolo,hawaii,0.3863863863863864,0.2677548165537531,0.742310076168216,0.1633353276043352,0.3863863863863864,0.5033557046979866
yolo,hawaii,0.38738738738738737,0.26737590173989034,0.7430975581151559,0.16301546391752578,0.38738738738738737,0.5
yolo,hawaii,0.3883883883883884,0.26666744747419086,0.7455743372083287,0.16237113402061856,0.3883883883883884,0.4995857497928749
yolo,hawaii,0.3893893893893894,0.2661002418616551,0.7503577279730789,0.16172680412371135,0.3893893893893894,0.4991749174917492
yolo,hawaii,0.39039039039039036,0.2652683363428976,0.7510127293519151,0.16108247422680413,0.39039039039039036,0.4975369458128079
yolo,hawaii,0.3913913913913914,0.26536390670237553,0.7525473713900992,0.16108247422680413,0.3913913913913914,0.49592169657422513
yolo,hawaii,0.3923923923923924,0.2656047930869044,0.7564384673194054,0.16108247422680413,0.3923923923923924,0.49192245557350567
yolo,hawaii,0.3933933933933934,0.26589611924447887,0.7611888389576945,0.16108247422680413,0.3933933933933934,0.4896
yolo,hawaii,0.3943943943943944,0.2660793711663522,0.7642022338232605,0.16108247422680413,0.3943943943943944,0.48922585794094176
yolo,hawaii,0.39539539539539537,0.2658014915498197,0.7665300283394123,0.16077604875339746,0.39539539539539537,0.48848292295472595
yolo,hawaii,0.3963963963963964,0.2647831528449748,0.76573708966023,0.16006609079305328,0.3963963963963964,0.4873617693522907
yolo,hawaii,0.3973973973973974,0.2635804635894583,0.7647951302713789,0.1592286690616552,0.3973973973973974,0.4873617693522907
yolo,hawaii,0.3983983983983984,0.2635312583428119,0.7657954543994716,0.15914948453608246,0.3983983983983984,0.4839718530101642
yolo,hawaii,0.3993993993993994,0.26359944962698284,0.7669485391763249,0.15914948453608246,0.3993993993993994,0.48324240062353857
yolo,hawaii,0.40040040040040037,0.2607951586880662,0.7648680702555785,0.1571971373098487,0.40040040040040037,0.4817970565453137
yolo,hawaii,0.4014014014014014,0.25929361365254955,0.76367186096923,0.15615726474969244,0.4014014014014014,0.4770290964777948
yolo,hawaii,0.4024024024024024,0.2574083846574276,0.7644703506288052,0.1547590065190088,0.4024024024024024,0.4745634016704632
yolo,hawaii,0.4034034034034034,0.2564105371345865,0.76366709285772,0.15407085208486385,0.4034034034034034,0.4724943481537302
yolo,hawaii,0.4044044044044044,0.25608784462036954,0.7634061510855552,0.15384848748268123,0.4044044044044044,0.47005988023952094
yolo,hawaii,0.40540540540540543,0.25584665039557514,0.7632107518824015,0.1536823382716965,0.40540540540540543,0.4639175257731959
yolo,hawaii,0.4064064064064064,0.255605407568978,0.7630153526792478,0.15351618906071177,0.4064064064064064,0.4636296840558413
yolo,hawaii,0.4074074074074074,0.2553608050690604,0.7628172525855905,0.15334776097872863,0.4074074074074074,0.46008708272859217
yolo,hawaii,0.4084084084084084,0.2544596790263942,0.762620488877179,0.15270618556701032,0.4084084084084084,0.46008708272859217
yolo,hawaii,0.4094094094094094,0.25455348497267066,0.764308750090292,0.15270618556701032,0.4094094094094094,0.4572250179726815
yolo,hawaii,0.41041041041041043,0.25377780378928744,0.7664957421425652,0.15206185567010308,0.41041041041041043,0.45630372492836674
yolo,hawaii,0.4114114114114114,0.25386285101587963,0.76805004852839,0.15206185567010308,0.4114114114114114,0.4426002766251729
yolo,hawaii,0.4124124124124124,0.25362786326455256,0.7685107655661341,0.15187525717668945,0.4124124124124124,0.4420689655172414
yolo,hawaii,0.4134134134134134,0.25314423656877744,0.768121837452305,0.15154368424154593,0.4134134134134134,0.44154057771664373
yolo,hawaii,0.4144144144144144,0.2505249818064663,0.765995511636136,0.14975114861176636,0.4144144144144144,0.4383934649421375
yolo,hawaii,0.41541541541541543,0.2502171575605993,0.7672231136227995,0.14948453608247422,0.41541541541541543,0.4346076458752515
yolo,hawaii,0.4164164164164164,0.24989869102335316,0.7679092969352751,0.14923132280937382,0.4164164164164164,0.4346076458752515
yolo,hawaii,0.4174174174174174,0.24892823536615402,0.767116071694147,0.1485694152612433,0.4174174174174174,0.4346076458752515
yolo,hawaii,0.4184184184184184,0.24851105349839991,0.7691682462678944,0.1481958762886598,0.4184184184184184,0.4279131007241606
yolo,hawaii,0.4194194194194194,0.247951187395637,0.7759088594394477,0.14755154639175258,0.4194194194194194,0.4253246753246753
yolo,hawaii,0.42042042042042044,0.24706483412963356,0.7763832837238764,0.14690721649484537,0.42042042042042044,0.4253246753246753
yolo,hawaii,0.4214214214214214,0.24557732974504407,0.7794631434349693,0.14574837583035055,0.4214214214214214,0.4253246753246753
yolo,hawaii,0.4224224224224224,0.24435428324434638,0.7784837549728195,0.14492147122561325,0.4224224224224224,0.42479018721755973
yolo,hawaii,0.42342342342342343,0.2436643574717895,0.7815915224392829,0.14432989690721648,0.42342342342342343,0.42479018721755973
yolo,hawaii,0.4244244244244244,0.2432568513978205,0.7854770905855746,0.14391283285444917,0.4244244244244244,0.42329726288987907
yolo,hawaii,0.42542542542542544,0.24274421557709094,0.7877444300286812,0.14347865101878146,0.42542542542542544,0.42329726288987907
yolo,hawaii,0.4264264264264264,0.2416797346968653,0.7896086938010908,0.1426744280564152,0.4264264264264264,0.42329726288987907
yolo,hawaii,0.4274274274274274,0.23888238055202646,0.7874020862639806,0.14079902427533736,0.4274274274274274,0.42329726288987907
yolo,hawaii,0.42842842842842843,0.23776251348950153,0.7865077447397036,0.14004990936615216,0.42842842842842843,0.42329726288987907
yolo,hawaii,0.4294294294294294,0.23749939160240646,0.7880217721943249,0.13981958762886598,0.4294294294294294,0.42012578616352203
yolo,hawaii,0.43043043043043044,0.23551704320023417,0.7874654986513087,0.1384646959190764,0.43043043043043044,0.4197994987468672
yolo,hawaii,0.4314314314314314,0.23309140332302886,0.7911442992852955,0.13668049088820333,0.4314314314314314,0.4197994987468672
yolo,hawaii,0.43243243243243246,0.23269197503359035,0.7908231174468481,0.13641544311518156,0.43243243243243246,0.41843088418430885
yolo,hawaii,0.43343343343343343,0.2324023882386049,0.7905898073686557,0.13622335530273755,0.43343343343343343,0.41671826625387
yolo,hawaii,0.4344344344344344,0.2321127289954116,0.7903564972904633,0.13603126749029354,0.4344344344344344,0.4125916870415648
yolo,hawaii,0.43543543543543545,0.2310397995726846,0.7923636521193614,0.13523618910813642,0.43543543543543545,0.41169305724725946
yolo,hawaii,0.4364364364364364,0.23034766587283548,0.7918050028266971,0.13477832705899398,0.4364364364364364,0.4101633393829401
yolo,hawaii,0.43743743743743746,0.22809178094232332,0.7899667222644747,0.13328847706055888,0.43743743743743746,0.41002415458937197
yolo,hawaii,0.43843843843843844,0.22778363675700986,0.7897130696312346,0.1330852756270276,0.43843843843843844,0.40559857057772486
yolo,hawaii,0.4394394394394394,0.22747541084108536,0.7894594169979943,0.13288207419349632,0.4394394394394394,0.40223792697290933
yolo,hawaii,0.44044044044044045,0.22709985625244553,0.789149544489645,0.13263458398626188,0.44044044044044045,0.40046838407494145
yolo,hawaii,0.44144144144144143,0.22653393892929782,0.7886806946558929,0.1322618549595699,0.44144144144144143,0.4
yolo,hawaii,0.44244244244244246,0.22632781451459888,0.7898843838397065,0.13208762886597938,0.44244244244244246,0.3982608695652174
yolo,hawaii,0.44344344344344344,0.2254680488772386,0.7937160829715079,0.13139671915558068,0.44344344344344344,0.39506880733944955
yolo,hawaii,0.4444444444444444,0.22416090059239027,0.7926409315852975,0.1305388058486703,0.4444444444444444,0.39451114922813035
yolo,hawaii,0.44544544544544545,0.22122670215025542,0.790193355838227,0.12861757920178468,0.44544544544544545,0.3916242218449349
yolo,hawaii,0.44644644644644643,0.22023325860831944,0.7924006098679037,0.12788880686472737,0.44644644644644643,0.38823529411764707
yolo,hawaii,0.44744744744744747,0.2198000321318085,0.7931497841339065,0.12757731958762886,0.44744744744744747,0.3852549889135255
yolo,hawaii,0.44844844844844844,0.218681624891525,0.7941804846021179,0.12679805645829964,0.44844844844844844,0.3843180563224738
yolo,hawaii,0.4494494494494494,0.2179207277714171,0.794103378586441,0.12628865979381443,0.4494494494494494,0.3807965084560829
yolo,hawaii,0.45045045045045046,0.21678641878233995,0.7957144455059105,0.12548723649926977,0.45045045045045046,0.37891891891891893
yolo,hawaii,0.45145145145145144,0.21526326092199802,0.7944265448854962,0.12449921004318099,0.45145145145145144,0.37891891891891893
yolo,hawaii,0.45245245245245247,0.21521619290211588,0.7990218297122511,0.12435567010309279,0.45245245245245247,0.37640149492792313
yolo,hawaii,0.45345345345345345,0.21440521990096198,0.8000995414508071,0.12378862593313304,0.45345345345345345,0.37640149492792313
yolo,hawaii,0.4544544544544544,0.21230317836858104,0.7986779679254918,0.12242268041237113,0.4544544544544544,0.37354497354497357
yolo,hawaii,0.45545545545545546,0.2123533935101075,0.800101495130494,0.12242268041237113,0.45545545545545546,0.37308707124010554
yolo,hawaii,0.45645645645645644,0.21240345391859045,0.801525022335496,0.12242268041237113,0.45645645645645644,0.37081589958158995
yolo,hawaii,0.4574574574574575,0.2111567743176138,0.8006334923784308,0.12161567075164197,0.4574574574574575,0.3673890608875129
yolo,hawaii,0.45845845845845845,0.2106170032909365,0.8001764748335827,0.12126819607192493,0.45845845845845845,0.3673890608875129
yolo,hawaii,0.45945945945945943,0.20966078180635836,0.7993621318303695,0.12065315350614192,0.45945945945945943,0.36709511568123393
yolo,hawaii,0.46046046046046046,0.20900436532824254,0.7987996413762618,0.12023132878806404,0.46046046046046046,0.36554192229038857
yolo,hawaii,0.46146146146146144,0.20849599576610445,0.798362835300689,0.11990483804376183,0.46146146146146144,0.36299292214357937
yolo,hawaii,0.4624624624624625,0.20810489051180833,0.7980247723233633,0.11965380418830508,0.4624624624624625,0.36299292214357937
yolo,hawaii,0.46346346346346345,0.20773983075521824,0.797708704354998,0.11941957834247874,0.46346346346346345,0.3605985037406484
yolo,hawaii,0.46446446446446443,0.2071288712441265,0.7971779952096973,0.11902779007564841,0.46446446446446443,0.3605985037406484
yolo,hawaii,0.46546546546546547,0.2054110118066609,0.7963672687215129,0.11791237113402062,0.46546546546546547,0.3605985037406484
yolo,hawaii,0.46646646646646645,0.20545925800897635,0.7978199220071001,0.11791237113402062,0.46646646646646645,0.36037829766052765
yolo,hawaii,0.4674674674674675,0.20553199641547545,0.8000187622214213,0.11791237113402062,0.4674674674674675,0.3588729609490855
yolo,hawaii,0.46846846846846846,0.20408543716539315,0.8013069317170214,0.11693367999637211,0.46846846846846846,0.3568627450980392
yolo,hawaii,0.4694694694694695,0.20308206529105216,0.8004318535656902,0.11629381090800896,0.4694694694694695,0.35585804569761786
yolo,hawaii,0.47047047047047047,0.2010598158142141,0.7986475761266236,0.11500635341748426,0.47047047047047047,0.35585804569761786
yolo,hawaii,0.47147147147147145,0.1983679327360071,0.7962292483468449,0.1132970511830413,0.47147147147147145,0.35585804569761786
yolo,hawaii,0.4724724724724725,0.19760573544250848,0.7983443683619291,0.11275773195876289,0.4724724724724725,0.3535645472061657
yolo,hawaii,0.47347347347347346,0.1965514923189477,0.8016905189426637,0.11200608373112765,0.47347347347347346,0.35083532219570407
yolo,hawaii,0.4744744744744745,0.19610664280939002,0.8012903607355613,0.11172503279185493,0.4744744744744745,0.3484633569739953
yolo,hawaii,0.4754754754754755,0.19561525340422536,0.800847816552062,0.11141471770375455,0.4754754754754755,0.34844192634560905
yolo,hawaii,0.47647647647647645,0.19463434753667605,0.7999580181107707,0.11079579856863697,0.47647647647647645,0.3482142857142857
yolo,hawaii,0.4774774774774775,0.19328745636278488,0.7987237854528394,0.10994706887603879,0.4774774774774775,0.34786685419596813
yolo,hawaii,0.47847847847847846,0.19240362724723423,0.7979073614244697,0.10939080574927112,0.47847847847847846,0.34782608695652173
yolo,hawaii,0.4794794794794795,0.1918259793318716,0.7973704952353229,0.10902754259839129,0.4794794794794795,0.34780578898225956
yolo,hawaii,0.4804804804804805,0.19032925033994486,0.7959674927810003,0.1080873831983656,0.4804804804804805,0.347603536528618
yolo,hawaii,0.48148148148148145,0.189681053118999,0.7953549773385045,0.10768069776236416,0.48148148148148145,0.34742220157919185
yolo,hawaii,0.4824824824824825,0.18959047374259544,0.7989730674689708,0.10755641244801027,0.4824824824824825,0.34627831715210355
yolo,hawaii,0.48348348348348347,0.18878766012480236,0.7982189787407815,0.10705350153134592,0.48348348348348347,0.3430790315212426
yolo,hawaii,0.4844844844844845,0.1878162359611301,0.7972999672946298,0.10644556013496533,0.4844844844844845,0.34306569343065696
yolo,hawaii,0.4854854854854855,0.18600250474613758,0.7955641050770378,0.10531222627336932,0.4854854854854855,0.3416402356139556
yolo,hawaii,0.48648648648648646,0.18358270718242778,0.7932082356386414,0.10380368578588944,0.48648648648648646,0.33977528089887643
yolo,hawaii,0.4874874874874875,0.18249090312848454,0.7939971320849218,0.10309278350515463,0.4874874874874875,0.3374944271065537
yolo,hawaii,0.48848848848848847,0.18146572288640084,0.7949591886968064,0.10242292730281766,0.48848848848848847,0.3337730870712401
yolo,hawaii,0.4894894894894895,0.18047184263520716,0.7941068615810069,0.1018041237113402,0.4894894894894895,0.3333333333333333
yolo,hawaii,0.4904904904904905,0.18051523314129939,0.7957902291393408,0.1018041237113402,0.4904904904904905,0.333041958041958
yolo,hawaii,0.49149149149149146,0.18055846120108912,0.7974735966976747,0.1018041237113402,0.49149149149149146,0.3317391304347826
yolo,hawaii,0.4924924924924925,0.17968017864853295,0.8028659158203305,0.10115979381443299,0.4924924924924925,0.33088869715271785
yolo,hawaii,0.4934934934934935,0.17977961449598093,0.8068540555586664,0.10115979381443299,0.4934934934934935,0.33088869715271785
yolo,hawaii,0.4944944944944945,0.1798314283450142,0.8089461650958536,0.10115979381443299,0.4944944944944945,0.32904884318766064
yolo,hawaii,0.4954954954954955,0.1788287647999425,0.8096083353338028,0.10051546391752578,0.4954954954954955,0.32807839795483595
yolo,hawaii,0.4964964964964965,0.1788722941695201,0.8113962215282765,0.10051546391752578,0.4964964964964965,0.3271107339838778
yolo,hawaii,0.4974974974974975,0.1779131254890532,0.8139754256159143,0.09987113402061856,0.4974974974974975,0.3226210350584307
yolo,hawaii,0.4984984984984985,0.17668129482396436,0.814599891993341,0.09908621801007722,0.4984984984984985,0.32182952182952185
yolo,hawaii,0.4994994994994995,0.1748329260107582,0.8136918337072211,0.0979381443298969,0.4994994994994995,0.3201646090534979
yolo,hawaii,0.5005005005005005,0.17452323456004332,0.8168370086518788,0.09769863302969886,0.5005005005005005,0.3201646090534979
yolo,hawaii,0.5015015015015015,0.17362041335547565,0.8203329390905952,0.09708393324466034,0.5015015015015015,0.318348998774009
yolo,hawaii,0.5025025025025025,0.17269030857083154,0.819464849438848,0.09651468828901653,0.5025025025025025,0.3182559087204564
yolo,hawaii,0.5035035035035035,0.17193981411110862,0.8187591787655748,0.09605578740952508,0.5035035035035035,0.31762794476035744
yolo,hawaii,0.5045045045045045,0.17084528784885666,0.8196644763874703,0.09536082474226804,0.5045045045045045,0.31738954195379004
yolo,hawaii,0.5055055055055055,0.17089848198222013,0.8221198850850742,0.09536082474226804,0.5055055055055055,0.3169156237383932
yolo,hawaii,0.5065065065065065,0.17052152604880966,0.8218657350044669,0.09512955021431872,0.5065065065065065,0.3141716566866267
yolo,hawaii,0.5075075075075075,0.17012573407665313,0.8214937438462842,0.09488821735517228,0.5075075075075075,0.3134447096260939
yolo,hawaii,0.5085085085085085,0.1698608586873375,0.8220170375676494,0.09471649484536082,0.5085085085085085,0.3118831425187525
yolo,hawaii,0.5095095095095095,0.16991901067621257,0.8247489190634042,0.09471649484536082,0.5095095095095095,0.31129476584022037
yolo,hawaii,0.5105105105105106,0.1693420314743255,0.8252846669571345,0.09435107077551301,0.5105105105105106,0.3078416149068323
yolo,hawaii,0.5115115115115115,0.16830720643417016,0.8243172219079694,0.0937215267890976,0.5115115115115115,0.3067437379576108
yolo,hawaii,0.5125125125125125,0.16723734948144334,0.8279365411923552,0.09301262197824774,0.5125125125125125,0.3067437379576108
yolo,hawaii,0.5135135135135135,0.16689174688014868,0.8291610619407838,0.09278350515463918,0.5135135135135135,0.30653846153846154
yolo,hawaii,0.5145145145145145,0.1669315530009079,0.831130374320073,0.09278350515463918,0.5145145145145145,0.3061302681992337
yolo,hawaii,0.5155155155155156,0.16671267443473808,0.8321463460421263,0.09263567971981672,0.5155155155155156,0.3061068702290076
yolo,hawaii,0.5165165165165165,0.1660543557989706,0.8315429421478535,0.09223675316724868,0.5165165165165165,0.3061068702290076
yolo,hawaii,0.5175175175175175,0.16536047148604047,0.8356882787615789,0.09175852042523701,0.5175175175175175,0.30489192263936293
yolo,hawaii,0.5185185185185185,0.1630465581048482,0.8335696150672915,0.09036056035968656,0.5185185185185185,0.30377358490566037
yolo,hawaii,0.5195195195195195,0.16162421322809992,0.8322430492340719,0.08950298717937548,0.5195195195195195,0.299443413729128
yolo,hawaii,0.5205205205205206,0.15832084595334142,0.8290855004055263,0.08751642113495327,0.5205205205205206,0.2987060998151571
yolo,hawaii,0.5215215215215215,0.15605313720232591,0.8268549102080385,0.08615679694509522,0.5215215215215215,0.2918918918918919
yolo,hawaii,0.5225225225225225,0.15540166911659747,0.8262051464046231,0.08576681306437269,0.5225225225225225,0.29026485325697926
yolo,hawaii,0.5235235235235235,0.1541755588783552,0.824969328750777,0.08503359083716329,0.5235235235235235,0.28952991452991456
yolo,hawaii,0.5245245245245245,0.1536759192427099,0.8244594541705758,0.08473510019558743,0.5245245245245245,0.2895204262877442
yolo,hawaii,0.5255255255255256,0.15317606052464133,0.8239495795903744,0.08443660955401153,0.5255255255255256,0.28874734607218683
yolo,hawaii,0.5265265265265265,0.15249270406197868,0.8232448544170503,0.08402883911692602,0.5265265265265265,0.2868162692847125
yolo,hawaii,0.5275275275275275,0.15206296992983934,0.823733774971796,0.08376288659793814,0.5275275275275275,0.2861635220125786
yolo,hawaii,0.5285285285285285,0.1521069822291065,0.826324186550698,0.08376288659793814,0.5285285285285285,0.284772806104752
yolo,hawaii,0.5295295295295295,0.150559759186579,0.8264135721096973,0.08282455549857966,0.5295295295295295,0.284527518172378
yolo,hawaii,0.5305305305305306,0.14771435174524794,0.8234372644681927,0.08113442684403134,0.5305305305305306,0.2836488812392427
yolo,hawaii,0.5315315315315315,0.147258009325741,0.8229497490998848,0.08086386419117321,0.5315315315315315,0.28272789581905416
yolo,hawaii,0.5325325325325325,0.14680148499880435,0.8224622337315769,0.08059330153831508,0.5325325325325325,0.28201634877384196
yolo,hawaii,0.5335335335335335,0.145200679692844,0.8207272676280042,0.07964568088426634,0.5335335335335335,0.280446549391069
yolo,hawaii,0.5345345345345345,0.1446134733758795,0.8200849012015384,0.07929846821818554,0.5345345345345345,0.2791792801883619
yolo,hawaii,0.5355355355355356,0.1433537681134736,0.8241321454207542,0.07850463312286697,0.5355355355355356,0.2763201594154766
yolo,hawaii,0.5365365365365365,0.1428044293999238,0.8235312813526096,0.07818067399651502,0.5365365365365365,0.27601060304837643
yolo,hawaii,0.5375375375375375,0.14246404064170465,0.8249572428749551,0.0779639175257732,0.5375375375375375,0.27548663807324314
yolo,hawaii,0.5385385385385385,0.14237876543241487,0.8286140220507122,0.07788038264983448,0.5385385385385385,0.27518104015799866
yolo,hawaii,0.5395395395395395,0.14192153457537152,0.8281206438957891,0.0776111863730375,0.5395395395395395,0.27430441898527
yolo,hawaii,0.5405405405405406,0.14146412019510735,0.8276272657408659,0.07734199009624049,0.5405405405405406,0.27079303675048355
yolo,hawaii,0.5415415415415415,0.1403702487086953,0.8291759484301977,0.07667525773195877,0.5415415415415415,0.27071290944123316
yolo,hawaii,0.5425425425425425,0.14033789639917935,0.8320869560130328,0.07663116754726819,0.5425425425425425,0.27071290944123316
yolo,hawaii,0.5435435435435435,0.139362558625404,0.831036849121231,0.07605869464818828,0.5435435435435435,0.2686187141947804
yolo,hawaii,0.5445445445445445,0.13707358026692348,0.8285240975040279,0.07471754020157809,0.5445445445445445,0.2664566929133858
yolo,hawaii,0.5455455455455456,0.13631787354912114,0.8276779829972538,0.07427549262045102,0.5455455455455456,0.26535087719298245
yolo,hawaii,0.5465465465465466,0.13523507518913888,0.8264541831821771,0.07364272287909478,0.5465465465465466,0.2644036125817502
yolo,hawaii,0.5475475475475475,0.13390521143997183,0.8249303869483603,0.07286656721557401,0.5475475475475475,0.2623456790123457
yolo,hawaii,0.5485485485485485,0.13275316294116385,0.8275326347478584,0.07216494845360824,0.5485485485485485,0.2584167424931756
yolo,hawaii,0.5495495495495496,0.13214399064198806,0.828899229109505,0.07179479646433623,0.5495495495495496,0.25706554419723393
yolo,hawaii,0.5505505505505506,0.13170235520002968,0.8345317856691348,0.07149250319843396,0.5505505505505506,0.25706554419723393
yolo,hawaii,0.5515515515515516,0.13102128061550508,0.833762367515953,0.0710968874212181,0.5515515515515516,0.2565868263473054
yolo,hawaii,0.5525525525525525,0.12955883928780462,0.8343975952916758,0.0702319587628866,0.5525525525525525,0.2565789473684211
yolo,hawaii,0.5535535535535535,0.12962981857863262,0.8403242500621481,0.0702319587628866,0.5535535535535535,0.2541371158392435
yolo,hawaii,0.5545545545545546,0.1296911972328402,0.8455122353767499,0.0702319587628866,0.5545545545545546,0.2540572440247861
yolo,hawaii,0.5555555555555556,0.12971153791889997,0.8472445835494389,0.0702319587628866,0.5555555555555556,0.2531534174244647
yolo,hawaii,0.5565565565565566,0.1297318019365317,0.8489769317221278,0.0702319587628866,0.5565565565565566,0.2518950437317784
yolo,hawaii,0.5575575575575575,0.12975198971838975,0.8507092798948168,0.0702319587628866,0.5575575575575575,0.2502890173410405
yolo,hawaii,0.5585585585585585,0.1294526169631453,0.8512378514544948,0.07005298810513662,0.5585585585585585,0.2497841726618705
yolo,hawaii,0.5595595595595596,0.12884290448964908,0.8505981217776031,0.06970032106676327,0.5595595595595596,0.24935437589670015
yolo,hawaii,0.5605605605605606,0.12787404758096454,0.8495695641508941,0.06914040170722353,0.5605605605605606,0.24899942824471127
yolo,hawaii,0.5615615615615616,0.12642042062769798,0.8480045367790947,0.06830139223652816,0.5615615615615616,0.24584155624471385
yolo,hawaii,0.5625625625625625,0.12643057874299296,0.8492940837921156,0.06829896907216494,0.5625625625625625,0.24468085106382978
yolo,hawaii,0.5635635635635635,0.12644493549120905,0.850591596742216,0.06829896907216494,0.5635635635635635,0.24359688195991092
yolo,hawaii,0.5645645645645646,0.12645925175190492,0.8518891096923165,0.06829896907216494,0.5645645645645646,0.2430709534368071
yolo,hawaii,0.5655655655655656,0.12647352769610792,0.8531866226424167,0.06829896907216494,0.5655655655655656,0.2424075096631695
yolo,hawaii,0.5665665665665666,0.12648776349388346,0.8544841355925171,0.06829896907216494,0.5665665665665666,0.24070021881838075
yolo,hawaii,0.5675675675675675,0.12651853799017057,0.8573015835352481,0.06829896907216494,0.5675675675675675,0.23855943677227187
yolo,hawaii,0.5685685685685685,0.12655530803804016,0.8606905738960656,0.06829896907216494,0.5685685685685685,0.23546666666666666
yolo,hawaii,0.5695695695695696,0.12362889139639692,0.858774820669915,0.06660894466825219,0.5695695695695696,0.232264844981608
yolo,hawaii,0.5705705705705706,0.1211193856380512,0.8561057876659997,0.06516970400265186,0.5705705705705706,0.2315129344133786
yolo,hawaii,0.5715715715715716,0.11955096164455455,0.8543881763151328,0.06427214709479163,0.5715715715715716,0.23052959501557632
yolo,hawaii,0.5725725725725725,0.11901027489233941,0.8537873416758225,0.06396307615313307,0.5725725725725725,0.22953782597469663
yolo,hawaii,0.5735735735735735,0.11700521691131772,0.8515181421455225,0.0628184825472938,0.5735735735735735,0.2289899768696993
yolo,hawaii,0.5745745745745746,0.11388524350468646,0.8478554677645549,0.061042267103128656,0.5745745745745746,0.22877660938702232
yolo,hawaii,0.5755755755755756,0.11341804330798892,0.8472920669150211,0.060776795629455094,0.5755755755755756,0.22632911392405064
yolo,hawaii,0.5765765765765766,0.11245517731760835,0.8461188148325338,0.060230091309325245,0.5765765765765766,0.2252705763906368
yolo,hawaii,0.5775775775775776,0.11139731921035025,0.8448107046007431,0.05963009203164455,0.5775775775775776,0.22486838806718476
yolo,hawaii,0.5785785785785785,0.11077868026650675,0.8442735803068125,0.059278350515463915,0.5785785785785785,0.2247247247247247
yolo,hawaii,0.5795795795795796,0.10981782670766939,0.8506048466296954,0.058698035101995824,0.5795795795795796,0.22304832713754646
yolo,hawaii,0.5805805805805806,0.10826835797227662,0.8486834645772102,0.05782244526193419,0.5805805805805806,0.2217850995820015
yolo,hawaii,0.5815815815815816,0.1075246053066965,0.8477468803180159,0.057402656972435476,0.5815815815815816,0.2213235294117647
yolo,hawaii,0.5825825825825826,0.10681949101307517,0.8468450667627443,0.05700499875359083,0.5825825825825826,0.21976687712481788
yolo,hawaii,0.5835835835835835,0.10511551744547099,0.8446330164456093,0.05604520259252462,0.5835835835835835,0.21932367149758455
yolo,hawaii,0.5845845845845846,0.10399475803260017,0.8437202677852127,0.055412371134020616,0.5845845845845846,0.21932367149758455
yolo,hawaii,0.5855855855855856,0.10404990247526491,0.8510388420646751,0.055412371134020616,0.5855855855855856,0.2191780821917808
yolo,hawaii,0.5865865865865866,0.1025420803192346,0.8495205357378364,0.05456414535243043,0.5865865865865866,0.2191780821917808
yolo,hawaii,0.5875875875875876,0.10157860411084917,0.848245659096391,0.054024028546099036,0.5875875875875876,0.2191780821917808
yolo,hawaii,0.5885885885885885,0.09935778637264854,0.8452260732901636,0.05278115096554999,0.5885885885885885,0.2173602853745541
yolo,hawaii,0.5895895895895896,0.09892152281394412,0.8446165697112608,0.05253734953398886,0.5895895895895896,0.21527614571092832
yolo,hawaii,0.5905905905905906,0.09848509174405169,0.844007066132358,0.05229354810242775,0.5905905905905906,0.21520769772353907
yolo,hawaii,0.5915915915915916,0.09835523806095567,0.8518181259455998,0.05219072164948454,0.5915915915915916,0.2127314814814815
yolo,hawaii,0.5925925925925926,0.09532266122135273,0.8484364647590944,0.05049808507358302,0.5925925925925926,0.2122260668973472
yolo,hawaii,0.5935935935935935,0.09245605682756002,0.8442729767213863,0.04890586080349339,0.5935935935935935,0.21127406049495875
yolo,hawaii,0.5945945945945946,0.09200405510765078,0.8435931669459354,0.04865524978078717,0.5945945945945946,0.20990458882326216
yolo,hawaii,0.5955955955955956,0.09155187429081944,0.8429133571704848,0.048404638758080966,0.5955955955955956,0.20903954802259886
yolo,hawaii,0.5965965965965966,0.09150409090202369,0.8593922882871134,0.04832474226804124,0.5965965965965966,0.20902934537246048
yolo,hawaii,0.5975975975975976,0.0906522751357859,0.860875420963041,0.04784524804797431,0.5975975975975976,0.20644444444444446
yolo,hawaii,0.5985985985985985,0.08792248755188269,0.8569999149490206,0.046338241356559916,0.5985985985985985,0.2061627133673243
yolo,hawaii,0.5995995995995996,0.08746482784787411,0.8563261619105338,0.046086018086353174,0.5995995995995996,0.20610349402919062
yolo,hawaii,0.6006006006006006,0.08700698198537829,0.855652408872047,0.04583379481614646,0.6006006006006006,0.20577856197617997
yolo,hawaii,0.6016016016016016,0.085885274478071,0.8539685562541576,0.04521638712767379,0.6016016016016016,0.20572687224669603
yolo,hawaii,0.6026026026026026,0.08403749999028991,0.8511107886490068,0.04420091873096888,0.6026026026026026,0.20530818161877604
yolo,hawaii,0.6036036036036035,0.08344827295972196,0.8501812645131632,0.043877501828033606,0.6036036036036035,0.20516750602145828
yolo,hawaii,0.6046046046046046,0.08085798089703705,0.8459440941710442,0.042458130884412124,0.6046046046046046,0.20488762819114117
yolo,hawaii,0.6056056056056056,0.07850964320545796,0.8419011631716506,0.04117464723359154,0.6056056056056056,0.20232458028411537
yolo,hawaii,0.6066066066066066,0.07788201912097202,0.840782131345495,0.04083216004452972,0.6066066066066066,0.20149732620320857
yolo,hawaii,0.6076076076076076,0.07746374578315263,0.8448737513585848,0.04059278350515464,0.6076076076076076,0.20055236881240707
yolo,hawaii,0.6086086086086087,0.07612381946300231,0.8489900594908084,0.039848392261228285,0.6086086086086087,0.19957805907172996
yolo,hawaii,0.6096096096096096,0.07574806703277015,0.8483260513062815,0.03964396237498918,0.6096096096096096,0.19840771003561702
yolo,hawaii,0.6106106106106106,0.07537219098314231,0.8476620431217544,0.03943953248875008,0.6106106106106106,0.19623266404471124
yolo,hawaii,0.6116116116116116,0.07278908895648878,0.8535621566861318,0.03801546391752577,0.6116116116116116,0.19383799224648032
yolo,hawaii,0.6126126126126126,0.0713302644616585,0.8524348170785996,0.03722248882797036,0.6126126126126126,0.19380476869777868
yolo,hawaii,0.6136136136136137,0.07082989815213774,0.8515127081655987,0.036951797577478566,0.6136136136136137,0.19175050301810864
yolo,hawaii,0.6146146146146146,0.07034031778179956,0.8506067921364178,0.03668706409969325,0.6146146146146146,0.19011558389796732
yolo,hawaii,0.6156156156156156,0.06990473710300228,0.8497806018953111,0.03645166376166662,0.6156156156156156,0.1897781299524564
yolo,hawaii,0.6166166166166166,0.06946899049593137,0.8489544116542046,0.03621626342363998,0.6166166166166166,0.1897781299524564
yolo,hawaii,0.6176176176176176,0.0687037173397478,0.8474742117285978,0.035803116515185855,0.6176176176176176,0.18835482610394685
yolo,hawaii,0.6186186186186187,0.06689843085285581,0.8438841436077444,0.03482977045156037,0.6186186186186187,0.18835482610394685
yolo,hawaii,0.6196196196196196,0.06504120148223283,0.8400017590906914,0.03383033962681962,0.6196196196196196,0.18835482610394685
yolo,hawaii,0.6206206206206206,0.06283079513829977,0.83514332009723,0.032643334507465316,0.6206206206206206,0.18835482610394685
yolo,hawaii,0.6216216216216216,0.06087118795396205,0.8454532250638167,0.03157216494845361,0.6216216216216216,0.18814583739520374
yolo,hawaii,0.6226226226226226,0.05956083594063453,0.8568401311654446,0.03085273872338671,0.6226226226226226,0.18762126503686458
yolo,hawaii,0.6236236236236237,0.05924515069105133,0.8561608380840646,0.030684228519565024,0.6236236236236237,0.18734275208051093
yolo,hawaii,0.6246246246246246,0.05892937807469606,0.8554815450026848,0.030515718315743356,0.6246246246246246,0.18507918336195384
yolo,hawaii,0.6256256256256256,0.05861351784052692,0.8548022519213051,0.03034720811192169,0.6256256256256256,0.18390151515151515
yolo,hawaii,0.6266266266266266,0.05821530409973163,0.8539240348672539,0.03013485692298197,0.6266266266266266,0.18330821401657874
yolo,hawaii,0.6276276276276276,0.05776692961807592,0.8529249097104522,0.029895858717786983,0.6276276276276276,0.18320180383314544
yolo,hawaii,0.6286286286286287,0.05731837916952104,0.8519257845536505,0.02965686051259197,0.6286286286286287,0.18037331362040288
yolo,hawaii,0.6296296296296297,0.057054332627302945,0.851318520181953,0.029516237496838692,0.6296296296296297,0.17682155125655397
yolo,hawaii,0.6306306306306306,0.05680498550658267,0.8507425696481655,0.02938347570337063,0.6306306306306306,0.17681054722774064
yolo,hawaii,0.6316316316316316,0.05655558428884678,0.8501666191143782,0.02925071390990256,0.6316316316316316,0.17672491442983246
yolo,hawaii,0.6326326326326326,0.056306128843201304,0.8495906685805907,0.029117952116434493,0.6326326326326326,0.1761119081779053
yolo,hawaii,0.6336336336336337,0.05605610023853808,0.8490118722282564,0.028984916225924154,0.6336336336336337,0.17422096317280453
yolo,hawaii,0.6346346346346347,0.055799400902131834,0.8483967902089451,0.02884838545552938,0.6346346346346347,0.17308030223159374
yolo,hawaii,0.6356356356356356,0.05554264455843767,0.8477817081896339,0.028711854685134604,0.6356356356356356,0.17087950138504154
yolo,hawaii,0.6366366366366366,0.05528583106067466,0.8471666261703228,0.02857532391473983,0.6366366366366366,0.16990207868063906
yolo,hawaii,0.6376376376376376,0.05502896026155754,0.8465515441510116,0.028438793144345054,0.6376376376376376,0.16986959505833904
yolo,hawaii,0.6386386386386387,0.05486547480010027,0.8474077519356445,0.028350515463917526,0.6386386386386387,0.16859083191850593
yolo,hawaii,0.6396396396396397,0.054872881041617715,0.8509556433247257,0.028350515463917526,0.6396396396396397,0.16859083191850593
yolo,hawaii,0.6406406406406406,0.0548802277567831,0.8545035347138069,0.028350515463917526,0.6406406406406406,0.16705803421670581
yolo,hawaii,0.6416416416416416,0.05488751566037272,0.858051426102888,0.028350515463917526,0.6416416416416416,0.16705803421670581
yolo,hawaii,0.6426426426426426,0.05489474545576469,0.8615993174919692,0.028350515463917526,0.6426426426426426,0.16700133868808567
yolo,hawaii,0.6436436436436437,0.05369176183725075,0.8645739155747281,0.027706185567010308,0.6436436436436437,0.16700066800267202
yolo,hawaii,0.6446446446446447,0.05338353132194611,0.8768526140737221,0.027529783967074128,0.6446446446446447,0.1659497021839841
yolo,hawaii,0.6456456456456456,0.05286584591685628,0.8757669380323031,0.027255566822592024,0.6456456456456456,0.1659497021839841
yolo,hawaii,0.6466466466466466,0.052344827996298346,0.8746609978353723,0.026979726279703607,0.6466466466466466,0.165649232799868
yolo,hawaii,0.6476476476476476,0.05181612456338554,0.8735062986228549,0.02669997956326897,0.6476476476476476,0.1641644908616188
yolo,hawaii,0.6486486486486487,0.051287171122947756,0.8723515994103374,0.0264202328468343,0.6486486486486487,0.16226232678053495
yolo,hawaii,0.6496496496496497,0.050796235321639044,0.8712344720055907,0.02616075262844578,0.6496496496496497,0.16133674448353055
yolo,hawaii,0.6506506506506506,0.050305459169805666,0.8701177117311556,0.02590147044273609,0.6506506506506506,0.1608024199968158
yolo,hawaii,0.6516516516516516,0.04976277821539596,0.8688532272321533,0.025614924867972226,0.6516516516516516,0.15982312065698043
yolo,hawaii,0.6526526526526526,0.049169197909913545,0.867444100299628,0.025301684667120922,0.6526526526526526,0.15907663316582915
yolo,hawaii,0.6536536536536537,0.04703279635883352,0.8621171046867717,0.024175855033008176,0.6536536536536537,0.15846994535519127
yolo,hawaii,0.6546546546546547,0.04580135862015237,0.8588555165634273,0.023528035106695627,0.6546546546546547,0.15694444444444444
yolo,hawaii,0.6556556556556556,0.04394379498124025,0.8548282669155465,0.022551546391752577,0.6556556556556556,0.15611102591627052
yolo,hawaii,0.6566566566566566,0.04395638947803837,0.8644647240503197,0.022551546391752577,0.6566566566566566,0.15577275503970678
yolo,hawaii,0.6576576576576576,0.043968713265062694,0.874101181185093,0.022551546391752577,0.6576576576576576,0.15545066991473813
yolo,hawaii,0.6586586586586587,0.04348605460059218,0.8737383319391815,0.022297912090866387,0.6586586586586587,0.1542056074766355
yolo,hawaii,0.6596596596596597,0.04295225182623056,0.8723468792672684,0.02201818706919313,0.6596596596596597,0.15244900997469107
yolo,hawaii,0.6606606606606606,0.042760100171068315,0.8884810898828351,0.02190721649484536,0.6606606606606606,0.14958448753462603
yolo,hawaii,0.6616616616616616,0.04264185235455519,0.8944469597751392,0.02184156337690815,0.6616616616616616,0.14938181818181817
yolo,hawaii,0.6626626626626626,0.042479723085484665,0.894072349866472,0.021756720991021192,0.6626626626626626,0.14859205776173284
yolo,hawaii,0.6636636636636637,0.04231756994612695,0.8936977399578047,0.021671878605134226,0.6636636636636637,0.14764427896319635
yolo,hawaii,0.6646646646646647,0.042155392900520325,0.8933231300491373,0.02158703621924727,0.6646646646646647,0.1467785521262978
yolo,hawaii,0.6656656656656657,0.04199319191263075,0.89294852014047,0.021502193833360314,0.6656656656656657,0.1456953642384106
yolo,hawaii,0.6666666666666666,0.04183096694635172,0.8925739102318027,0.021417351447473358,0.6666666666666666,0.1455669523675706
yolo,hawaii,0.6676676676676676,0.04166871796550414,0.8921993003231354,0.021332509061586402,0.6676676676676676,0.14483240223463686
yolo,hawaii,0.6686686686686687,0.04039025244001711,0.8891030179192566,0.020664500623139473,0.6686686686686687,0.14454646633277685
yolo,hawaii,0.6696696696696697,0.040312095913670784,0.8985529957699848,0.020618556701030927,0.6696696696696697,0.14311270125223613
yolo,hawaii,0.6706706706706707,0.040321853289747356,0.9083520708041427,0.020618556701030927,0.6706706706706707,0.14307311709730622
yolo,hawaii,0.6716716716716716,0.04020770879794553,0.9140408464405332,0.020555972350565836,0.6716716716716716,0.14163614163614163
yolo,hawaii,0.6726726726726726,0.039903560599144836,0.9134200934002222,0.02039731768605337,0.6726726726726726,0.14163614163614163
yolo,hawaii,0.6736736736736737,0.03959932647732982,0.9127993403599112,0.020238663021540884,0.6736736736736737,0.14123683499864975
yolo,hawaii,0.6746746746746747,0.03929500621699473,0.9121785873196002,0.020080008357028417,0.6746746746746747,0.14076561450638012
yolo,hawaii,0.6756756756756757,0.03911106712607573,0.9329184814418569,0.01997422680412371,0.6756756756756757,0.14018441801416545
yolo,hawaii,0.6766766766766766,0.03878158567920733,0.9388809898183066,0.01979971818560943,0.6766766766766766,0.13940840960339568
yolo,hawaii,0.6776776776776777,0.03840825322531209,0.9383097668532518,0.01960538459955991,0.6776776776776777,0.13933774834437085
yolo,hawaii,0.6786786786786787,0.03803478747670166,0.9377385438881972,0.01941105101351041,0.6786786786786787,0.13835652402205303
yolo,hawaii,0.6796796796796797,0.037151235478990706,0.9363162945926743,0.018951599302813437,0.6796796796796797,0.13805286574195236
yolo,hawaii,0.6806806806806807,0.03654054681664399,0.9353126697047573,0.0186342728174692,0.6806806806806807,0.13784559207094418
yolo,hawaii,0.6816816816816816,0.03637328410036949,0.9350227128933445,0.018547397870750763,0.6816816816816816,0.13776041666666666
yolo,hawaii,0.6826826826826827,0.036205994841863424,0.9347327560819315,0.01846052292403232,0.6826826826826827,0.13649240278135463
yolo,hawaii,0.6836836836836837,0.036038679009634075,0.9344427992705185,0.018373647977313882,0.6836836836836837,0.13631112822487484
yolo,hawaii,0.6846846846846847,0.03587133657213981,0.9341528424591057,0.018286773030595446,0.6846846846846847,0.1356905795251468
yolo,hawaii,0.6856856856856857,0.03570396749778911,0.9338628856476927,0.01819989808387701,0.6856856856856857,0.13527245014606884
yolo,hawaii,0.6866866866866866,0.0355365717549404,0.9335729288362798,0.01811302313715857,0.6866866866866866,0.13523447401774397
yolo,hawaii,0.6876876876876877,0.035342221631225655,0.9332296603624344,0.018012179289728696,0.6876876876876877,0.13430583501006035
yolo,hawaii,0.6886886886886887,0.03501969350682983,0.9326327599842089,0.01784487795949155,0.6886886886886887,0.1334248627059411
yolo,hawaii,0.6896896896896897,0.034697066927284664,0.9320358596059836,0.017677576629254406,0.6896896896896897,0.1319290465631929
yolo,hawaii,0.6906906906906907,0.03437434165472835,0.9314389592277581,0.017510275299017265,0.6906906906906907,0.13188976377952755
yolo,hawaii,0.6916916916916916,0.0332852391334805,0.9293111988698484,0.01694609970435465,0.6916916916916916,0.13156927600147006
yolo,hawaii,0.6926926926926927,0.03054980994613749,0.9233772498328078,0.01553183936296102,0.6926926926926927,0.13121951219512196
yolo,hawaii,0.6936936936936937,0.029615312326388497,0.9210983723935419,0.01504959473447236,0.6936936936936937,0.1309104169198979
yolo,hawaii,0.6946946946946947,0.027700538136105218,0.9160348430526846,0.014062897346998027,0.6946946946946947,0.13
yolo,hawaii,0.6956956956956957,0.0266680973211637,0.9164100299657142,0.013530927835051547,0.6956956956956957,0.12993262752646775
yolo,hawaii,0.6966966966966966,0.026676566202360495,0.9368506600659694,0.013530927835051547,0.6966966966966966,0.12876353683208377
yolo,hawaii,0.6976976976976977,0.02657105202826412,0.9543511422872081,0.013473084881887955,0.6976976976976977,0.1273218904302845
yolo,hawaii,0.6986986986986987,0.02573277067432013,0.9529046372725906,0.013042488672639714,0.6986986986986987,0.12721303787079377
yolo,hawaii,0.6996996996996997,0.024872555100068163,0.951325619075495,0.012601005162182917,0.6996996996996997,0.12624970936991398
yolo,hawaii,0.7007007007007007,0.024100166124089488,0.9498474576322233,0.012204918750157787,0.7007007007007007,0.12549019607843137
yolo,hawaii,0.7017017017017017,0.023733290306517683,0.9490795341698294,0.012016896252922148,0.7017017017017017,0.12533057376106704
yolo,hawaii,0.7027027027027027,0.023366285466823924,0.9483116107074353,0.01182887375568649,0.7027027027027027,0.1253299667164008
yolo,hawaii,0.7037037037037037,0.022999151219248806,0.9475436872450413,0.01164085125845085,0.7037037037037037,0.12427515633882888
yolo,hawaii,0.7047047047047047,0.02235487536287087,0.9460666280331489,0.011311073960912977,0.7047047047047047,0.12424758659852357
yolo,hawaii,0.7057057057057057,0.021505810086637628,0.9440548460665223,0.010876793103322064,0.7057057057057057,0.12278736276047501
yolo,hawaii,0.7067067067067067,0.020183933384506296,0.9405610733949651,0.010201425234169134,0.7067067067067067,0.12272066226647275
yolo,hawaii,0.7077077077077077,0.019889313669592828,0.939702904411403,0.010051024484472697,0.7077077077077077,0.1187648456057007
yolo,hawaii,0.7087087087087087,0.01959461172816852,0.9388447354278411,0.009900623734776279,0.7087087087087087,0.1187648456057007
yolo,hawaii,0.7097097097097097,0.01929982729772004,0.9379865664442792,0.009750222985079859,0.7097097097097097,0.11647817355459254
yolo,hawaii,0.7107107107107107,0.018341031527748686,0.93489014243931,0.009261362232882991,0.7107107107107107,0.11612496055538024
yolo,hawaii,0.7117117117117117,0.016589005303468754,0.9285115455070622,0.008369266290132286,0.7117117117117117,0.11611548556430447
yolo,hawaii,0.7127127127127127,0.016186524664880783,0.9267659338032581,0.008164561824866601,0.7127127127127127,0.11593596316835827
yolo,hawaii,0.7137137137137137,0.015783893336111122,0.9250203220994542,0.007959857359600937,0.7137137137137137,0.11593596316835827
yolo,hawaii,0.7147147147147147,0.015381110370164866,0.9232747103956502,0.007755152894335273,0.7147147147147147,0.11524086378737541
yolo,hawaii,0.7157157157157157,0.015110550467464194,0.9219402157364592,0.007617702097221409,0.7157157157157157,0.1148439115154021
yolo,hawaii,0.7167167167167167,0.014856841542703754,0.9206582552915633,0.007488845248378785,0.7167167167167167,0.11474226804123712
yolo,hawaii,0.7177177177177178,0.014603073144342034,0.9193762948466673,0.007359988399536145,0.7177177177177178,0.11384772611139499
yolo,hawaii,0.7187187187187187,0.01434924500034599,0.9180943344017715,0.00723113155069352,0.7187187187187187,0.11371510087629916
yolo,hawaii,0.7197197197197197,0.014095356837020918,0.9168123739568755,0.0071022747018508955,0.7197197197197197,0.11323812417704851
yolo,hawaii,0.7207207207207207,0.013891142022219242,0.9156206125928394,0.006998660349390988,0.7207207207207207,0.11287068791607828
yolo,hawaii,0.7217217217217217,0.013693267745806741,0.914440417897373,0.006898282965498219,0.7217217217217217,0.1122234457903694
yolo,hawaii,0.7227227227227228,0.013495357683477977,0.9132602232019064,0.006797905581605439,0.7227227227227228,0.11022693781314472
yolo,hawaii,0.7237237237237237,0.013297411685600108,0.9120800285064399,0.00669752819771267,0.7237237237237237,0.11019607843137255
yolo,hawaii,0.7247247247247247,0.013099429601704841,0.9108998338109734,0.006597150813819901,0.7247247247247247,0.10969188767550703
yolo,hawaii,0.7257257257257257,0.012901411280482692,0.9097196391155069,0.006496773429927132,0.7257257257257257,0.10939773057899331
yolo,hawaii,0.7267267267267267,0.012796798573999789,0.9181980278453018,0.006443298969072165,0.7267267267267267,0.10939773057899331
yolo,hawaii,0.7277277277277278,0.012798652351944256,0.9376882577960035,0.006443298969072165,0.7277277277277278,0.10817537813517136
yolo,hawaii,0.7287287287287287,0.012800431140802931,0.9571784877467031,0.006443298969072165,0.7287287287287287,0.10648887219457226
yolo,hawaii,0.7297297297297297,0.012802139400559529,0.9766687176974026,0.006443298969072165,0.7297297297297297,0.10648887219457226
yolo,hawaii,0.7307307307307307,0.012803781244395789,0.9961589476481022,0.006443298969072165,0.7307307307307307,0.1063231850117096
yolo,hawaii,0.7317317317317317,0.011891231113820249,1.0,0.005981177337939214,0.7317317317317317,0.10612855007473841
yolo,hawaii,0.7327327327327328,0.01105095415676096,1.0,0.005556177610410213,0.7327327327327328,0.10585061854711189
yolo,hawaii,0.7337337337337337,0.010348014846346898,1.0,0.005200917006371725,0.7337337337337337,0.10488995303434939
yolo,hawaii,0.7347347347347347,0.010013842900632423,1.0,0.005032116864183992,0.7347347347347347,0.1040773510900301
yolo,hawaii,0.7357357357357357,0.00973487196631594,1.0,0.004891243799228734,0.7357357357357357,0.10392210392210392
yolo,hawaii,0.7367367367367368,0.009455822804627341,1.0,0.00475037073427346,0.7367367367367368,0.10148141577219906
yolo,hawaii,0.7377377377377378,0.009176695382657996,1.0,0.004609497669318201,0.7377377377377378,0.10113054230701289
yolo,hawaii,0.7387387387387387,0.008917886493940149,1.0,0.004478914472410587,0.7387387387387387,0.09941925977290457
yolo,hawaii,0.7397397397397397,0.008707555352598107,1.0,0.0043728159447418355,0.7397397397397397,0.09924850997667789
yolo,hawaii,0.7407407407407407,0.008497179769228798,1.0,0.004266717417073084,0.7407407407407407,0.09856983814335873
yolo,hawaii,0.7417417417417418,0.008286759729745111,1.0,0.0041606188894043215,0.7417417417417418,0.09853733641262509
yolo,hawaii,0.7427427427427428,0.008076295220054043,1.0,0.00405452036173557,0.7427427427427428,0.09760636048380275
yolo,hawaii,0.7437437437437437,0.007865786226056574,1.0,0.003948421834066819,0.7437437437437437,0.09611706992599983
yolo,hawaii,0.7447447447447447,0.006919868853498042,1.0,0.0034719471361733195,0.7447447447447447,0.09611706992599983
yolo,hawaii,0.7457457457457457,0.004781736422278454,1.0,0.0023965981614984286,0.7457457457457457,0.09525376326396315
yolo,hawaii,0.7467467467467468,0.0041413453570892335,1.0,0.0020749692607015713,0.7467467467467468,0.09479797153607067
yolo,hawaii,0.7477477477477478,0.003562037924906704,1.0,0.0017841966505206751,0.7477477477477478,0.09340305711987128
yolo,hawaii,0.7487487487487487,0.0030310199493500637,1.0,0.0015178102312201098,0.7487487487487487,0.093121947313636
yolo,hawaii,0.7497497497497497,0.0025619609175018864,1.0,0.0012826234743575303,0.7497497497497497,0.09243964421855146
yolo,hawaii,0.7507507507507507,0.0024758106057815327,1.0,0.0012394396117587753,0.7507507507507507,0.09186165603088317
yolo,hawaii,0.7517517517517518,0.0023896528623449536,1.0,0.0011962557491600153,0.7517517517517518,0.09178857951864086
yolo,hawaii,0.7527527527527528,0.0023034876862304877,1.0,0.00115307188656126,0.7527527527527528,0.09113588524206752
yolo,hawaii,0.7537537537537538,0.0022173150764762772,1.0,0.001109888023962505,0.7537537537537538,0.09060662333642835
yolo,hawaii,0.7547547547547547,0.002131135032120309,1.0,0.00106670416136375,0.7547547547547547,0.09009908595130195
yolo,hawaii,0.7557557557557557,0.0020449475522004027,1.0,0.0010235202987649947,0.7557557557557557,0.09009908595130195
yolo,hawaii,0.7567567567567568,0.001958752635754203,1.0,0.0009803364361662347,0.7567567567567568,0.08819334984613075
yolo,hawaii,0.7577577577577578,0.0018725502818192179,1.0,0.0009371525735674797,0.7577577577577578,0.0875288168364691
yolo,hawaii,0.7587587587587588,0.0017863404894327595,1.0,0.0008939687109687245,0.7587587587587588,0.08746658746658746
yolo,hawaii,0.7597597597597597,0.0017001232576319843,1.0,0.0008507848483699694,0.7597597597597597,0.08595571095571096
yolo,hawaii,0.7607607607607607,0.0016138985854538812,1.0,0.0008076009857712142,0.7607607607607607,0.08543731462055994
yolo,hawaii,0.7617617617617618,0.001527666471935265,1.0,0.0007644171231724543,0.7617617617617618,0.08410949164592961
yolo,hawaii,0.7627627627627628,0.0014414269161128117,1.0,0.0007212332605736992,0.7627627627627628,0.08384675306281425
yolo,hawaii,0.7637637637637638,0.0013551799170230029,1.0,0.000678049397974944,0.7637637637637638,0.08154004812650395
yolo,hawaii,0.7647647647647647,0.0,1.0,0.0,0.7647647647647647,0.08121237000547345
yolo,hawaii,0.7657657657657657,0.0,1.0,0.0,0.7657657657657657,0.08069222938581608
yolo,hawaii,0.7667667667667668,0.0,1.0,0.0,0.7667667667667668,0.08005910403653704
yolo,hawaii,0.7677677677677678,0.0,1.0,0.0,0.7677677677677678,0.08005910403653704
yolo,hawaii,0.7687687687687688,0.0,1.0,0.0,0.7687687687687688,0.07748718281523785
yolo,hawaii,0.7697697697697697,0.0,1.0,0.0,0.7697697697697697,0.07709677419354839
yolo,hawaii,0.7707707707707707,0.0,1.0,0.0,0.7707707707707707,0.07694780149138596
yolo,hawaii,0.7717717717717718,0.0,1.0,0.0,0.7717717717717718,0.07652018395503321
yolo,hawaii,0.7727727727727728,0.0,1.0,0.0,0.7727727727727728,0.0761904761904762
yolo,hawaii,0.7737737737737738,0.0,1.0,0.0,0.7737737737737738,0.07577287066246056
yolo,hawaii,0.7747747747747747,0.0,1.0,0.0,0.7747747747747747,0.07557956901426148
yolo,hawaii,0.7757757757757757,0.0,1.0,0.0,0.7757757757757757,0.07488192890877454
yolo,hawaii,0.7767767767767768,0.0,1.0,0.0,0.7767767767767768,0.07471656031224831
yolo,hawaii,0.7777777777777778,0.0,1.0,0.0,0.7777777777777778,0.07455139668249368
yolo,hawaii,0.7787787787787788,0.0,1.0,0.0,0.7787787787787788,0.07455139668249368
yolo,hawaii,0.7797797797797797,0.0,1.0,0.0,0.7797797797797797,0.07396774981676033
yolo,hawaii,0.7807807807807807,0.0,1.0,0.0,0.7807807807807807,0.07388892275803206
yolo,hawaii,0.7817817817817818,0.0,1.0,0.0,0.7817817817817818,0.07324571979744393
yolo,hawaii,0.7827827827827828,0.0,1.0,0.0,0.7827827827827828,0.07324571979744393
yolo,hawaii,0.7837837837837838,0.0,1.0,0.0,0.7837837837837838,0.07144953912992426
yolo,hawaii,0.7847847847847848,0.0,1.0,0.0,0.7847847847847848,0.07089226471101799
yolo,hawaii,0.7857857857857857,0.0,1.0,0.0,0.7857857857857857,0.06955926791721306
yolo,hawaii,0.7867867867867868,0.0,1.0,0.0,0.7867867867867868,0.06857303055789178
yolo,hawaii,0.7877877877877878,0.0,1.0,0.0,0.7877877877877878,0.06857303055789178
yolo,hawaii,0.7887887887887888,0.0,1.0,0.0,0.7887887887887888,0.06814897165091717
yolo,hawaii,0.7897897897897898,0.0,1.0,0.0,0.7897897897897898,0.06814897165091717
yolo,hawaii,0.7907907907907907,0.0,1.0,0.0,0.7907907907907907,0.06769570011025358
yolo,hawaii,0.7917917917917918,0.0,1.0,0.0,0.7917917917917918,0.06740525420940054
yolo,hawaii,0.7927927927927928,0.0,1.0,0.0,0.7927927927927928,0.06663779570183512
yolo,hawaii,0.7937937937937938,0.0,1.0,0.0,0.7937937937937938,0.0666053954695356
yolo,hawaii,0.7947947947947948,0.0,1.0,0.0,0.7947947947947948,0.06628706489041684
yolo,hawaii,0.7957957957957957,0.0,1.0,0.0,0.7957957957957957,0.06525182134938233
yolo,hawaii,0.7967967967967968,0.0,1.0,0.0,0.7967967967967968,0.06471172442632377
yolo,hawaii,0.7977977977977978,0.0,1.0,0.0,0.7977977977977978,0.06405289529417842
yolo,hawaii,0.7987987987987988,0.0,1.0,0.0,0.7987987987987988,0.06405289529417842
yolo,hawaii,0.7997997997997998,0.0,1.0,0.0,0.7997997997997998,0.06399629305462595
yolo,hawaii,0.8008008008008007,0.0,1.0,0.0,0.8008008008008007,0.06399629305462595
yolo,hawaii,0.8018018018018018,0.0,1.0,0.0,0.8018018018018018,0.06315308917520544
yolo,hawaii,0.8028028028028028,0.0,1.0,0.0,0.8028028028028028,0.06278343242970875
yolo,hawaii,0.8038038038038038,0.0,1.0,0.0,0.8038038038038038,0.06194470640790192
yolo,hawaii,0.8048048048048048,0.0,1.0,0.0,0.8048048048048048,0.06030199237782816
yolo,hawaii,0.8058058058058059,0.0,1.0,0.0,0.8058058058058059,0.05974212034383954
yolo,hawaii,0.8068068068068068,0.0,1.0,0.0,0.8068068068068068,0.05960989533777355
yolo,hawaii,0.8078078078078078,0.0,1.0,0.0,0.8078078078078078,0.05960642646639414
yolo,hawaii,0.8088088088088088,0.0,1.0,0.0,0.8088088088088088,0.058372449690942046
yolo,hawaii,0.8098098098098098,0.0,1.0,0.0,0.8098098098098098,0.058014492084737156
yolo,hawaii,0.8108108108108109,0.0,1.0,0.0,0.8108108108108109,0.05753324498469131
yolo,hawaii,0.8118118118118118,0.0,1.0,0.0,0.8118118118118118,0.05710401087695445
yolo,hawaii,0.8128128128128128,0.0,1.0,0.0,0.8128128128128128,0.05674715589729754
yolo,hawaii,0.8138138138138138,0.0,1.0,0.0,0.8138138138138138,0.05621025481389247
yolo,hawaii,0.8148148148148148,0.0,1.0,0.0,0.8148148148148148,0.056092586023412556
yolo,hawaii,0.8158158158158159,0.0,1.0,0.0,0.8158158158158159,0.0556751768686558
yolo,hawaii,0.8168168168168168,0.0,1.0,0.0,0.8168168168168168,0.05474720435214369
yolo,hawaii,0.8178178178178178,0.0,1.0,0.0,0.8178178178178178,0.05374523910283538
yolo,hawaii,0.8188188188188188,0.0,1.0,0.0,0.8188188188188188,0.05243430266084521
yolo,hawaii,0.8198198198198198,0.0,1.0,0.0,0.8198198198198198,0.05243430266084521
yolo,hawaii,0.8208208208208209,0.0,1.0,0.0,0.8208208208208209,0.05170034899764629
yolo,hawaii,0.8218218218218218,0.0,1.0,0.0,0.8218218218218218,0.05133982457552104
yolo,hawaii,0.8228228228228228,0.0,1.0,0.0,0.8228228228228228,0.05097726366174711
yolo,hawaii,0.8238238238238238,0.0,1.0,0.0,0.8238238238238238,0.050830617597965186
yolo,hawaii,0.8248248248248248,0.0,1.0,0.0,0.8248248248248248,0.05059841213413912
yolo,hawaii,0.8258258258258259,0.0,1.0,0.0,0.8258258258258259,0.04993184031158715
yolo,hawaii,0.8268268268268268,0.0,1.0,0.0,0.8268268268268268,0.04975972717408154
yolo,hawaii,0.8278278278278278,0.0,1.0,0.0,0.8278278278278278,0.049658525292279196
yolo,hawaii,0.8288288288288288,0.0,1.0,0.0,0.8288288288288288,0.049658525292279196
yolo,hawaii,0.8298298298298298,0.0,1.0,0.0,0.8298298298298298,0.049288228991275065
yolo,hawaii,0.8308308308308309,0.0,1.0,0.0,0.8308308308308309,0.04877311051457522
yolo,hawaii,0.8318318318318318,0.0,1.0,0.0,0.8318318318318318,0.04824856225259541
yolo,hawaii,0.8328328328328328,0.0,1.0,0.0,0.8328328328328328,0.04812953657174763
yolo,hawaii,0.8338338338338338,0.0,1.0,0.0,0.8338338338338338,0.047692704305233306
yolo,hawaii,0.8348348348348348,0.0,1.0,0.0,0.8348348348348348,0.04765056254136334
yolo,hawaii,0.8358358358358359,0.0,1.0,0.0,0.8358358358358359,0.047561511423550085
yolo,hawaii,0.8368368368368369,0.0,1.0,0.0,0.8368368368368369,0.047561511423550085
yolo,hawaii,0.8378378378378378,0.0,1.0,0.0,0.8378378378378378,0.04753205947901063
yolo,hawaii,0.8388388388388388,0.0,1.0,0.0,0.8388388388388388,0.04722867092280905
yolo,hawaii,0.8398398398398398,0.0,1.0,0.0,0.8398398398398398,0.045797773329118815
yolo,hawaii,0.8408408408408409,0.0,1.0,0.0,0.8408408408408409,0.04568208072251199
yolo,hawaii,0.8418418418418419,0.0,1.0,0.0,0.8418418418418419,0.045608402833513625
yolo,hawaii,0.8428428428428428,0.0,1.0,0.0,0.8428428428428428,0.044678817666734934
yolo,hawaii,0.8438438438438438,0.0,1.0,0.0,0.8438438438438438,0.044427123928293066
yolo,hawaii,0.8448448448448448,0.0,1.0,0.0,0.8448448448448448,0.04400026829431887
yolo,hawaii,0.8458458458458459,0.0,1.0,0.0,0.8458458458458459,0.04384558872637414
yolo,hawaii,0.8468468468468469,0.0,1.0,0.0,0.8468468468468469,0.04299248611564848
yolo,hawaii,0.8478478478478478,0.0,1.0,0.0,0.8478478478478478,0.04299248611564848
yolo,hawaii,0.8488488488488488,0.0,1.0,0.0,0.8488488488488488,0.04230053276847038
yolo,hawaii,0.8498498498498498,0.0,1.0,0.0,0.8498498498498498,0.04194758936522071
yolo,hawaii,0.8508508508508509,0.0,1.0,0.0,0.8508508508508509,0.04135750289596443
yolo,hawaii,0.8518518518518519,0.0,1.0,0.0,0.8518518518518519,0.04043118453598803
yolo,hawaii,0.8528528528528528,0.0,1.0,0.0,0.8528528528528528,0.04043118453598803
yolo,hawaii,0.8538538538538538,0.0,1.0,0.0,0.8538538538538538,0.04009063444108761
yolo,hawaii,0.8548548548548548,0.0,1.0,0.0,0.8548548548548548,0.04009063444108761
yolo,hawaii,0.8558558558558559,0.0,1.0,0.0,0.8558558558558559,0.03983932372073504
yolo,hawaii,0.8568568568568569,0.0,1.0,0.0,0.8568568568568569,0.039661239339178145
yolo,hawaii,0.8578578578578578,0.0,1.0,0.0,0.8578578578578578,0.0395388126500489
yolo,hawaii,0.8588588588588588,0.0,1.0,0.0,0.8588588588588588,0.0395388126500489
yolo,hawaii,0.8598598598598598,0.0,1.0,0.0,0.8598598598598598,0.039449188853757276
yolo,hawaii,0.8608608608608609,0.0,1.0,0.0,0.8608608608608609,0.03871098500202675
yolo,hawaii,0.8618618618618619,0.0,1.0,0.0,0.8618618618618619,0.03849473502503021
yolo,hawaii,0.8628628628628628,0.0,1.0,0.0,0.8628628628628628,0.03812450210538295
yolo,hawaii,0.8638638638638638,0.0,1.0,0.0,0.8638638638638638,0.0376252069246093
yolo,hawaii,0.8648648648648649,0.0,1.0,0.0,0.8648648648648649,0.03725588104749223
yolo,hawaii,0.8658658658658659,0.0,1.0,0.0,0.8658658658658659,0.03701563188022897
yolo,hawaii,0.8668668668668669,0.0,1.0,0.0,0.8668668668668669,0.03681233090104124
yolo,hawaii,0.8678678678678678,0.0,1.0,0.0,0.8678678678678678,0.03681233090104124
yolo,hawaii,0.8688688688688688,0.0,1.0,0.0,0.8688688688688688,0.03594745116849202
yolo,hawaii,0.8698698698698699,0.0,1.0,0.0,0.8698698698698699,0.033950694845827155
yolo,hawaii,0.8708708708708709,0.0,1.0,0.0,0.8708708708708709,0.03337365160079978
yolo,hawaii,0.8718718718718719,0.0,1.0,0.0,0.8718718718718719,0.03250900360144058
yolo,hawaii,0.8728728728728729,0.0,1.0,0.0,0.8728728728728729,0.03203764127299381
yolo,hawaii,0.8738738738738738,0.0,1.0,0.0,0.8738738738738738,0.03146228930467645
yolo,hawaii,0.8748748748748749,0.0,1.0,0.0,0.8748748748748749,0.031136790938689412
yolo,hawaii,0.8758758758758759,0.0,1.0,0.0,0.8758758758758759,0.030892240596038525
yolo,hawaii,0.8768768768768769,0.0,1.0,0.0,0.8768768768768769,0.03055543082932962
yolo,hawaii,0.8778778778778779,0.0,1.0,0.0,0.8778778778778779,0.02956744327302703
yolo,hawaii,0.8788788788788788,0.0,1.0,0.0,0.8788788788788788,0.029423176409725815
yolo,hawaii,0.8798798798798799,0.0,1.0,0.0,0.8798798798798799,0.029389616816196562
yolo,hawaii,0.8808808808808809,0.0,1.0,0.0,0.8808808808808809,0.029062480083278452
yolo,hawaii,0.8818818818818819,0.0,1.0,0.0,0.8818818818818819,0.028833800206407044
yolo,hawaii,0.8828828828828829,0.0,1.0,0.0,0.8828828828828829,0.028268041237113403
yolo,hawaii,0.8838838838838838,0.0,1.0,0.0,0.8838838838838838,0.02745592443617298
yolo,hawaii,0.8848848848848849,0.0,1.0,0.0,0.8848848848848849,0.0269909244489844
yolo,hawaii,0.8858858858858859,0.0,1.0,0.0,0.8858858858858859,0.026966600639353588
yolo,hawaii,0.8868868868868869,0.0,1.0,0.0,0.8868868868868869,0.026759687512145826
yolo,hawaii,0.8878878878878879,0.0,1.0,0.0,0.8878878878878879,0.026657130154066226
yolo,hawaii,0.8888888888888888,0.0,1.0,0.0,0.8888888888888888,0.025678240482304344
yolo,hawaii,0.8898898898898899,0.0,1.0,0.0,0.8898898898898899,0.025078938772547455
yolo,hawaii,0.8908908908908909,0.0,1.0,0.0,0.8908908908908909,0.025014017254788475
yolo,hawaii,0.8918918918918919,0.0,1.0,0.0,0.8918918918918919,0.02468101789151044
yolo,hawaii,0.8928928928928929,0.0,1.0,0.0,0.8928928928928929,0.024650079143471997
yolo,hawaii,0.8938938938938938,0.0,1.0,0.0,0.8938938938938938,0.02456028594684503
yolo,hawaii,0.8948948948948949,0.0,1.0,0.0,0.8948948948948949,0.024513350863879426
yolo,hawaii,0.8958958958958959,0.0,1.0,0.0,0.8958958958958959,0.02435991734089874
yolo,hawaii,0.8968968968968969,0.0,1.0,0.0,0.8968968968968969,0.023985525975704317
yolo,hawaii,0.8978978978978979,0.0,1.0,0.0,0.8978978978978979,0.02318888796473426
yolo,hawaii,0.8988988988988988,0.0,1.0,0.0,0.8988988988988988,0.02268928020774162
yolo,hawaii,0.8998998998998999,0.0,1.0,0.0,0.8998998998998999,0.02268928020774162
yolo,hawaii,0.9009009009009009,0.0,1.0,0.0,0.9009009009009009,0.022639738485937148
yolo,hawaii,0.9019019019019019,0.0,1.0,0.0,0.9019019019019019,0.022357788495320833
yolo,hawaii,0.9029029029029029,0.0,1.0,0.0,0.9029029029029029,0.02214674986178027
yolo,hawaii,0.9039039039039038,0.0,1.0,0.0,0.9039039039039038,0.02156272092951772
yolo,hawaii,0.9049049049049049,0.0,1.0,0.0,0.9049049049049049,0.021107624866763746
yolo,hawaii,0.9059059059059059,0.0,1.0,0.0,0.9059059059059059,0.021107624866763746
yolo,hawaii,0.9069069069069069,0.0,1.0,0.0,0.9069069069069069,0.0
yolo,hawaii,0.9079079079079079,0.0,1.0,0.0,0.9079079079079079,0.0
yolo,hawaii,0.9089089089089089,0.0,1.0,0.0,0.9089089089089089,0.0
yolo,hawaii,0.9099099099099099,0.0,1.0,0.0,0.9099099099099099,0.0
yolo,hawaii,0.9109109109109109,0.0,1.0,0.0,0.9109109109109109,0.0
yolo,hawaii,0.9119119119119119,0.0,1.0,0.0,0.9119119119119119,0.0
yolo,hawaii,0.9129129129129129,0.0,1.0,0.0,0.9129129129129129,0.0
yolo,hawaii,0.9139139139139139,0.0,1.0,0.0,0.9139139139139139,0.0
yolo,hawaii,0.914914914914915,0.0,1.0,0.0,0.914914914914915,0.0
yolo,hawaii,0.9159159159159159,0.0,1.0,0.0,0.9159159159159159,0.0
yolo,hawaii,0.9169169169169169,0.0,1.0,0.0,0.9169169169169169,0.0
yolo,hawaii,0.9179179179179179,0.0,1.0,0.0,0.9179179179179179,0.0
yolo,hawaii,0.9189189189189189,0.0,1.0,0.0,0.9189189189189189,0.0
yolo,hawaii,0.91991991991992,0.0,1.0,0.0,0.91991991991992,0.0
yolo,hawaii,0.9209209209209209,0.0,1.0,0.0,0.9209209209209209,0.0
yolo,hawaii,0.9219219219219219,0.0,1.0,0.0,0.9219219219219219,0.0
yolo,hawaii,0.9229229229229229,0.0,1.0,0.0,0.9229229229229229,0.0
yolo,hawaii,0.9239239239239239,0.0,1.0,0.0,0.9239239239239239,0.0
yolo,hawaii,0.924924924924925,0.0,1.0,0.0,0.924924924924925,0.0
yolo,hawaii,0.9259259259259259,0.0,1.0,0.0,0.9259259259259259,0.0
yolo,hawaii,0.9269269269269269,0.0,1.0,0.0,0.9269269269269269,0.0
yolo,hawaii,0.9279279279279279,0.0,1.0,0.0,0.9279279279279279,0.0
yolo,hawaii,0.9289289289289289,0.0,1.0,0.0,0.9289289289289289,0.0
yolo,hawaii,0.92992992992993,0.0,1.0,0.0,0.92992992992993,0.0
yolo,hawaii,0.9309309309309309,0.0,1.0,0.0,0.9309309309309309,0.0
yolo,hawaii,0.9319319319319319,0.0,1.0,0.0,0.9319319319319319,0.0
yolo,hawaii,0.9329329329329329,0.0,1.0,0.0,0.9329329329329329,0.0
yolo,hawaii,0.933933933933934,0.0,1.0,0.0,0.933933933933934,0.0
yolo,hawaii,0.934934934934935,0.0,1.0,0.0,0.934934934934935,0.0
yolo,hawaii,0.9359359359359359,0.0,1.0,0.0,0.9359359359359359,0.0
yolo,hawaii,0.9369369369369369,0.0,1.0,0.0,0.9369369369369369,0.0
yolo,hawaii,0.9379379379379379,0.0,1.0,0.0,0.9379379379379379,0.0
yolo,hawaii,0.938938938938939,0.0,1.0,0.0,0.938938938938939,0.0
yolo,hawaii,0.93993993993994,0.0,1.0,0.0,0.93993993993994,0.0
yolo,hawaii,0.9409409409409409,0.0,1.0,0.0,0.9409409409409409,0.0
yolo,hawaii,0.9419419419419419,0.0,1.0,0.0,0.9419419419419419,0.0
yolo,hawaii,0.9429429429429429,0.0,1.0,0.0,0.9429429429429429,0.0
yolo,hawaii,0.943943943943944,0.0,1.0,0.0,0.943943943943944,0.0
yolo,hawaii,0.944944944944945,0.0,1.0,0.0,0.944944944944945,0.0
yolo,hawaii,0.9459459459459459,0.0,1.0,0.0,0.9459459459459459,0.0
yolo,hawaii,0.9469469469469469,0.0,1.0,0.0,0.9469469469469469,0.0
yolo,hawaii,0.9479479479479479,0.0,1.0,0.0,0.9479479479479479,0.0
yolo,hawaii,0.948948948948949,0.0,1.0,0.0,0.948948948948949,0.0
yolo,hawaii,0.94994994994995,0.0,1.0,0.0,0.94994994994995,0.0
yolo,hawaii,0.950950950950951,0.0,1.0,0.0,0.950950950950951,0.0
yolo,hawaii,0.9519519519519519,0.0,1.0,0.0,0.9519519519519519,0.0
yolo,hawaii,0.9529529529529529,0.0,1.0,0.0,0.9529529529529529,0.0
yolo,hawaii,0.953953953953954,0.0,1.0,0.0,0.953953953953954,0.0
yolo,hawaii,0.954954954954955,0.0,1.0,0.0,0.954954954954955,0.0
yolo,hawaii,0.955955955955956,0.0,1.0,0.0,0.955955955955956,0.0
yolo,hawaii,0.9569569569569569,0.0,1.0,0.0,0.9569569569569569,0.0
yolo,hawaii,0.9579579579579579,0.0,1.0,0.0,0.9579579579579579,0.0
yolo,hawaii,0.958958958958959,0.0,1.0,0.0,0.958958958958959,0.0
yolo,hawaii,0.95995995995996,0.0,1.0,0.0,0.95995995995996,0.0
yolo,hawaii,0.960960960960961,0.0,1.0,0.0,0.960960960960961,0.0
yolo,hawaii,0.9619619619619619,0.0,1.0,0.0,0.9619619619619619,0.0
yolo,hawaii,0.9629629629629629,0.0,1.0,0.0,0.9629629629629629,0.0
yolo,hawaii,0.963963963963964,0.0,1.0,0.0,0.963963963963964,0.0
yolo,hawaii,0.964964964964965,0.0,1.0,0.0,0.964964964964965,0.0
yolo,hawaii,0.965965965965966,0.0,1.0,0.0,0.965965965965966,0.0
yolo,hawaii,0.9669669669669669,0.0,1.0,0.0,0.9669669669669669,0.0
yolo,hawaii,0.9679679679679679,0.0,1.0,0.0,0.9679679679679679,0.0
yolo,hawaii,0.968968968968969,0.0,1.0,0.0,0.968968968968969,0.0
yolo,hawaii,0.96996996996997,0.0,1.0,0.0,0.96996996996997,0.0
yolo,hawaii,0.970970970970971,0.0,1.0,0.0,0.970970970970971,0.0
yolo,hawaii,0.9719719719719719,0.0,1.0,0.0,0.9719719719719719,0.0
yolo,hawaii,0.9729729729729729,0.0,1.0,0.0,0.9729729729729729,0.0
yolo,hawaii,0.973973973973974,0.0,1.0,0.0,0.973973973973974,0.0
yolo,hawaii,0.974974974974975,0.0,1.0,0.0,0.974974974974975,0.0
yolo,hawaii,0.975975975975976,0.0,1.0,0.0,0.975975975975976,0.0
yolo,hawaii,0.9769769769769769,0.0,1.0,0.0,0.9769769769769769,0.0
yolo,hawaii,0.9779779779779779,0.0,1.0,0.0,0.9779779779779779,0.0
yolo,hawaii,0.978978978978979,0.0,1.0,0.0,0.978978978978979,0.0
yolo,hawaii,0.97997997997998,0.0,1.0,0.0,0.97997997997998,0.0
yolo,hawaii,0.980980980980981,0.0,1.0,0.0,0.980980980980981,0.0
yolo,hawaii,0.9819819819819819,0.0,1.0,0.0,0.9819819819819819,0.0
yolo,hawaii,0.9829829829829829,0.0,1.0,0.0,0.9829829829829829,0.0
yolo,hawaii,0.983983983983984,0.0,1.0,0.0,0.983983983983984,0.0
yolo,hawaii,0.984984984984985,0.0,1.0,0.0,0.984984984984985,0.0
yolo,hawaii,0.985985985985986,0.0,1.0,0.0,0.985985985985986,0.0
yolo,hawaii,0.986986986986987,0.0,1.0,0.0,0.986986986986987,0.0
yolo,hawaii,0.9879879879879879,0.0,1.0,0.0,0.9879879879879879,0.0
yolo,hawaii,0.988988988988989,0.0,1.0,0.0,0.988988988988989,0.0
yolo,hawaii,0.98998998998999,0.0,1.0,0.0,0.98998998998999,0.0
yolo,hawaii,0.990990990990991,0.0,1.0,0.0,0.990990990990991,0.0
yolo,hawaii,0.991991991991992,0.0,1.0,0.0,0.991991991991992,0.0
yolo,hawaii,0.992992992992993,0.0,1.0,0.0,0.992992992992993,0.0
yolo,hawaii,0.993993993993994,0.0,1.0,0.0,0.993993993993994,0.0
yolo,hawaii,0.994994994994995,0.0,1.0,0.0,0.994994994994995,0.0
yolo,hawaii,0.995995995995996,0.0,1.0,0.0,0.995995995995996,0.0
yolo,hawaii,0.996996996996997,0.0,1.0,0.0,0.996996996996997,0.0
yolo,hawaii,0.997997997997998,0.0,1.0,0.0,0.997997997997998,0.0
yolo,hawaii,0.998998998998999,0.0,1.0,0.0,0.998998998998999,0.0
yolo,hawaii,1.0,0.0,1.0,0.0,1.0,0.0
rtdetr,val,0.0,0.009815815945573823,0.004932649349660864,0.9784818845571015,0.0,1.0
rtdetr,val,0.001001001001001001,0.00982188957813739,0.004935716870625513,0.9784818845571015,0.001001001001001001,1.0
rtdetr,val,0.002002002002002002,0.014776018201677801,0.0074443989064031674,0.975340956054553,0.002002002002002002,1.0
rtdetr,val,0.003003003003003003,0.018638742444521475,0.009409464327089005,0.9733296597327455,0.003003003003003003,1.0
rtdetr,val,0.004004004004004004,0.022171477357117865,0.011213666775098392,0.971731643477063,0.004004004004004004,0.9951456310679612
rtdetr,val,0.005005005005005005,0.025571304410832107,0.01295649669930409,0.9696376911420306,0.005005005005005005,0.9951456310679612
rtdetr,val,0.006006006006006006,0.028932218199712513,0.014685623096945552,0.9677917068466731,0.006006006006006006,0.9937888198757764
rtdetr,val,0.007007007007007007,0.032284748570213496,0.016416753699379734,0.9658355145336823,0.007007007007007007,0.9937888198757764
rtdetr,val,0.008008008008008008,0.03565520402443624,0.018163343842345542,0.9644579143132663,0.008008008008008008,0.9937888198757764
rtdetr,val,0.009009009009009009,0.039016397723115964,0.019911504123490298,0.9631354181016669,0.009009009009009009,0.9910979228486647
rtdetr,val,0.01001001001001001,0.042358935297692725,0.021656194651524564,0.9621159939385591,0.01001001001001001,0.989247311827957
rtdetr,val,0.011011011011011011,0.04567046950198899,0.02339114148376229,0.9608486017357762,0.011011011011011011,0.9887640449438202
rtdetr,val,0.012012012012012012,0.048980248463145346,0.025131504010512652,0.9596087615374018,0.012012012012012012,0.9887640449438202
rtdetr,val,0.013013013013013013,0.052266203626813834,0.02686555374560597,0.9585342333654774,0.013013013013013013,0.9887640449438202
rtdetr,val,0.014014014014014014,0.05552972808889314,0.028593924753261956,0.9575974652155944,0.014014014014014014,0.9887640449438202
rtdetr,val,0.015015015015015015,0.05878415414400616,0.03032370411921182,0.9566882490701198,0.015015015015015015,0.9887640449438202
rtdetr,val,0.016016016016016016,0.062017964597026264,0.03204873086669108,0.9558065849290536,0.016016016016016016,0.9887640449438202
rtdetr,val,0.017017017017017015,0.06524370479694862,0.03377527359111547,0.9552555448408871,0.017017017017017015,0.9887640449438202
rtdetr,val,0.018018018018018018,0.06842740073455791,0.03548535050298379,0.9547320567571291,0.018018018018018018,0.9887640449438202
rtdetr,val,0.01901901901901902,0.07158795820256952,0.037189210799040875,0.9540708086513294,0.01901901901901902,0.9887640449438202
rtdetr,val,0.02002002002002002,0.07475486664719849,0.03890256817459737,0.9534095605455297,0.02002002002002002,0.9887640449438202
rtdetr,val,0.02102102102102102,0.07785800218475797,0.04058718927203579,0.9528585204573633,0.02102102102102102,0.9887640449438202
rtdetr,val,0.022022022022022022,0.08096028401769331,0.04227729300797698,0.9522799283647886,0.022022022022022022,0.9887640449438202
rtdetr,val,0.023023023023023025,0.0840489573883214,0.04396600746981519,0.9516462322633972,0.023023023023023025,0.9887640449438202
rtdetr,val,0.024024024024024024,0.08709394177779259,0.04563655268883354,0.9510676401708225,0.024024024024024024,0.9887640449438202
rtdetr,val,0.025025025025025023,0.0901179774497993,0.04730095299401598,0.9506543601046976,0.025025025025025023,0.9887640449438202
rtdetr,val,0.026026026026026026,0.09313166720798824,0.04896541573384421,0.9502135280341645,0.026026026026026026,0.9887640449438202
rtdetr,val,0.02702702702702703,0.09608255007577322,0.05060067746863419,0.9498002479680396,0.02702702702702703,0.9887640449438202
rtdetr,val,0.028028028028028028,0.09898473737107867,0.05221484820574671,0.9492216558754649,0.028028028028028028,0.9887640449438202
rtdetr,val,0.029029029029029027,0.10187376947896726,0.05382594966253413,0.9490012398401984,0.029029029029029027,0.9887640449438202
rtdetr,val,0.03003003003003003,0.10475782741114278,0.055440292030327874,0.9485604077696652,0.03003003003003003,0.9887640449438202
rtdetr,val,0.031031031031031032,0.10753684100308301,0.057001378075613306,0.9480093676814988,0.031031031031031032,0.9887640449438202
rtdetr,val,0.03203203203203203,0.11032773947713848,0.058573711364159134,0.9475960876153741,0.03203203203203203,0.9887640449438202
rtdetr,val,0.03303303303303303,0.11307570472941658,0.060127412075598956,0.9470450475272076,0.03303303303303303,0.9887640449438202
rtdetr,val,0.03403403403403403,0.1157710414186282,0.06165687007071051,0.9463562474169996,0.03403403403403403,0.9886277482941622
rtdetr,val,0.035035035035035036,0.1184799680785304,0.06319813343074802,0.9458603113376498,0.035035035035035036,0.9886277482941622
rtdetr,val,0.036036036036036036,0.12113056230338008,0.06471064100399404,0.945447031271525,0.036036036036036036,0.9881744271988174
rtdetr,val,0.037037037037037035,0.12374668130845222,0.06620853114457764,0.9449510951921752,0.037037037037037035,0.987627365356623
rtdetr,val,0.03803803803803804,0.12633125459861796,0.06769324940101773,0.9444000551040088,0.03803803803803804,0.9858407079646018
rtdetr,val,0.03903903903903904,0.12892565753072774,0.06918779012014785,0.9439316710290674,0.03903903903903904,0.9858407079646018
rtdetr,val,0.04004004004004004,0.13147289836573314,0.07065955842789809,0.9434908389585343,0.04004004004004004,0.9858407079646018
rtdetr,val,0.04104104104104104,0.13399836743223167,0.07212319079412197,0.9430500068880011,0.04104104104104104,0.9858407079646018
rtdetr,val,0.04204204204204204,0.1365041029639688,0.073579953779064,0.9425816228130597,0.04204204204204204,0.9858407079646018
rtdetr,val,0.043043043043043044,0.13900451937871547,0.07503836831014465,0.9420581347293016,0.043043043043043044,0.9858407079646018
rtdetr,val,0.044044044044044044,0.14148934349003284,0.07649210651639379,0.9415346466455434,0.044044044044044044,0.9858407079646018
rtdetr,val,0.04504504504504504,0.1440289439351807,0.07798104642656932,0.9412040225926436,0.04504504504504504,0.9858407079646018
rtdetr,val,0.04604604604604605,0.14650046177719042,0.07943526393697668,0.9407631905221104,0.04604604604604605,0.9855240301100173
rtdetr,val,0.04704704704704705,0.14893174456612587,0.08087073916831268,0.9402397024383524,0.04704704704704705,0.9853685987619584
rtdetr,val,0.04804804804804805,0.15136821571104037,0.082312954428205,0.9397988703678193,0.04804804804804805,0.9853685987619584
rtdetr,val,0.04904904904904905,0.1538204567377531,0.08376948421994787,0.9392753822840612,0.04904904904904905,0.9851973684210527
rtdetr,val,0.050050050050050046,0.15619212997402668,0.08518138188844812,0.9388896542223447,0.050050050050050046,0.9849785407725322
rtdetr,val,0.05105105105105105,0.15859451801469215,0.0866166411549627,0.9383937181429949,0.05105105105105105,0.9849115504682622
rtdetr,val,0.05205205205205205,0.16095830417819074,0.08803358346484604,0.9378426780548285,0.05205205205205205,0.9849115504682622
rtdetr,val,0.05305305305305305,0.16341266171928912,0.08950833442911507,0.937374293979887,0.05305305305305305,0.9847870182555781
rtdetr,val,0.05405405405405406,0.16574626182439034,0.09091518453218267,0.9368783579005373,0.05405405405405406,0.9835411471321696
rtdetr,val,0.055055055055055056,0.16818324233528073,0.09238667835588552,0.9365752858520457,0.055055055055055056,0.983451536643026
rtdetr,val,0.056056056056056056,0.17059392569687043,0.09384609605940705,0.9363273178123709,0.056056056056056056,0.983451536643026
rtdetr,val,0.057057057057057055,0.17298912862232838,0.0953018347251225,0.9359415897506543,0.057057057057057055,0.983451536643026
rtdetr,val,0.058058058058058054,0.17534168022067503,0.09674126164063601,0.9350599256095881,0.058058058058058054,0.9832791453785416
rtdetr,val,0.05905905905905906,0.17771704587591527,0.0981970438243355,0.9343711254993801,0.05905905905905906,0.9814311594202898
rtdetr,val,0.06006006006006006,0.17999120655257744,0.09959507179012497,0.9337098773935804,0.06006006006006006,0.9814159292035398
rtdetr,val,0.06106106106106106,0.1823089188194384,0.10102370883554418,0.933076181292189,0.06106106106106106,0.9814159292035398
rtdetr,val,0.062062062062062065,0.18470253498466505,0.10250045100321312,0.9326904532304725,0.062062062062062065,0.9813529921942759
rtdetr,val,0.06306306306306306,0.18711590967478614,0.10399455658847019,0.9322496211599394,0.06306306306306306,0.9812686249467859
rtdetr,val,0.06406406406406406,0.18953072730511417,0.10549381367677454,0.9318363410938145,0.06406406406406406,0.9810606060606061
rtdetr,val,0.06506506506506507,0.19191188540472218,0.10697822889678221,0.9313128530100565,0.06506506506506507,0.9809760132340778
rtdetr,val,0.06606606606606606,0.19430006330721766,0.10847612070784893,0.9304587408733985,0.06606606606606606,0.9805786761791518
rtdetr,val,0.06706706706706707,0.19671023939073787,0.10998806904721894,0.9299352527896404,0.06706706706706707,0.9805786761791518
rtdetr,val,0.06806806806806806,0.1990669804032461,0.11147247306794876,0.9293291086926574,0.06806806806806806,0.9805786761791518
rtdetr,val,0.06906906906906907,0.2014791268289848,0.11299477167139614,0.9288331726133077,0.06906906906906907,0.9801980198019802
rtdetr,val,0.07007007007007007,0.20390601469507183,0.11453497014962666,0.928089268494283,0.07007007007007007,0.9801980198019802
rtdetr,val,0.07107107107107107,0.20628085859701334,0.11604519356600024,0.9274831243972999,0.07107107107107107,0.9801980198019802
rtdetr,val,0.07207207207207207,0.20873754746303566,0.11760999945023401,0.9270147403223584,0.07207207207207207,0.9801980198019802
rtdetr,val,0.07307307307307308,0.2111080402403818,0.11912679845462942,0.9264361482297837,0.07307307307307308,0.9801980198019802
rtdetr,val,0.07407407407407407,0.21353996069537456,0.12068611120831368,0.925950887570946,0.07407407407407407,0.9800580130529369
rtdetr,val,0.07507507507507508,0.21595389288630665,0.12223979648096643,0.9254167240666759,0.07507507507507508,0.9797080811676754
rtdetr,val,0.07607607607607608,0.21831402124107435,0.12376425136319272,0.9248656839785094,0.07607607607607608,0.9794731440301061
rtdetr,val,0.07707707707707707,0.2207477614470786,0.12534206871026152,0.9242595398815264,0.07707707707707707,0.9794731440301061
rtdetr,val,0.07807807807807808,0.22320583327057963,0.12694037254923593,0.9236809477889516,0.07807807807807808,0.9794731440301061
rtdetr,val,0.07907907907907907,0.22554021753750553,0.1284669940449552,0.922937043669927,0.07907907907907907,0.9792021820661438
rtdetr,val,0.08008008008008008,0.227863124633312,0.1299879318713409,0.9223584515773523,0.08008008008008008,0.9784729229734275
rtdetr,val,0.08108108108108109,0.23032415762355873,0.13160170230590904,0.9218900675024108,0.08108108108108109,0.978246539222149
rtdetr,val,0.08208208208208208,0.23279351224687125,0.13322745516827406,0.9213665794186527,0.08208208208208208,0.9775244299674267
rtdetr,val,0.08308308308308308,0.23524665879641535,0.1348468828856361,0.9208981953437112,0.08308308308308308,0.9774411859490816
rtdetr,val,0.08408408408408408,0.23772951238185824,0.13649373468691622,0.9203196032511365,0.08408408408408408,0.9755255726388453
rtdetr,val,0.08508508508508508,0.24008311386532255,0.13806390029312662,0.9196032511365202,0.08508508508508508,0.9755255726388453
rtdetr,val,0.08608608608608609,0.24250839992533857,0.13968187885547595,0.9191073150571704,0.08608608608608609,0.9753542821934689
rtdetr,val,0.08708708708708708,0.24495178292197425,0.14131929405379043,0.9185287229645956,0.08708708708708708,0.9753542821934689
rtdetr,val,0.08808808808808809,0.24747630664489284,0.1430125343861613,0.9181154428984709,0.08808808808808809,0.9747797022181708
rtdetr,val,0.0890890890890891,0.24997219920378483,0.14469311550090236,0.9176746108279378,0.0890890890890891,0.9744668068489035
rtdetr,val,0.09009009009009009,0.2523562829377918,0.14630992487545014,0.9170133627221381,0.09009009009009009,0.9732902847079542
rtdetr,val,0.09109109109109109,0.2548284614029121,0.14798815958899067,0.9164898746383799,0.09109109109109109,0.9732902847079542
rtdetr,val,0.0920920920920921,0.2572222895981964,0.14962952769540222,0.9155806584929054,0.0920920920920921,0.9727324913892078
rtdetr,val,0.09309309309309309,0.2596640088372519,0.15130493101215153,0.9148367543738807,0.09309309309309309,0.9727324913892078
rtdetr,val,0.0940940940940941,0.2620569303136303,0.15294931763190436,0.9142306102768977,0.0940940940940941,0.9718510093829968
rtdetr,val,0.09509509509509509,0.264467369500626,0.15460667567067413,0.9137897782063645,0.09509509509509509,0.9717561521252797
rtdetr,val,0.0960960960960961,0.2670205209991938,0.15636753853284507,0.9133489461358314,0.0960960960960961,0.9717059639389737
rtdetr,val,0.0970970970970971,0.26952080639956416,0.1581016511526053,0.912797906047665,0.0970970970970971,0.9710743801652892
rtdetr,val,0.0980980980980981,0.2718867205941895,0.15975516781208474,0.9120540019286403,0.0980980980980981,0.9701654461621915
rtdetr,val,0.0990990990990991,0.2743641872640711,0.16148760691108666,0.9114478578316573,0.0990990990990991,0.9693365054189796
rtdetr,val,0.10010010010010009,0.2768584576625673,0.16323983059264568,0.9107866097258576,0.10010010010010009,0.9693365054189796
rtdetr,val,0.1011011011011011,0.2793994336524909,0.1650284652133711,0.9102080176332829,0.1011011011011011,0.9691912708600771
rtdetr,val,0.1021021021021021,0.28188822968181576,0.1667881830020143,0.9096018735362997,0.1021021021021021,0.9691912708600771
rtdetr,val,0.1031031031031031,0.2843747665335148,0.16854620994303593,0.909188593470175,0.1031031031031031,0.9691912708600771
rtdetr,val,0.1041041041041041,0.28693403967190634,0.17036468866782611,0.9086926573908252,0.1041041041041041,0.96875
rtdetr,val,0.10510510510510511,0.28943410778931894,0.17214708357247394,0.9082242733158837,0.10510510510510511,0.9677828513444952
rtdetr,val,0.1061061061061061,0.2918602947971784,0.1738895989942579,0.9075905772144923,0.1061061061061061,0.9674674674674675
rtdetr,val,0.10710710710710711,0.2943676548770745,0.17569535914506776,0.9069844331175093,0.10710710710710711,0.9673518742442564
rtdetr,val,0.10810810810810811,0.2968166343950111,0.1774630659110121,0.9064609450337512,0.10810810810810811,0.9673518742442564
rtdetr,val,0.1091091091091091,0.2993584166063153,0.1793038311596317,0.9059374569499931,0.1091091091091091,0.9673518742442564
rtdetr,val,0.11011011011011011,0.3018899186615258,0.18114418615042255,0.905413968866235,0.11011011011011011,0.9673518742442564
rtdetr,val,0.1111111111111111,0.30426573264967505,0.18288916177750184,0.904642512742802,0.1111111111111111,0.9671620325982742
rtdetr,val,0.11211211211211211,0.3067474776133376,0.1847049742098434,0.9041741286678606,0.11211211211211211,0.9670303605313093
rtdetr,val,0.11311311311311312,0.309255874315424,0.18655043879775077,0.9036230885796942,0.11311311311311312,0.9666897987508675
rtdetr,val,0.11411411411411411,0.311717605463676,0.18837128574122708,0.9030169444827111,0.11411411411411411,0.9666897987508675
rtdetr,val,0.11511511511511512,0.3141694491541396,0.1901906353483829,0.9024383523901364,0.11511511511511512,0.9666897987508675
rtdetr,val,0.11611611611611611,0.3166198732822919,0.19201836170057682,0.901804656288745,0.11611611611611611,0.9665291150848234
rtdetr,val,0.11711711711711711,0.3190499755763144,0.1938445291014339,0.9010332001653121,0.11711711711711711,0.9663712792547149
rtdetr,val,0.11811811811811812,0.32141101399864225,0.19561899574709796,0.900427056068329,0.11811811811811812,0.9662466246624662
rtdetr,val,0.11911911911911911,0.3238421866884836,0.19745358542420396,0.8997933599669375,0.11911911911911911,0.966086568496207
rtdetr,val,0.12012012012012012,0.32629261747726207,0.19930155099519017,0.8993249758919961,0.12012012012012012,0.9659065751605047
rtdetr,val,0.12112112112112113,0.32863736268265886,0.20108147781354385,0.8987739358038297,0.12112112112112113,0.9642700569925471
rtdetr,val,0.12212212212212212,0.330982030360878,0.20288201563142563,0.8979473756715801,0.12212212212212212,0.9638320775026911
rtdetr,val,0.12312312312312312,0.33337457598642734,0.20471582391642676,0.8973136795701887,0.12312312312312312,0.9638320775026911
rtdetr,val,0.12412412412412413,0.3356631452473325,0.2064722252484702,0.8967901914864307,0.12412412412412413,0.9636478251733558
rtdetr,val,0.12512512512512514,0.33784319844783167,0.2081630470375972,0.8960738393718143,0.12512512512512514,0.9636478251733558
rtdetr,val,0.12612612612612611,0.34005514083134825,0.20988140509724465,0.8954125912660146,0.12612612612612611,0.9636478251733558
rtdetr,val,0.12712712712712712,0.3422817650268659,0.21162506614908994,0.8946135831381733,0.12712712712712712,0.9635264693622343
rtdetr,val,0.12812812812812813,0.3446931301607815,0.2134968296061696,0.8941727510676402,0.12812812812812813,0.9630012401818934
rtdetr,val,0.12912912912912913,0.3470593659049187,0.21534572531623886,0.893649262983882,0.12912912912912913,0.9629326233872619
rtdetr,val,0.13013013013013014,0.3493215481740856,0.21712616347962901,0.893043118886899,0.13013013013013014,0.9620304568527919
rtdetr,val,0.13113113113113112,0.3514698944071053,0.21882009170405545,0.8925196308031409,0.13113113113113112,0.9616471538150989
rtdetr,val,0.13213213213213212,0.3537904073065378,0.22065225356284338,0.8920236947237912,0.13213213213213212,0.9611767060236142
rtdetr,val,0.13313313313313313,0.35623215389283386,0.22258939906752293,0.8914726546356248,0.13313313313313313,0.9605055292259084
rtdetr,val,0.13413413413413414,0.35836227115726343,0.2243075735633928,0.8906460945033752,0.13413413413413414,0.9604564233720244
rtdetr,val,0.13513513513513514,0.36057794310570557,0.22607658795464247,0.8901777104284336,0.13513513513513514,0.9600704638872578
rtdetr,val,0.13613613613613612,0.36299549957038274,0.22799682594354564,0.8899297423887588,0.13613613613613612,0.9599922315012623
rtdetr,val,0.13713713713713713,0.36528055410939153,0.22982841462393386,0.8895440143270423,0.13713713713713713,0.9591679506933745
rtdetr,val,0.13813813813813813,0.36758821005819975,0.23169587361999522,0.8889929742388759,0.13813813813813813,0.9577922077922078
rtdetr,val,0.13913913913913914,0.369840510836885,0.23352833836445736,0.8884143821463012,0.13913913913913914,0.9572698052561921
rtdetr,val,0.14014014014014015,0.3720910144295042,0.23535673093180748,0.8879735500757681,0.14014014014014015,0.9571991740191478
rtdetr,val,0.14114114114114115,0.3743016355996693,0.23715986085602306,0.8875327180052349,0.14114114114114115,0.9568788501026694
rtdetr,val,0.14214214214214213,0.37642830106979336,0.23892592914817987,0.8867612618818019,0.14214214214214213,0.9562962962962963
rtdetr,val,0.14314314314314314,0.3786696945892506,0.24077137576563043,0.8862653258024521,0.14314314314314314,0.9560940061942066
rtdetr,val,0.14414414414414414,0.3808696118919123,0.24259221793589755,0.8857418377186941,0.14414414414414414,0.9560940061942066
rtdetr,val,0.14514514514514515,0.38307566927511716,0.2444291236769242,0.8851632456261193,0.14514514514514515,0.9557890922268527
rtdetr,val,0.14614614614614616,0.38536586714594095,0.2463226498568163,0.8848326215732194,0.14614614614614616,0.9556465977912362
rtdetr,val,0.14714714714714713,0.3875294430006518,0.2481301915424598,0.884364237498278,0.14714714714714713,0.9556465977912362
rtdetr,val,0.14814814814814814,0.3897510453926022,0.25000095647102866,0.8837856454057033,0.14814814814814814,0.955595026642984
rtdetr,val,0.14914914914914915,0.3919221148853726,0.25182835858413155,0.8833172613307618,0.14914914914914915,0.955194919738931
rtdetr,val,0.15015015015015015,0.3941281056341301,0.2536960460874438,0.8827937732470037,0.15015015015015015,0.9549675836691782
rtdetr,val,0.15115115115115116,0.3962453717875197,0.25550407789860174,0.8821876291500207,0.15115115115115116,0.9541427826993225
rtdetr,val,0.15215215215215216,0.3983594043014657,0.257325624264129,0.8814726696865343,0.15215215215215216,0.9539416939796447
rtdetr,val,0.15315315315315314,0.40052062829448026,0.2591822742877395,0.8808926849428296,0.15315315315315314,0.9537116406651809
rtdetr,val,0.15415415415415415,0.40260777794519137,0.26097893825705376,0.8803691968590714,0.15415415415415415,0.9534092841353511
rtdetr,val,0.15515515515515516,0.404692742407088,0.26277554327675623,0.87990081278413,0.15515515515515516,0.9529986522911051
rtdetr,val,0.15615615615615616,0.4067481134839698,0.26457364843798237,0.879212012673922,0.15615615615615616,0.9528839704896043
rtdetr,val,0.15715715715715717,0.4090425961425371,0.26655907137820567,0.8787711806033889,0.15715715715715717,0.952627189324437
rtdetr,val,0.15815815815815815,0.4110251779668632,0.2683071043616861,0.8781099324975892,0.15815815815815815,0.9522308840603748
rtdetr,val,0.15915915915915915,0.4131020557934179,0.270139825254022,0.8774762363961979,0.15915915915915915,0.9516129032258065
rtdetr,val,0.16016016016016016,0.4153082060334649,0.2720880483949895,0.8768700922992148,0.16016016016016016,0.9516129032258065
rtdetr,val,0.16116116116116116,0.41741251563475423,0.2739753585131762,0.8760710841713735,0.16116116116116116,0.9515289525048797
rtdetr,val,0.16216216216216217,0.4193777458682803,0.2757175716018944,0.875602700096432,0.16216216216216217,0.951423516165353
rtdetr,val,0.16316316316316315,0.4211541572773418,0.27732440412644294,0.874913899986224,0.16316316316316315,0.9512156364214206
rtdetr,val,0.16416416416416416,0.42328052182067216,0.2792190854598354,0.8744455159112825,0.16416416416416416,0.9512156364214206
rtdetr,val,0.16516516516516516,0.4253077481936059,0.28104015568808893,0.8739220278275245,0.16516516516516516,0.950856055802156
rtdetr,val,0.16616616616616617,0.42741322085172034,0.28293089342023814,0.873453643752583,0.16616616616616617,0.9505028284098052
rtdetr,val,0.16716716716716717,0.4293939475770482,0.28472209936744625,0.8729577076732332,0.16716716716716717,0.9502495321272614
rtdetr,val,0.16816816816816815,0.4314877424500229,0.2866077964694607,0.8725719796115168,0.16816816816816815,0.9497050605402049
rtdetr,val,0.16916916916916916,0.4335600967009217,0.2884996098062623,0.8720209395233504,0.16916916916916916,0.9494762784966112
rtdetr,val,0.17017017017017017,0.4353946497023025,0.29018450146679675,0.8714974514395922,0.17017017017017017,0.949017199017199
rtdetr,val,0.17117117117117117,0.4372953064371985,0.2919435694850554,0.8708913073426092,0.17117117117117117,0.948971820258949
rtdetr,val,0.17217217217217218,0.43919832822811844,0.2937051221469426,0.8703402672544428,0.17217217217217218,0.948939393939394
rtdetr,val,0.17317317317317318,0.44122628295373373,0.2955885217893013,0.869761675161868,0.17317317317317318,0.9485327313769751
rtdetr,val,0.17417417417417416,0.44323216358324236,0.29745626213247944,0.8692106350737017,0.17417417417417416,0.9481259370314843
rtdetr,val,0.17517517517517517,0.4451568575904872,0.2992742453201595,0.8685218349634936,0.17517517517517517,0.947499633377328
rtdetr,val,0.17617617617617617,0.4470771700584169,0.3010988308931007,0.8678054828488773,0.17617617617617617,0.947499633377328
rtdetr,val,0.17717717717717718,0.4488898705739706,0.30280595886208217,0.8673095467695274,0.17717717717717718,0.947499633377328
rtdetr,val,0.1781781781781782,0.45080369329697667,0.30462509504903146,0.8667034026725444,0.1781781781781782,0.947237649809997
rtdetr,val,0.17917917917917917,0.4526543366856367,0.306365835523652,0.866317674610828,0.17917917917917917,0.9469168121000582
rtdetr,val,0.18018018018018017,0.45473346887462757,0.30832614397314884,0.8659043945447031,0.18018018018018017,0.9466089466089466
rtdetr,val,0.18118118118118118,0.4564313210649126,0.30997765914559083,0.8652155944344951,0.18118118118118118,0.9464902186421174
rtdetr,val,0.18218218218218218,0.458396564778083,0.31186490840568987,0.8646645543463287,0.18218218218218218,0.9463497936530525
rtdetr,val,0.1831831831831832,0.46017513235497315,0.31358980914390366,0.864085962253754,0.1831831831831832,0.9463497936530525
rtdetr,val,0.1841841841841842,0.462005620123269,0.3153878509110774,0.8633696101391376,0.1841841841841842,0.946285069787114
rtdetr,val,0.18518518518518517,0.4637441705737361,0.31709968857653814,0.8627083620333379,0.18518518518518517,0.9461119642607846
rtdetr,val,0.18618618618618618,0.46559369905420117,0.3189221580343302,0.8620471139275382,0.18618618618618618,0.9461119642607846
rtdetr,val,0.1871871871871872,0.4673745150529657,0.32065664723158493,0.861606281857005,0.1871871871871872,0.9458820255982192
rtdetr,val,0.1881881881881882,0.46923106027142264,0.3224958317735426,0.8609725857556138,0.1881881881881882,0.9457889641819942
rtdetr,val,0.1891891891891892,0.47105509861138717,0.32429585410647854,0.8604490976718556,0.1891891891891892,0.9454769062585406
rtdetr,val,0.19019019019019018,0.47291163603579,0.3261414718692994,0.8598705055792809,0.19019019019019018,0.9454769062585406
rtdetr,val,0.19119119119119118,0.4746596634874005,0.32785464575974815,0.859539881526381,0.19119119119119118,0.9451626071574364
rtdetr,val,0.1921921921921922,0.4764382157202278,0.32961897367606974,0.8590990494558479,0.1921921921921922,0.9446249661521798
rtdetr,val,0.1931931931931932,0.4782949622792001,0.3314811410720885,0.8585480093676815,0.1931931931931932,0.9438761776581427
rtdetr,val,0.1941941941941942,0.479897368544909,0.3331178968997419,0.8579143132662901,0.1941941941941942,0.9435224839400428
rtdetr,val,0.19519519519519518,0.48155321660411504,0.3347828821354508,0.857473481195757,0.19519519519519518,0.9428115440883096
rtdetr,val,0.1961961961961962,0.48341865767459186,0.3366568104631151,0.8570326491252238,0.1961961961961962,0.9424983476536682
rtdetr,val,0.1971971971971972,0.48516060091223767,0.33840469481424634,0.8566744730679157,0.1971971971971972,0.9419889502762431
rtdetr,val,0.1981981981981982,0.48689918054151154,0.3401465946253648,0.8563714010194242,0.1981981981981982,0.9415151118670679
rtdetr,val,0.1991991991991992,0.48861381581983476,0.3419192233667178,0.8557652569224411,0.1991991991991992,0.9409632314862766
rtdetr,val,0.20020020020020018,0.49010870275413404,0.3434738616210535,0.8552142168342747,0.20020020020020018,0.9409632314862766
rtdetr,val,0.2012012012012012,0.4918462850889263,0.34527292839888085,0.8546631767461083,0.2012012012012012,0.9406016970943687
rtdetr,val,0.2022022022022022,0.49358191185346284,0.347085996703515,0.8540570326491252,0.2022022022022022,0.9404533230887437
rtdetr,val,0.2032032032032032,0.4950200901665616,0.34868004314723816,0.8530376084860174,0.2032032032032032,0.9403973509933775
rtdetr,val,0.2042042042042042,0.49671302571965703,0.35044135202439247,0.8525692244110759,0.2042042042042042,0.9401341602328819
rtdetr,val,0.20520520520520522,0.4983719821961,0.35220804717614146,0.8519079763052763,0.20520520520520522,0.9401044830518771
rtdetr,val,0.2062062062062062,0.4997556746368381,0.35370108789062377,0.8512742802038848,0.2062062062062062,0.9401044830518771
rtdetr,val,0.2072072072072072,0.5013317181616127,0.35540217826075643,0.8505854800936768,0.2072072072072072,0.9401044830518771
rtdetr,val,0.2082082082082082,0.5029748821422125,0.3571532169067384,0.8500344400055104,0.2082082082082082,0.9401044830518771
rtdetr,val,0.2092092092092092,0.5046915809818738,0.3589507617892103,0.8496762639482023,0.2092092092092092,0.9401044830518771
rtdetr,val,0.21021021021021022,0.5062330297649373,0.36063639014832743,0.8489874638379942,0.21021021021021022,0.9401044830518771
rtdetr,val,0.2112112112112112,0.5077425765769559,0.36230113982119405,0.8482706174972338,0.2112112112112112,0.9401044830518771
rtdetr,val,0.2122122122122122,0.5092577337468476,0.3639626361454995,0.8476374156219865,0.2122122122122122,0.9401044830518771
rtdetr,val,0.2132132132132132,0.5104960246669258,0.36542360618190034,0.8465908453914724,0.2132132132132132,0.9400267087531868
rtdetr,val,0.21421421421421422,0.512030274150352,0.3671068588913348,0.8460118473618956,0.21421421421421422,0.9396603637239552
rtdetr,val,0.21521521521521522,0.5136229598829821,0.3688617407431493,0.8454057032649125,0.21521521521521522,0.9396199182102478
rtdetr,val,0.21621621621621623,0.5149412950583104,0.37038045215563065,0.8445864835576083,0.21621621621621623,0.9394664433544683
rtdetr,val,0.2172172172172172,0.5160917254356434,0.3717549881500045,0.84364237498278,0.2172172172172172,0.9392751039809863
rtdetr,val,0.2182182182182182,0.5175060210384331,0.3733702163317341,0.8428984708637554,0.2182182182182182,0.9391499940807387
rtdetr,val,0.21921921921921922,0.5188708882094069,0.37492914059990046,0.8422096707535474,0.21921921921921922,0.9387899516452411
rtdetr,val,0.22022022022022023,0.5202748856335373,0.37653479079111496,0.8415208706433394,0.22022022022022023,0.9381503566000234
rtdetr,val,0.22122122122122123,0.5215605764214024,0.3780054591803122,0.8409147265463562,0.22122122122122123,0.9379962634283046
rtdetr,val,0.2222222222222222,0.5229762431271412,0.37961808126507257,0.8403085824493732,0.2222222222222222,0.937746806039489
rtdetr,val,0.22322322322322322,0.5241038380124722,0.380971821829857,0.8395095743215318,0.22322322322322322,0.9376299376299376
rtdetr,val,0.22422422422422422,0.5256002701725884,0.3826869934109781,0.8388758782201405,0.22422422422422422,0.9374712114233072
rtdetr,val,0.22522522522522523,0.5268956703489792,0.38420653176817404,0.8381870781099325,0.22522522522522523,0.9367770014889474
rtdetr,val,0.22622622622622623,0.5281060525405578,0.3856526054741824,0.8374431739909078,0.22622622622622623,0.936403008889902
rtdetr,val,0.2272272272272272,0.5296567852216133,0.38738543586811075,0.8370849979335997,0.2272272272272272,0.9361388384754991
rtdetr,val,0.22822822822822822,0.5309307481641691,0.3888688790904158,0.8365339578454333,0.22822822822822822,0.9357787810383748
rtdetr,val,0.22922922922922923,0.5320859292049,0.3902775298629498,0.8357625017220003,0.22922922922922923,0.935617512036726
rtdetr,val,0.23023023023023023,0.533533540727508,0.3919705238547495,0.8351563576250172,0.23023023023023023,0.9355344152210409
rtdetr,val,0.23123123123123124,0.5347970583446049,0.3935054895824106,0.8343931912510774,0.23123123123123124,0.9353616404769866
rtdetr,val,0.23223223223223222,0.5362183332731724,0.39520284723182375,0.8336961013913762,0.23223223223223222,0.9350764458231775
rtdetr,val,0.23323323323323322,0.537618098329804,0.39683157745863146,0.8332277173164347,0.23323323323323322,0.934871398609118
rtdetr,val,0.23423423423423423,0.5390379791288211,0.39854469022967953,0.8325113652018185,0.23423423423423423,0.9343705489207845
rtdetr,val,0.23523523523523523,0.5403756570053878,0.4001553967131412,0.831877669100427,0.23523523523523523,0.9343439851674119
rtdetr,val,0.23623623623623624,0.5415260819616692,0.40157253732000364,0.8312164209946273,0.23623623623623624,0.934197625013618
rtdetr,val,0.23723723723723725,0.5426873069762099,0.403071397582279,0.8302796528447445,0.23723723723723725,0.9336801040312094
rtdetr,val,0.23823823823823823,0.5439353272081602,0.4045873174108656,0.8297010607521698,0.23823823823823823,0.9334052887209929
rtdetr,val,0.23923923923923923,0.5453347967623002,0.40623690554163383,0.8292877806860449,0.23923923923923923,0.9333190164286481
rtdetr,val,0.24024024024024024,0.5464482136131599,0.40764036520445085,0.8285989805758369,0.24024024024024024,0.9323676642879966
rtdetr,val,0.24124124124124124,0.5477999822738037,0.40936199587726463,0.8277173164347706,0.24124124124124124,0.932318825156965
rtdetr,val,0.24224224224224225,0.5489015356636232,0.410742825937191,0.8271111723377875,0.24224224224224225,0.9316239316239316
rtdetr,val,0.24324324324324323,0.5500241137995916,0.4121655530972109,0.8264499242319879,0.24324324324324323,0.9316239316239316
rtdetr,val,0.24424424424424424,0.5515104876717453,0.4139269876752892,0.8260917481746797,0.24424424424424424,0.9308063838723225
rtdetr,val,0.24524524524524524,0.5527556369063384,0.41549870992783405,0.82543050006888,0.24524524524524524,0.9305947527960698
rtdetr,val,0.24624624624624625,0.5538226420412887,0.41688847327197837,0.8247141479542637,0.24624624624624625,0.9305267523849026
rtdetr,val,0.24724724724724725,0.5549374033340763,0.41833036887628994,0.8240253478440557,0.24724724724724725,0.9305267523849026
rtdetr,val,0.24824824824824826,0.556006707857701,0.4197327967794567,0.8233089957294393,0.24824824824824826,0.930258949757557
rtdetr,val,0.24924924924924924,0.5572668478714937,0.4213367495489894,0.822675299628048,0.24924924924924924,0.930161009127269
rtdetr,val,0.2502502502502503,0.5585232483947435,0.42298618501140756,0.8218762915002067,0.2502502502502503,0.9300634855621545
rtdetr,val,0.25125125125125125,0.5599020383412158,0.42471700260166056,0.8213252514120403,0.25125125125125125,0.9298531810766721
rtdetr,val,0.25225225225225223,0.5610979646173235,0.426273001109425,0.8206640033062406,0.25225225225225223,0.9293461733400913
rtdetr,val,0.25325325325325326,0.5621738434354643,0.4276883267787452,0.8200303072048492,0.25325325325325326,0.9292205169628432
rtdetr,val,0.25425425425425424,0.5633819366719325,0.42923180694497404,0.819506819121091,0.25425425425425424,0.9289380976346251
rtdetr,val,0.2552552552552553,0.5645784077366449,0.4307823085093981,0.8189282270285163,0.2552552552552553,0.9285643021051582
rtdetr,val,0.25625625625625625,0.5657595648122303,0.4323435197064705,0.8182669789227166,0.25625625625625625,0.9285643021051582
rtdetr,val,0.25725725725725723,0.5668143494312935,0.4338013382078301,0.8174679707948753,0.25725725725725723,0.9283090060569953
rtdetr,val,0.25825825825825827,0.5681147100131146,0.435482954944966,0.8169169307067089,0.25825825825825827,0.9280710409472126
rtdetr,val,0.25925925925925924,0.5692438410703308,0.43703217033905933,0.8161454745832759,0.25925925925925924,0.92796693564259
rtdetr,val,0.2602602602602603,0.5702538360240864,0.43843074871806337,0.8154291224686596,0.2602602602602603,0.9277804997550221
rtdetr,val,0.26126126126126126,0.571362130773046,0.439918840012909,0.8148229783716765,0.26126126126126126,0.9274398591824761
rtdetr,val,0.26226226226226224,0.5725423600792021,0.4415220477786211,0.8141341782614685,0.26226226226226224,0.9263934744610604
rtdetr,val,0.26326326326326327,0.5736529576515675,0.4431138382447918,0.8132249621159939,0.26326326326326327,0.9260974433188616
rtdetr,val,0.26426426426426425,0.5745983615344732,0.44446534138366445,0.8124810579969692,0.26426426426426425,0.9260974433188616
rtdetr,val,0.2652652652652653,0.5755662844870354,0.4458654282610658,0.811682049869128,0.2652652652652653,0.9257835031724668
rtdetr,val,0.26626626626626626,0.5765839949723314,0.4472889288481026,0.8110208017633282,0.26626626626626626,0.9256388171116853
rtdetr,val,0.26726726726726724,0.5776776597256946,0.4488092123042242,0.8103595536575285,0.26726726726726724,0.9252906422717744
rtdetr,val,0.2682682682682683,0.578716857845906,0.4502351447863853,0.8098085135693621,0.2682682682682683,0.9246107102164831
rtdetr,val,0.26926926926926925,0.5797773418596559,0.4517260336968732,0.8091472654635625,0.26926926926926925,0.9239130434782609
rtdetr,val,0.2702702702702703,0.5807097327165789,0.4530789954532349,0.8084461223191665,0.2702702702702703,0.9235183443085607
rtdetr,val,0.27127127127127126,0.5817440930382624,0.4545360407794988,0.8078247692519631,0.27127127127127126,0.923401462591412
rtdetr,val,0.27227227227227224,0.5827013249229824,0.455972135184947,0.8069894009105558,0.27227227227227224,0.9231702763256161
rtdetr,val,0.2732732732732733,0.5837779717312531,0.45746633524419295,0.806447169031547,0.2732732732732733,0.9225332465358504
rtdetr,val,0.27427427427427425,0.5846267375188996,0.458750429939986,0.8057032649125224,0.27427427427427425,0.9220298175757015
rtdetr,val,0.2752752752752753,0.5858310458922683,0.4604693158023284,0.804986912797906,0.2752752752752753,0.9220276497695853
rtdetr,val,0.27627627627627627,0.586823152972028,0.4618687565441462,0.804463424714148,0.27627627627627627,0.9217758985200846
rtdetr,val,0.2772772772772773,0.5880032607813394,0.46360462721494383,0.8036445039887662,0.2772772772772773,0.9215847744532895
rtdetr,val,0.2782782782782783,0.5890150066948934,0.4650693707410045,0.8030307204849153,0.2782782782782783,0.9213299418604651
rtdetr,val,0.27927927927927926,0.58975454802654,0.46633610521863467,0.8020112963218075,0.27927927927927926,0.9213299418604651
rtdetr,val,0.2802802802802803,0.5906503993776671,0.46771984215936435,0.8012398401983745,0.2802802802802803,0.9209693462338366
rtdetr,val,0.28128128128128127,0.5918001725356631,0.4693525796622269,0.800688800110208,0.28128128128128127,0.9205662248670093
rtdetr,val,0.2822822822822823,0.5927852618408999,0.4708026594846749,0.8000826560132249,0.2822822822822823,0.9204310731926358
rtdetr,val,0.2832832832832833,0.5937862239524885,0.4722395228786242,0.7995867199338752,0.2832832832832833,0.9201861130994989
rtdetr,val,0.28428428428428426,0.5947388003546799,0.47369719586959186,0.7988703678192588,0.28428428428428426,0.9198609377785701
rtdetr,val,0.2852852852852853,0.5955404563272952,0.4749781901780379,0.7981264637002342,0.2852852852852853,0.9193820474118796
rtdetr,val,0.2862862862862863,0.5962400996580888,0.4762320366006154,0.7971070395371264,0.2862862862862863,0.9190097259062776
rtdetr,val,0.2872872872872873,0.5969921439876276,0.4775187592668469,0.7961978233916518,0.2872872872872873,0.9183673469387755
rtdetr,val,0.2882882882882883,0.5978912688361305,0.4789795557964068,0.7953437112549938,0.2882882882882883,0.918054338299737
rtdetr,val,0.28928928928928926,0.5989364445494673,0.4806043274179593,0.7945722551315608,0.28928928928928926,0.9175185670598515
rtdetr,val,0.2902902902902903,0.5997469714391505,0.48200399650893744,0.7936079349772696,0.2902902902902903,0.9174399444974417
rtdetr,val,0.2912912912912913,0.6004312485935995,0.48321461805092897,0.7927288300962362,0.2912912912912913,0.9174399444974417
rtdetr,val,0.2922922922922923,0.601261444333481,0.48454930158282655,0.7920374707259953,0.2922922922922923,0.9167599208057158
rtdetr,val,0.2932932932932933,0.6022894928053866,0.4860936528522913,0.7914864306378289,0.2932932932932933,0.9167599208057158
rtdetr,val,0.29429429429429427,0.6031589842601182,0.48752018412418535,0.7907149745143959,0.29429429429429427,0.9165236787920384
rtdetr,val,0.2952952952952953,0.603844737710629,0.48877493841893244,0.789778206364513,0.2952952952952953,0.9158479282357966
rtdetr,val,0.2962962962962963,0.6047946555254377,0.4903183576768068,0.78900675024108,0.2962962962962963,0.9155540437112
rtdetr,val,0.2972972972972973,0.6055288572450299,0.4916052255476929,0.7881801901088304,0.2972972972972973,0.9146610169491526
rtdetr,val,0.2982982982982983,0.6063113229467025,0.49290700474752375,0.7874913899986224,0.2982982982982983,0.9142109262855695
rtdetr,val,0.29929929929929927,0.607129300694775,0.49433669546803327,0.7866097258575562,0.29929929929929927,0.9138148490708821
rtdetr,val,0.3003003003003003,0.6078856264707316,0.4956563769862767,0.7858139542750127,0.3003003003003003,0.9133640552995391
rtdetr,val,0.3013013013013013,0.608694630220739,0.49709145298340024,0.7849185492711112,0.3013013013013013,0.9130289625239963
rtdetr,val,0.3023023023023023,0.6094376471831722,0.4984235829372893,0.7840749414519906,0.3023023023023023,0.9129061746862794
rtdetr,val,0.3033033033033033,0.6102301767437708,0.49979822527915474,0.7833034853285576,0.3033033033033033,0.9123532330081032
rtdetr,val,0.30430430430430433,0.6111178043948078,0.5012045760392316,0.7827799972447995,0.30430430430430433,0.9120171673819742
rtdetr,val,0.3053053053053053,0.6120875563423771,0.5027378339518677,0.7822289571566331,0.3053053053053053,0.9116099325768788
rtdetr,val,0.3063063063063063,0.6126537401230632,0.5038567118209941,0.7813748450199752,0.3063063063063063,0.9111766633890528
rtdetr,val,0.3073073073073073,0.6133799607648067,0.505173946035486,0.780575836892134,0.3073073073073073,0.9109371176902373
rtdetr,val,0.3083083083083083,0.6139887169529099,0.5063346800328459,0.7797814765092168,0.3083083083083083,0.9108072916666666
rtdetr,val,0.30930930930930933,0.6148004676805112,0.507804306056615,0.7789221082212593,0.30930930930930933,0.9106389879987026
rtdetr,val,0.3103103103103103,0.6154510706084748,0.5090101466922083,0.77817881250861,0.3103103103103103,0.910601904147168
rtdetr,val,0.3113113113113113,0.6161823644597195,0.5103432711092416,0.777407356385177,0.3113113113113113,0.9105560032232071
rtdetr,val,0.3123123123123123,0.6167631312699214,0.511522403291709,0.7765256922441107,0.3123123123123123,0.9100440176070428
rtdetr,val,0.3133133133133133,0.6173358256003008,0.512731342040204,0.7755613720898196,0.3133133133133133,0.9100215948172439
rtdetr,val,0.31431431431431434,0.6183084080452179,0.5143048155835198,0.7750378840060614,0.31431431431431434,0.909931452255699
rtdetr,val,0.3153153153153153,0.6188988179066919,0.5155736363813364,0.7740184598429536,0.3153153153153153,0.9095605181594214
rtdetr,val,0.3163163163163163,0.6194946695083009,0.5168559351016079,0.7729990356798457,0.3163163163163163,0.9089541603990183
rtdetr,val,0.3173173173173173,0.6201851568280541,0.5181522892944054,0.772255131560821,0.3173173173173173,0.9082879899061588
rtdetr,val,0.3183183183183183,0.6207761487427337,0.5193143797855966,0.7715112274417963,0.3183183183183183,0.9073346945186116
rtdetr,val,0.31931931931931934,0.6212183281280435,0.5203850173557651,0.7705193552830969,0.31931931931931934,0.9066062783070435
rtdetr,val,0.3203203203203203,0.6218436121216391,0.5216533013736363,0.7696684653611687,0.3203203203203203,0.9060941396508728
rtdetr,val,0.3213213213213213,0.6225578810009832,0.5230682222786146,0.7687835790053726,0.3213213213213213,0.9057043073341094
rtdetr,val,0.32232232232232233,0.6233791079323158,0.5246008820565367,0.7679845708775314,0.32232232232232233,0.9052998065764023
rtdetr,val,0.3233233233233233,0.6240079520369103,0.5259316799834105,0.7670478027276484,0.3233233233233233,0.9049672699268386
rtdetr,val,0.32432432432432434,0.6247157321620637,0.5272896630601482,0.7663038986086238,0.32432432432432434,0.904794836330106
rtdetr,val,0.3253253253253253,0.6254875093494904,0.5287445238345458,0.7655599944895991,0.3253253253253253,0.9043424982767864
rtdetr,val,0.3263263263263263,0.6260225311363357,0.5299454566675827,0.7646507783441245,0.3263263263263263,0.9035161314926398
rtdetr,val,0.32732732732732733,0.6265053841329316,0.5311730243298991,0.7635422454444717,0.32732732732732733,0.903122863004331
rtdetr,val,0.3283283283283283,0.6270684123350687,0.5324220788383783,0.7626394820223171,0.3283283283283283,0.9029545454545455
rtdetr,val,0.32932932932932935,0.6276468390041544,0.5336614695077261,0.7618129218900676,0.32932932932932935,0.9026855763427881
rtdetr,val,0.3303303303303303,0.6280469153509172,0.5347018441748138,0.7608761537401846,0.3303303303303303,0.9022793951703905
rtdetr,val,0.3313313313313313,0.6287180721749503,0.5360311623131138,0.7601598016255683,0.3313313313313313,0.9016344279502174
rtdetr,val,0.33233233233233234,0.6292721773816642,0.5372778036956198,0.759278137484502,0.33233233233233234,0.9008289149428721
rtdetr,val,0.3333333333333333,0.6300168188618473,0.5386556495257133,0.7586995453919273,0.3333333333333333,0.9002677376171352
rtdetr,val,0.33433433433433435,0.6306595692016262,0.5399170296586097,0.7580658492905359,0.33433433433433435,0.8996886120996441
rtdetr,val,0.3353353353353353,0.6312320885860899,0.5412485754521805,0.7571015291362446,0.3353353353353353,0.899291199054932
rtdetr,val,0.3363363363363363,0.631679679400302,0.542337678805787,0.7562626037128911,0.3363363363363363,0.8989690721649485
rtdetr,val,0.33733733733733734,0.6323583858545286,0.5438029208842035,0.7553657528585205,0.33733733733733734,0.8986645142353977
rtdetr,val,0.3383383383383383,0.6328402423829825,0.5450038358927777,0.7544289847086375,0.3383383383383383,0.8982604882327145
rtdetr,val,0.33933933933933935,0.6333471707862897,0.5461684583577472,0.7536426487552578,0.33933933933933935,0.8978937395233584
rtdetr,val,0.34034034034034033,0.6338602187885761,0.5474183211815056,0.7527211351557448,0.34034034034034033,0.8970449430044289
rtdetr,val,0.34134134134134136,0.6345020338787601,0.5489042595758677,0.7517288882766221,0.34134134134134136,0.8965592019661703
rtdetr,val,0.34234234234234234,0.6351145388754751,0.5502203316923746,0.7509849841575975,0.34234234234234234,0.8961665946101743
rtdetr,val,0.3433433433433433,0.6355343716886752,0.5513112776073665,0.7501308720209395,0.3433433433433433,0.8959201264186181
rtdetr,val,0.34434434434434436,0.636017649023737,0.5525324868704878,0.749221655875465,0.34434434434434436,0.8954646413985814
rtdetr,val,0.34534534534534533,0.6364245144905967,0.5536737140302952,0.7482573357211737,0.34534534534534533,0.8947405980161279
rtdetr,val,0.34634634634634637,0.6369910668365751,0.5550474992048893,0.7473205675712908,0.34634634634634637,0.8941268486916951
rtdetr,val,0.34734734734734735,0.6374380756977449,0.5561234407198232,0.7466042154566744,0.34734734734734735,0.8938040550120516
rtdetr,val,0.3483483483483483,0.6379351640643396,0.5573721132278592,0.7457225513156082,0.3483483483483483,0.8936696340257171
rtdetr,val,0.34934934934934936,0.6386931676143339,0.558917443348495,0.7450337512054002,0.34934934934934936,0.8928270042194093
rtdetr,val,0.35035035035035034,0.6390988130691138,0.560052950798305,0.7441245350599256,0.35035035035035034,0.8926545760100834
rtdetr,val,0.35135135135135137,0.6395237607511709,0.5612075707952643,0.7432428709188593,0.35135135135135137,0.8926446917209042
rtdetr,val,0.35235235235235235,0.6398134468549463,0.5621848013419701,0.7423151913129538,0.35235235235235235,0.8922368696379995
rtdetr,val,0.3533533533533533,0.6405360697427475,0.5637359558138546,0.7415621986499518,0.3533533533533533,0.8919407551630624
rtdetr,val,0.35435435435435436,0.6411991354342947,0.5651648754742469,0.740872106627311,0.35435435435435436,0.8917382866648184
rtdetr,val,0.35535535535535534,0.6416410774500575,0.5664472839664189,0.7398539707996474,0.35535535535535534,0.8914846557920929
rtdetr,val,0.3563563563563564,0.641998737889298,0.5674914309520677,0.7390274142443862,0.3563563563563564,0.890915347556779
rtdetr,val,0.35735735735735735,0.6425982881312194,0.5688862717905233,0.7382559581209533,0.35735735735735735,0.8904448105436573
rtdetr,val,0.35835835835835833,0.6429902888716293,0.5702174906950149,0.7370554246049801,0.35835835835835833,0.8897094017094017
rtdetr,val,0.35935935935935936,0.6433993662434411,0.5714647560208671,0.7360517977682877,0.35935935935935936,0.8894116042817208
rtdetr,val,0.36036036036036034,0.6438910152807722,0.5726835675600391,0.7353207643646319,0.36036036036036034,0.8883837698466549
rtdetr,val,0.3613613613613614,0.643938541235555,0.5736052397557739,0.733930293428847,0.3613613613613614,0.8881516587677725
rtdetr,val,0.36236236236236236,0.6444631296908361,0.5748440060808787,0.7332690453230473,0.36236236236236236,0.8877131495585361
rtdetr,val,0.36336336336336333,0.6449414581347931,0.5761500333084709,0.732387381181981,0.36336336336336333,0.887438605934199
rtdetr,val,0.36436436436436437,0.6452689963199696,0.5772894594614613,0.7313955090232814,0.36436436436436437,0.8873163860755249
rtdetr,val,0.36536536536536535,0.6453391835927196,0.5781941644233808,0.7301281168204987,0.36536536536536535,0.886831550802139
rtdetr,val,0.3663663663663664,0.6457893864374574,0.5794380547622187,0.729301556688249,0.3663663663663664,0.8863560621209091
rtdetr,val,0.36736736736736736,0.6460702697898261,0.5806119190724751,0.7281636433114138,0.36736736736736736,0.8855245683930942
rtdetr,val,0.3683683683683684,0.6464592542722184,0.5817453433171214,0.7273729163796666,0.3683683683683684,0.8850787766450418
rtdetr,val,0.36936936936936937,0.6467747654406282,0.582929184710345,0.7263259402121505,0.36936936936936937,0.8847041751863334
rtdetr,val,0.37037037037037035,0.6471882277740473,0.5842517715015494,0.7253208519412087,0.37037037037037035,0.8842333749917779
rtdetr,val,0.3713713713713714,0.6474565830991579,0.5855248713432007,0.7240391238462598,0.3713713713713714,0.8832317672498525
rtdetr,val,0.37237237237237236,0.647683176769747,0.586510457840348,0.7231023556963769,0.37237237237237236,0.8828293383841682
rtdetr,val,0.3733733733733734,0.6480643097586731,0.5877548889696548,0.722165587546494,0.3733733733733734,0.8821193777257046
rtdetr,val,0.3743743743743744,0.6484173141618603,0.5888488821554215,0.7213941314230611,0.3743743743743744,0.8817881009537404
rtdetr,val,0.37537537537537535,0.6486517062342075,0.5899174787456872,0.7203747072599531,0.37537537537537535,0.8811401240951396
rtdetr,val,0.3763763763763764,0.6488524635118412,0.5910102148439871,0.719245075079212,0.3763763763763764,0.8803479381443299
rtdetr,val,0.37737737737737737,0.6492261444201323,0.59219100591592,0.7184185149469624,0.37737737737737737,0.8798740926318495
rtdetr,val,0.3783783783783784,0.6494633091047999,0.5931681531284001,0.7175644028103044,0.3783783783783784,0.879296
rtdetr,val,0.3793793793793794,0.6499377401521386,0.5945655705906419,0.7166827386692382,0.3793793793793794,0.8790296840089371
rtdetr,val,0.38038038038038036,0.6503477902865777,0.5957282432737352,0.7159939385590302,0.38038038038038036,0.8780596350689809
rtdetr,val,0.3813813813813814,0.6506123897145842,0.5968618569522218,0.7150020664003306,0.3813813813813814,0.8775587806578363
rtdetr,val,0.38238238238238237,0.6509304759156677,0.5980336756271328,0.714092850254856,0.38238238238238237,0.8767530006317119
rtdetr,val,0.3833833833833834,0.651389076328964,0.59942969961244,0.7132111861137898,0.3833833833833834,0.8759284904947753
rtdetr,val,0.3843843843843844,0.6516606324604102,0.6004170846338349,0.7124672819947652,0.3843843843843844,0.8754470728493443
rtdetr,val,0.38538538538538536,0.6521628783259018,0.6018603134831292,0.7116407218625155,0.38538538538538536,0.8744843105388174
rtdetr,val,0.3863863863863864,0.6523101019826352,0.6029420209201083,0.710483537677366,0.3863863863863864,0.8736061795303058
rtdetr,val,0.38738738738738737,0.6526904526964109,0.6042700120279848,0.7095467695274831,0.38738738738738737,0.8728366726629861
rtdetr,val,0.3883883883883884,0.6529209756782373,0.6054679695577008,0.7084446893511503,0.3883883883883884,0.8725756639901173
rtdetr,val,0.3893893893893894,0.6532362346332974,0.6065760291909225,0.7076732332277174,0.3893893893893894,0.8722787542399013
rtdetr,val,0.39039039039039036,0.6534235085804058,0.6075959803591328,0.7067280047050175,0.39039039039039036,0.8719178503351165
rtdetr,val,0.3913913913913914,0.6533945508319533,0.608522232321226,0.7054114635994806,0.3913913913913914,0.8715573820769184
rtdetr,val,0.3923923923923924,0.6536454093074096,0.6096967837039576,0.7044220967075355,0.3923923923923924,0.8707054652157965
rtdetr,val,0.3933933933933934,0.6537597520778039,0.6107133301172802,0.7033346308392364,0.3933933933933934,0.8698909666808796
rtdetr,val,0.3943943943943944,0.6540802980087335,0.6117844442303463,0.702658768425403,0.3943943943943944,0.8688395241563486
rtdetr,val,0.39539539539539537,0.654362587719652,0.6130757375810917,0.7016117922578867,0.39539539539539537,0.8679039961308265
rtdetr,val,0.3963963963963964,0.654395754941575,0.6140941707187924,0.7003586799662133,0.3963963963963964,0.8672609009877138
rtdetr,val,0.3973973973973974,0.6544451979708115,0.6151703192048129,0.6990770078523213,0.3973973973973974,0.8670433371401094
rtdetr,val,0.3983983983983984,0.6547225548972797,0.6164104975196284,0.69811268769803,0.3983983983983984,0.8663950632077168
rtdetr,val,0.3993993993993994,0.6548145890681084,0.6173926745102272,0.6970657115305139,0.3993993993993994,0.8658391024110766
rtdetr,val,0.40040040040040037,0.6549347517418181,0.618539373251119,0.695880975340956,0.40040040040040037,0.8653685840181017
rtdetr,val,0.4014014014014014,0.6551541440877146,0.6195643068789347,0.6950819672131148,0.4014014014014014,0.86463711352442
rtdetr,val,0.4024024024024024,0.655418505805763,0.6207185402931722,0.6942278550764568,0.4024024024024024,0.8636981846135652
rtdetr,val,0.4034034034034034,0.6556849408027134,0.6218821148138904,0.6933737429397989,0.4034034034034034,0.8631113730111962
rtdetr,val,0.4044044044044044,0.6559595668391768,0.6232000249398588,0.692354318776691,0.4044044044044044,0.8627681457537467
rtdetr,val,0.40540540540540543,0.6561820475561563,0.6244535887370718,0.6913073426091748,0.40540540540540543,0.8621032907834641
rtdetr,val,0.4064064064064064,0.6564101180923648,0.6256341520967379,0.690370574459292,0.4064064064064064,0.8617307018568259
rtdetr,val,0.4074074074074074,0.6565514784356885,0.6265037266877648,0.6896266703402673,0.4074074074074074,0.8608604529312452
rtdetr,val,0.4084084084084084,0.6565554229746494,0.6273546549083476,0.6886072461771594,0.4084084084084084,0.8602668213457076
rtdetr,val,0.4094094094094094,0.6566040713388197,0.6284533890578119,0.6873949579831933,0.4094094094094094,0.860011574074074
rtdetr,val,0.41041041041041043,0.6567212178197755,0.6295231638249307,0.6863755338200854,0.41041041041041043,0.8595580174254227
rtdetr,val,0.4114114114114114,0.6567421183725172,0.6304640440451582,0.6853060358838108,0.4114114114114114,0.8593543189273177
rtdetr,val,0.4124124124124124,0.6570054804160138,0.63165618952732,0.6844744455159113,0.4124124124124124,0.8586588653702748
rtdetr,val,0.4134134134134134,0.657048253776524,0.6326769738031329,0.6833723653395785,0.4134134134134134,0.8581803625550409
rtdetr,val,0.4144144144144144,0.6573321832435445,0.6338912460188119,0.6825733572117372,0.4144144144144144,0.8574360143647038
rtdetr,val,0.41541541541541543,0.6573866634808406,0.6348028949335315,0.6816365890618542,0.41541541541541543,0.8569479965899404
rtdetr,val,0.4164164164164164,0.6577445765978742,0.635974420351143,0.6810579969692795,0.4164164164164164,0.8560747663551402
rtdetr,val,0.4174174174174174,0.6576575000005564,0.636920200277037,0.6797906047664968,0.4174174174174174,0.8556747600225861
rtdetr,val,0.4184184184184184,0.6580202978895209,0.6382325940978874,0.6790742526518804,0.4184184184184184,0.8549394877568253
rtdetr,val,0.4194194194194194,0.65812633430582,0.639458342809253,0.6779170684667309,0.4194194194194194,0.8546485515382888
rtdetr,val,0.42042042042042044,0.6581577658884357,0.6403782416505323,0.6769527483124397,0.42042042042042044,0.8537540561709746
rtdetr,val,0.4214214214214214,0.6583896860288608,0.6416592030543183,0.6760159801625568,0.4214214214214214,0.8530002230649119
rtdetr,val,0.4224224224224224,0.6582962407753761,0.6425521536280066,0.674831243972999,0.4224224224224224,0.8526157780619337
rtdetr,val,0.42342342342342343,0.6582954540969514,0.6436284517408689,0.6736465077834413,0.42342342342342343,0.8521290751829674
rtdetr,val,0.4244244244244244,0.6582735286688053,0.6443933343291666,0.672764843642375,0.4244244244244244,0.851655336317913
rtdetr,val,0.42542542542542544,0.6583347662405888,0.6455763268032352,0.6716076594572256,0.42542542542542544,0.8514474772539289
rtdetr,val,0.4264264264264264,0.658246001681721,0.646503529123058,0.6704229232676677,0.4264264264264264,0.8509784520668425
rtdetr,val,0.4274274274274274,0.6585261855299028,0.6479709004753418,0.6694310511089682,0.4274274274274274,0.8507429950101442
rtdetr,val,0.42842842842842843,0.6582998982825113,0.6487491024973298,0.668136106901777,0.42842842842842843,0.8503007107709131
rtdetr,val,0.4294294294294294,0.6585561627066466,0.6500033076377765,0.6673370987739358,0.4294294294294294,0.8491665758797254
rtdetr,val,0.43043043043043044,0.658761079430362,0.6512160556944996,0.6664829866372779,0.43043043043043044,0.8486609810418817
rtdetr,val,0.4314314314314314,0.6587297378061219,0.6520404985669149,0.6655576485701851,0.4314314314314314,0.8476025543890031
rtdetr,val,0.43243243243243246,0.6586167462491129,0.652907282980355,0.6644269452429443,0.43243243243243246,0.8468798878161912
rtdetr,val,0.43343343343343343,0.6588801743808076,0.6541831553264328,0.6636451301832208,0.43343343343343343,0.8465429109496906
rtdetr,val,0.4344344344344344,0.6589398452166692,0.6552026526221206,0.6627199153215255,0.4344344344344344,0.84587736709404
rtdetr,val,0.43543543543543545,0.6589730312078452,0.6563749039909873,0.6615918084853196,0.43543543543543545,0.8454214805305947
rtdetr,val,0.4364364364364364,0.659115713966929,0.6575440343883456,0.6606949248894163,0.4364364364364364,0.8451771233461375
rtdetr,val,0.43743743743743746,0.6592784127912347,0.6586324841776512,0.6599256095880975,0.43743743743743746,0.8444479897894065
rtdetr,val,0.43843843843843844,0.6593654318064283,0.6599128705187893,0.6588189006100513,0.43843843843843844,0.8437599406213551
rtdetr,val,0.4394394394394394,0.6594726237622415,0.6611217975536064,0.6578316572530651,0.4394394394394394,0.8432015225206174
rtdetr,val,0.44044044044044045,0.6596451566344584,0.6625306574700806,0.656784681085549,0.44044044044044045,0.8427841836466067
rtdetr,val,0.44144144144144143,0.6599305321177192,0.6639513494058389,0.6559581209532993,0.44144144144144143,0.842429022082019
rtdetr,val,0.44244244244244246,0.6599488312030478,0.6649794027207045,0.6549938007990082,0.44244244244244246,0.8415426535317544
rtdetr,val,0.44344344344344344,0.6599283292940569,0.6662204374259636,0.6537539606006337,0.44344344344344344,0.8405744125326371
rtdetr,val,0.4444444444444444,0.6601722276279466,0.6674932494779688,0.653010056481609,0.4444444444444444,0.8399021190191076
rtdetr,val,0.44544544544544545,0.6601946338274743,0.6686367051434572,0.6519630803140929,0.44544544544544545,0.839372858477832
rtdetr,val,0.44644644644644643,0.6605628953814286,0.6701528628362495,0.6512435228389369,0.44644644644644643,0.8386295414553359
rtdetr,val,0.44744744744744747,0.6604456912623125,0.6711665012511026,0.6500619920099188,0.44744744744744747,0.8380190869228785
rtdetr,val,0.44844844844844844,0.6604369073440489,0.6721498183817042,0.6491252238600358,0.44844844844844844,0.8373803889289021
rtdetr,val,0.4494494494494494,0.6606248395442681,0.6734374647497612,0.648290650311489,0.4494494494494494,0.8365295867090555
rtdetr,val,0.45045045045045046,0.6605403687051917,0.6742665450609739,0.6473618955779032,0.45045045045045046,0.8362827332242226
rtdetr,val,0.45145145145145144,0.6602355081508744,0.6749687452753742,0.6461317263033088,0.45145145145145144,0.8353810859036451
rtdetr,val,0.45245245245245247,0.6602403001771558,0.6760710442824606,0.6451339723492295,0.45245245245245247,0.8347481319575052
rtdetr,val,0.45345345345345345,0.6603302215808384,0.6772657879526004,0.6442209670753547,0.45345345345345345,0.8341947907165298
rtdetr,val,0.4544544544544544,0.660369751210746,0.678295538353704,0.6433670436487401,0.4544544544544544,0.8337966941313248
rtdetr,val,0.45545545545545546,0.6604285537462492,0.6793105547628842,0.6425678468108554,0.45545545545545546,0.8330561854371378
rtdetr,val,0.45645645645645644,0.6603078581008962,0.680290363672889,0.6414657666345227,0.45645645645645644,0.8322700557592807
rtdetr,val,0.4574574574574575,0.6605306736463626,0.6815410452786556,0.6407769665243146,0.4574574574574575,0.8317139136532105
rtdetr,val,0.45845845845845845,0.6606390479677627,0.6828456471774027,0.6398313040939779,0.45845845845845845,0.8309781794577321
rtdetr,val,0.45945945945945943,0.6605641853820134,0.6837136599182649,0.6389309822289572,0.45945945945945943,0.8301313955803304
rtdetr,val,0.46046046046046046,0.6605868540617579,0.6848383373197013,0.6379942140790743,0.46046046046046046,0.8295527870154366
rtdetr,val,0.46146146146146144,0.6605040977153929,0.6858383852291049,0.6369747899159663,0.46146146146146144,0.8288301662707839
rtdetr,val,0.4624624624624625,0.6605378156728793,0.6868990462274412,0.6361251430261993,0.4624624624624625,0.8283909804115064
rtdetr,val,0.46346346346346345,0.660356206935677,0.687620664236362,0.6351713862353529,0.46346346346346345,0.8278390080692777
rtdetr,val,0.46446446446446443,0.6603081847347254,0.6883754887541146,0.6344400055104009,0.46446446446446443,0.8272646972224948
rtdetr,val,0.46546546546546547,0.6603276727559093,0.6893610770894382,0.6336409973825596,0.46546546546546547,0.8266738396830831
rtdetr,val,0.46646646646646645,0.6604897901604138,0.6905325060388271,0.6329521972723515,0.46646646646646645,0.8262503049524275
rtdetr,val,0.4674674674674675,0.660341088389539,0.6913771409769677,0.631971754983849,0.4674674674674675,0.8255666893666699
rtdetr,val,0.46846846846846846,0.6600417771277919,0.6922553860378872,0.6306929329108693,0.46846846846846846,0.8247162673392182
rtdetr,val,0.4694694694694695,0.6597608512945925,0.6929678773680384,0.6295908527345364,0.4694694694694695,0.8233872916163324
rtdetr,val,0.47047047047047047,0.6596068076487823,0.693792466881504,0.6286318473512439,0.47047047047047047,0.8224983145526341
rtdetr,val,0.47147147147147145,0.6596871185834483,0.6951902316836632,0.6276340739662835,0.47147147147147145,0.8216205837173579
rtdetr,val,0.4724724724724725,0.6595162426286322,0.6960637043663368,0.6266152362584378,0.4724724724724725,0.8206293037490436
rtdetr,val,0.47347347347347346,0.6591483808189857,0.6969571116106374,0.6252306858963993,0.47347347347347346,0.8200906704843712
rtdetr,val,0.4744744744744745,0.6591528615319179,0.697853416938711,0.6245191716774885,0.4744744744744745,0.8185012821730459
rtdetr,val,0.4754754754754755,0.658858282472116,0.6986285912104027,0.6233720469014586,0.4754754754754755,0.8181171786120591
rtdetr,val,0.47647647647647645,0.6588359047368898,0.6997336900102091,0.6224548835927813,0.47647647647647645,0.8175672481444712
rtdetr,val,0.4774774774774775,0.6585163195434264,0.7005864379992468,0.6212125896732935,0.4774774774774775,0.8165591296566665
rtdetr,val,0.47847847847847846,0.6582277086301968,0.7016577110255805,0.6198606406359267,0.47847847847847846,0.816310223266745
rtdetr,val,0.4794794794794795,0.658057410825586,0.7028282941557674,0.6186488447759166,0.4794794794794795,0.8153579460269865
rtdetr,val,0.4804804804804805,0.6579674650055515,0.7041167422845528,0.6174955227992837,0.4804804804804805,0.8146471247199403
rtdetr,val,0.48148148148148145,0.658090153399316,0.7052480619979641,0.6168435969969699,0.48148148148148145,0.8142005218039507
rtdetr,val,0.4824824824824825,0.6579283902149351,0.7062972504115698,0.6157597465215594,0.4824824824824825,0.8131209954499025
rtdetr,val,0.48348348348348347,0.6577479072010759,0.7073352602932474,0.6146576663452266,0.48348348348348347,0.8125289378646171
rtdetr,val,0.4844844844844845,0.6574489210137127,0.7082441639324195,0.613452157014234,0.4844844844844845,0.8121998522349464
rtdetr,val,0.4854854854854855,0.6572060411399409,0.708977445116555,0.6124810579969693,0.4854854854854855,0.8116969836518536
rtdetr,val,0.48648648648648646,0.6570492160827763,0.710204998386414,0.6112963218074114,0.48648648648648646,0.8106297044244538
rtdetr,val,0.4874874874874875,0.6569241047403602,0.7112925584859531,0.6102768976443036,0.4874874874874875,0.8102390328784688
rtdetr,val,0.48848848848848847,0.6569651073814583,0.7124022093322657,0.609532993525279,0.48848848848848847,0.8091826023458537
rtdetr,val,0.4894894894894895,0.6567089025741792,0.7134224183310437,0.6083482573357212,0.4894894894894895,0.8089601165543617
rtdetr,val,0.4904904904904905,0.6565419948030993,0.7144341289160324,0.6073288331726133,0.4904904904904905,0.8079662477884135
rtdetr,val,0.49149149149149146,0.6564460649004543,0.7155451924199919,0.6063645130183221,0.49149149149149146,0.8074677528852682
rtdetr,val,0.4924924924924925,0.6562384654006158,0.7166147108134295,0.6052453176440556,0.4924924924924925,0.8067048684744845
rtdetr,val,0.4934934934934935,0.6559803500607928,0.7174460361165893,0.6042154566744731,0.4934934934934935,0.8060930609306093
rtdetr,val,0.4944944944944945,0.6555944815568991,0.7184314314528197,0.6028654084584654,0.4944944944944945,0.8054658050619279
rtdetr,val,0.4954954954954955,0.6554866817383481,0.719350477248058,0.60203787614588,0.4954954954954955,0.8046162104133119
rtdetr,val,0.4964964964964965,0.6553214042653275,0.7200938989076426,0.6012398401983744,0.4964964964964965,0.8043827546192984
rtdetr,val,0.4974974974974975,0.6550674392993566,0.72114500626449,0.600082656013225,0.4974974974974975,0.8034705228031146
rtdetr,val,0.4984984984984985,0.6550553994743025,0.7223530983658897,0.599228543876567,0.4984984984984985,0.8030087867222864
rtdetr,val,0.4994994994994995,0.6550566636253785,0.7234986063052578,0.5984446481383896,0.4994994994994995,0.802638569151762
rtdetr,val,0.5005005005005005,0.6548475071400789,0.7244637223403829,0.5974376635900261,0.5005005005005005,0.8021633554083886
rtdetr,val,0.5015015015015015,0.6546578294714281,0.7254281044229175,0.5964684186524295,0.5015015015015015,0.8013559918992692
rtdetr,val,0.5025025025025025,0.6543809459960446,0.726333932579835,0.5953988152638104,0.5025025025025025,0.8004564005792777
rtdetr,val,0.5035035035035035,0.6538713660679707,0.7269267916994624,0.594158975065436,0.5035035035035035,0.7998862244004901
rtdetr,val,0.5045045045045045,0.6535866783995976,0.7279636806888924,0.5929991762239152,0.5045045045045045,0.7992230806162979
rtdetr,val,0.5055055055055055,0.6535147592922919,0.7291137251499347,0.5921201267392203,0.5055055055055055,0.7985724233983287
rtdetr,val,0.5065065065065065,0.6530090707709847,0.7296897627045612,0.5909120692035208,0.5065065065065065,0.7977435452375786
rtdetr,val,0.5075075075075075,0.6527389074368958,0.7307909540418511,0.5897506543601047,0.5075075075075075,0.7972130863770123
rtdetr,val,0.5085085085085085,0.6526428220317395,0.7318224591579708,0.5889240942278551,0.5085085085085085,0.7967111226207433
rtdetr,val,0.5095095095095095,0.6525604113285807,0.7330233078478495,0.5880148780823805,0.5095095095095095,0.7957498064183085
rtdetr,val,0.5105105105105106,0.6521468414289104,0.7336922213856224,0.5869148625747374,0.5105105105105106,0.7949972111382846
rtdetr,val,0.5115115115115115,0.6517498848892254,0.7343301014058419,0.5858654843277173,0.5115115115115115,0.7942422038756042
rtdetr,val,0.5125125125125125,0.6513915610867815,0.7351150715730661,0.5847889493019677,0.5125125125125125,0.7937212079849855
rtdetr,val,0.5135135135135135,0.6510319608354578,0.7361159288866665,0.583578977995848,0.5135135135135135,0.7931401336227073
rtdetr,val,0.5145145145145145,0.6507053557186698,0.7368619558225703,0.5825871332139413,0.5145145145145145,0.7925897631779985
rtdetr,val,0.5155155155155156,0.6503394135617947,0.7377789249743744,0.5814299490287919,0.5155155155155156,0.7923018292682927
rtdetr,val,0.5165165165165165,0.650303501585818,0.7388428500250186,0.5807135969141755,0.5165165165165165,0.7917405624524956
rtdetr,val,0.5175175175175175,0.649804048737412,0.7393779164784072,0.5795883099849123,0.5175175175175175,0.7913457086332449
rtdetr,val,0.5185185185185185,0.6496323211338926,0.7404236804382807,0.5786747485879598,0.5185185185185185,0.7912549926424217
rtdetr,val,0.5195195195195195,0.649326631109933,0.7414912179797982,0.5775405050472225,0.5195195195195195,0.7903847765948528
rtdetr,val,0.5205205205205206,0.6491467780028939,0.742745419856219,0.5764981402397025,0.5205205205205206,0.7894868794918937
rtdetr,val,0.5215215215215215,0.6487296619276651,0.7436242125663272,0.5753134040501446,0.5215215215215215,0.7883798417326114
rtdetr,val,0.5225225225225225,0.64846683031405,0.7446412391560271,0.5742937173283691,0.5225225225225225,0.7877227229305976
rtdetr,val,0.5235235235235235,0.6482553109956775,0.7453822618539361,0.5735225237636038,0.5235235235235235,0.7869565217391304
rtdetr,val,0.5245245245245245,0.6478985978348987,0.7459771943795077,0.5726133076181292,0.5245245245245245,0.786020972669474
rtdetr,val,0.5255255255255256,0.6478481192486399,0.7471936837546603,0.5718199406932367,0.5255255255255256,0.7851440329218107
rtdetr,val,0.5265265265265265,0.6474019774779851,0.7482451461712405,0.5705123704910153,0.5265265265265265,0.784556016256825
rtdetr,val,0.5275275275275275,0.6472726505711504,0.7495513404998349,0.5695550351288057,0.5275275275275275,0.7839508700102354
rtdetr,val,0.5285285285285285,0.6468088570789187,0.7502675762817248,0.5684254029480644,0.5285285285285285,0.7830843334149726
rtdetr,val,0.5295295295295295,0.6464189463942304,0.7512390581324047,0.567268218762915,0.5295295295295295,0.7821681451941076
rtdetr,val,0.5305305305305306,0.6460661445151672,0.7521261717583487,0.5662212425953989,0.5305305305305306,0.7813438286131624
rtdetr,val,0.5315315315315315,0.6456821830376871,0.7528898063903869,0.565200542364339,0.5315315315315315,0.7805558927054255
rtdetr,val,0.5325325325325325,0.6456531226064873,0.7538374218837933,0.5646232263397162,0.5325325325325325,0.779318685748841
rtdetr,val,0.5335335335335335,0.6453566801805073,0.7548129886538039,0.5636247939548277,0.5335335335335335,0.7784924623115578
rtdetr,val,0.5345345345345345,0.645154039345995,0.7560305992238879,0.5626394820223172,0.5345345345345345,0.7782502306550604
rtdetr,val,0.5355355355355356,0.644742317009598,0.7568438156469932,0.5615649538503926,0.5355355355355356,0.77752
rtdetr,val,0.5365365365365365,0.6441025206471296,0.7576887909890344,0.5601322496211599,0.5365365365365365,0.7770019550732155
rtdetr,val,0.5375375375375375,0.6436317790690103,0.7586342792853462,0.5589063353281403,0.5375375375375375,0.776393807950973
rtdetr,val,0.5385385385385385,0.6432273064647148,0.7595200481058656,0.557817881250861,0.5385385385385385,0.7758155409159457
rtdetr,val,0.5395395395395395,0.6427863458371635,0.76044047438156,0.5566606970657115,0.5395395395395395,0.7749376805286274
rtdetr,val,0.5405405405405406,0.6425248828240028,0.7613521099561458,0.5557818215270266,0.5405405405405406,0.7742533633171579
rtdetr,val,0.5415415415415415,0.6421250743984457,0.76199534973103,0.5548422647747624,0.5415415415415415,0.7734928380292775
rtdetr,val,0.5425425425425425,0.6419862850379272,0.7629584547391286,0.554125912660146,0.5425425425425425,0.7721747313936161
rtdetr,val,0.5435435435435435,0.6414531581249974,0.7637660142316905,0.5529080291807034,0.5435435435435435,0.7715291357059053
rtdetr,val,0.5445445445445445,0.6409679841137704,0.7644863954596673,0.5518115442898471,0.5445445445445445,0.7707455935111527
rtdetr,val,0.5455455455455456,0.6407936450707274,0.7656395890037736,0.5509544679857153,0.5455455455455456,0.7700474449716108
rtdetr,val,0.5465465465465466,0.6405066779697215,0.7665204921302395,0.5500757680121229,0.5465465465465466,0.7695023080802204
rtdetr,val,0.5475475475475475,0.6401705223446181,0.7674000506750106,0.5491288269655354,0.5475475475475475,0.7687993192016092
rtdetr,val,0.5485485485485485,0.6396465452203411,0.7682466989532718,0.5479267116682739,0.5485485485485485,0.7677476574249026
rtdetr,val,0.5495495495495496,0.6392632352116344,0.7693473273244199,0.546807072599902,0.5495495495495496,0.7669063088693245
rtdetr,val,0.5505505505505506,0.6386799121697763,0.7700268861532172,0.5456123432979749,0.5505505505505506,0.7659052583167254
rtdetr,val,0.5515515515515516,0.6380649676405923,0.7708788708008648,0.5442898470863755,0.5515515515515516,0.7647440794499618
rtdetr,val,0.5525525525525525,0.6376265870625043,0.7718701730710784,0.5431602149056344,0.5525525525525525,0.764116436790368
rtdetr,val,0.5535535535535535,0.6371195476899667,0.7726697760453204,0.5420305827248932,0.5535535535535535,0.7635479212586456
rtdetr,val,0.5545545545545546,0.6368409018575002,0.773645526722322,0.541148918583827,0.5545545545545546,0.7625686683083918
rtdetr,val,0.5555555555555556,0.6364997312095975,0.7745788043755537,0.540201550786776,0.5555555555555556,0.7615756477075308
rtdetr,val,0.5565565565565566,0.6360080214736057,0.7754277195393913,0.539082518253203,0.5565565565565566,0.7606174698795181
rtdetr,val,0.5575575575575575,0.6354922683316613,0.7760072482028743,0.5380628983090976,0.5575575575575575,0.7596756635008821
rtdetr,val,0.5585585585585585,0.6347525787371734,0.7768448607991469,0.536602837856454,0.5585585585585585,0.7588052550810346
rtdetr,val,0.5595595595595596,0.6342025067833726,0.7775688356560674,0.5354732056757129,0.5595595595595596,0.7582692451280519
rtdetr,val,0.5605605605605606,0.6335801056732372,0.7782282975485418,0.5342751415268289,0.5605605605605606,0.7575114486764213
rtdetr,val,0.5615615615615616,0.6328928818257149,0.7789328187509895,0.5329681694759903,0.5615615615615616,0.7568792008615247
rtdetr,val,0.5625625625625625,0.6327141911825287,0.7801070257362589,0.5321669651467145,0.5625625625625625,0.7561842689971856
rtdetr,val,0.5635635635635635,0.6321305639589593,0.7810024764688983,0.53092712494834,0.5635635635635635,0.7548151427938897
rtdetr,val,0.5645645645645646,0.6318018082996909,0.781878333531841,0.5300601636981914,0.5645645645645646,0.7539554051070719
rtdetr,val,0.5655655655655656,0.6312459878097937,0.7825748829975847,0.5289594780447369,0.5655655655655656,0.7526030209708169
rtdetr,val,0.5665665665665666,0.630802168996807,0.7834878257770016,0.5279211909877292,0.5665665665665666,0.752038614838922
rtdetr,val,0.5675675675675675,0.630214971344486,0.7844351200791271,0.5266712638251418,0.5675675675675675,0.7510573136940353
rtdetr,val,0.5685685685685685,0.6296183096580309,0.78519074868866,0.5254993800799008,0.5685685685685685,0.7500999454842813
rtdetr,val,0.5695695695695696,0.6291495280756918,0.7861672024222159,0.524411212027734,0.5695695695695696,0.7494833774426277
rtdetr,val,0.5705705705705706,0.6286642021740602,0.787203873477889,0.5232781104337636,0.5705705705705706,0.7482115759809235
rtdetr,val,0.5715715715715716,0.6281080362435375,0.7878566911030239,0.5222206915553107,0.5715715715715716,0.7474419945237066
rtdetr,val,0.5725725725725725,0.6274658393715938,0.7886001984839325,0.5210084033613446,0.5725725725725725,0.7461850561918782
rtdetr,val,0.5735735735735735,0.6271045603630346,0.7900301600686942,0.5198893139810892,0.5735735735735735,0.7454272112252568
rtdetr,val,0.5745745745745746,0.6266032463268109,0.7909495828377363,0.5188042430086789,0.5745745745745746,0.7440773512202083
rtdetr,val,0.5755755755755756,0.626042708090413,0.7913144880194919,0.5178797580831838,0.5755755755755756,0.7434346309871184
rtdetr,val,0.5765765765765766,0.6252935589156321,0.7916729587820441,0.5167024509938464,0.5765765765765766,0.7426188786373314
rtdetr,val,0.5775775775775776,0.6245963834114718,0.7923198381408372,0.5154768634739446,0.5775775775775776,0.7414506489372988
rtdetr,val,0.5785785785785785,0.6234024592548219,0.7930596179735683,0.5135418101666896,0.5785785785785785,0.7405317723393752
rtdetr,val,0.5795795795795796,0.6225258289531788,0.7939679262559972,0.5119747354939688,0.5795795795795796,0.7394544431946006
rtdetr,val,0.5805805805805806,0.6220161836456911,0.7945838306122956,0.511030602094814,0.5805805805805806,0.7389109015042603
rtdetr,val,0.5815815815815816,0.6214629732549358,0.795398245824737,0.5099488972492201,0.5815815815815816,0.7377432994373974
rtdetr,val,0.5825825825825826,0.6209007458559701,0.7962826767838798,0.5088304174128668,0.5825825825825826,0.7368622804572066
rtdetr,val,0.5835835835835835,0.6202603031491679,0.7970687790828673,0.5076513698189473,0.5835835835835835,0.7361251086012164
rtdetr,val,0.5845845845845846,0.6195994758825858,0.7978262229174152,0.5064609450337512,0.5845845845845846,0.7352645621816418
rtdetr,val,0.5855855855855856,0.6190446891941904,0.7987267160674002,0.5053588648574183,0.5855855855855856,0.7344851416724257
rtdetr,val,0.5865865865865866,0.6184279680691823,0.7995793055798042,0.5041977720831688,0.5865865865865866,0.7339791099314006
rtdetr,val,0.5875875875875876,0.6176114407124172,0.8003106113248123,0.5028240804518529,0.5875875875875876,0.7333906464924347
rtdetr,val,0.5885885885885885,0.6169845146004264,0.8009088013189705,0.5017584543241616,0.5885885885885885,0.7320700407771648
rtdetr,val,0.5895895895895896,0.6164949335624198,0.8020962097571956,0.5006474721035955,0.5895895895895896,0.7308835080769099
rtdetr,val,0.5905905905905906,0.6155402729375167,0.8026379528599227,0.49917974882295024,0.5905905905905906,0.7300684534958962
rtdetr,val,0.5915915915915916,0.6148057853726691,0.803349423310453,0.49794064745801925,0.5915915915915916,0.729496500645512
rtdetr,val,0.5925925925925926,0.6141645061121951,0.8041329120453913,0.49680036012743395,0.5925925925925926,0.7281066991638739
rtdetr,val,0.5935935935935935,0.6132194960840653,0.8047456410248394,0.495332421751561,0.5935935935935935,0.7275151924375421
rtdetr,val,0.5945945945945946,0.6126938372704769,0.8056374106492782,0.49431051108968177,0.5945945945945946,0.7266852892673241
rtdetr,val,0.5955955955955956,0.6118828592400144,0.8064840202078273,0.49293882028762864,0.5955955955955956,0.7260941121150035
rtdetr,val,0.5965965965965966,0.6112397319812768,0.8073687883194007,0.4917757266841163,0.5965965965965966,0.7254094242941826
rtdetr,val,0.5975975975975976,0.610434264801961,0.8079130315414715,0.4905329427554278,0.5975975975975976,0.7241678629853437
rtdetr,val,0.5985985985985985,0.6096795779818984,0.809006751754946,0.4891582862653258,0.5985985985985985,0.7233263424215187
rtdetr,val,0.5995995995995996,0.6090608791749937,0.8097895544784172,0.48807742746395566,0.5995995995995996,0.7220729239242228
rtdetr,val,0.6006006006006006,0.6082959587436851,0.8105628830063385,0.48681636589061855,0.6006006006006006,0.7206519223775992
rtdetr,val,0.6016016016016016,0.6077632861184664,0.8115225963286095,0.4857898448968762,0.6016016016016016,0.7195531830763148
rtdetr,val,0.6026026026026026,0.6069603623384011,0.8121746987114228,0.4845323002434865,0.6026026026026026,0.7188352450126533
rtdetr,val,0.6036036036036035,0.6058209135780858,0.8125412420945632,0.48295206235480603,0.6036036036036035,0.7178714201454879
rtdetr,val,0.6046046046046046,0.6053394183961095,0.8135912903245461,0.4819711054398293,0.6046046046046046,0.7171426704136985
rtdetr,val,0.6056056056056056,0.604557440091905,0.8146097807746642,0.48062516748299877,0.6056056056056056,0.7160867865519938
rtdetr,val,0.6066066066066066,0.6035825620621618,0.8155685733259515,0.47906259814119706,0.6066066066066066,0.7151438405091239
rtdetr,val,0.6076076076076076,0.6027423650436061,0.8165502426771085,0.47766831235314766,0.6076076076076076,0.7140544565674879
rtdetr,val,0.6086086086086087,0.6020502239793567,0.8177195854482947,0.4764017082242733,0.6086086086086087,0.7131189876686681
rtdetr,val,0.6096096096096096,0.6011786669391149,0.8183711320437264,0.4750913102568512,0.6096096096096096,0.7123036312129797
rtdetr,val,0.6106106106106106,0.6005095896741418,0.8193679301722049,0.47392202782752446,0.6106106106106106,0.7109678247201103
rtdetr,val,0.6116116116116116,0.5998383530557064,0.8206216966588173,0.47266946862653836,0.6116116116116116,0.7098641087130296
rtdetr,val,0.6126126126126126,0.5992185580334809,0.8215915296651277,0.4715801074528172,0.6126126126126126,0.708956413608392
rtdetr,val,0.6136136136136137,0.598321524181708,0.8225612378540071,0.4701525087916716,0.6136136136136137,0.7082935826496216
rtdetr,val,0.6146146146146146,0.5978557035910517,0.8238440029055651,0.46916048874168,0.6146146146146146,0.7074942120452887
rtdetr,val,0.6156156156156156,0.5973355097953393,0.8248992997862102,0.4681795005960545,0.6156156156156156,0.706382575158853
rtdetr,val,0.6166166166166166,0.5965414381975269,0.8258681342175882,0.46689440701364215,0.6166166166166166,0.7055671143055293
rtdetr,val,0.6176176176176176,0.5956837699675568,0.826639356421186,0.4655994731763888,0.6176176176176176,0.7039409640445909
rtdetr,val,0.6186186186186187,0.5949410493300397,0.8270123833496777,0.46457480847797744,0.6186186186186187,0.7028295980969075
rtdetr,val,0.6196196196196196,0.5943571060233452,0.8277938476003334,0.4636175781788125,0.6196196196196196,0.7019569899185368
rtdetr,val,0.6206206206206206,0.5933890188107557,0.8285259494503918,0.46221242595398815,0.6206206206206206,0.7009799346710219
rtdetr,val,0.6216216216216216,0.5925657326477145,0.8292174888543229,0.461000137760022,0.6216216216216216,0.70016137040715
rtdetr,val,0.6226226226226226,0.5916675958224629,0.8300065700728375,0.4596714934052019,0.6226226226226226,0.6997027679732492
rtdetr,val,0.6236236236236237,0.5910219414400416,0.8309234797028335,0.4586127517781326,0.6236236236236237,0.6984171063593446
rtdetr,val,0.6246246246246246,0.5903759488899825,0.8315040504814802,0.45765921882926064,0.6246246246246246,0.6978054110622056
rtdetr,val,0.6256256256256256,0.589572665626308,0.8323022929898769,0.45645405703264913,0.6256256256256256,0.6966712685994785
rtdetr,val,0.6266266266266266,0.5889491987735163,0.8330282474157557,0.4554897368783579,0.6266266266266266,0.6960460276655649
rtdetr,val,0.6276276276276276,0.5881283465008382,0.8339368375686304,0.4542384952799621,0.6276276276276276,0.6951997314535079
rtdetr,val,0.6286286286286287,0.5868773005959484,0.8346452965258714,0.4525391382332946,0.6286286286286287,0.6938092921430309
rtdetr,val,0.6296296296296297,0.5861557791693212,0.8353788780775927,0.4514671442347431,0.6296296296296297,0.6929561235938021
rtdetr,val,0.6306306306306306,0.5852801687689145,0.8363461576135516,0.45014838382266875,0.6306306306306306,0.6923774954627949
rtdetr,val,0.6316316316316316,0.5841925792119502,0.8370627086940767,0.44865683978509435,0.6316316316316316,0.6914287437064729
rtdetr,val,0.6326326326326326,0.5834735493114008,0.8380061507660639,0.4475396613057402,0.6326326326326326,0.6907526622946875
rtdetr,val,0.6336336336336337,0.5825861290644209,0.8385923693482591,0.44633007754849,0.6336336336336337,0.6894298219317705
rtdetr,val,0.6346346346346347,0.5819258062556285,0.8394583820463,0.4453113239452398,0.6346346346346347,0.6880843564238134
rtdetr,val,0.6356356356356356,0.5806281810397032,0.8403657589164966,0.44354018907900034,0.6356356356356356,0.6872543180464562
rtdetr,val,0.6366366366366366,0.5800029198037454,0.8415425464964554,0.44248483564544056,0.6366366366366366,0.686421293408193
rtdetr,val,0.6376376376376376,0.5793487466541918,0.8422800905843588,0.4415208706433393,0.6376376376376376,0.6852652143026284
rtdetr,val,0.6386386386386387,0.5780656078448007,0.8428807099060156,0.43986836877820773,0.6386386386386387,0.6840365889642962
rtdetr,val,0.6396396396396397,0.577072412238047,0.8437276202220412,0.438490150158424,0.6396396396396397,0.6829842315839021
rtdetr,val,0.6406406406406406,0.5762239969661602,0.8444809608817945,0.4373088970879801,0.6406406406406406,0.6815837289725104
rtdetr,val,0.6416416416416416,0.5752648991580185,0.8450912849576989,0.43604237834912185,0.6416416416416416,0.6801296653232872
rtdetr,val,0.6426426426426426,0.5741092458552378,0.8456861558278758,0.43455857086324323,0.6426426426426426,0.6791974841302195
rtdetr,val,0.6436436436436437,0.5731450853541669,0.8466013773186007,0.4332146745397713,0.6436436436436437,0.6779941379610551
rtdetr,val,0.6446446446446447,0.5722065639547473,0.8471508600795664,0.43200015624088756,0.6446446446446447,0.6768296210587215
rtdetr,val,0.6456456456456456,0.5712104249338922,0.8481990450557781,0.43059495935580794,0.6456456456456456,0.6755845129299161
rtdetr,val,0.6466466466466466,0.5704412612037589,0.8491569555149471,0.42947593838591736,0.6466466466466466,0.6748612668564363
rtdetr,val,0.6476476476476476,0.569722300599061,0.8502680383488352,0.42837881282736234,0.6476476476476476,0.6739772368911442
rtdetr,val,0.6486486486486487,0.5685615174134632,0.850859451192965,0.42691857908829933,0.6486486486486487,0.6731951393852752
rtdetr,val,0.6496496496496497,0.5673987541179791,0.8513520908380202,0.42548560407769664,0.6496496496496497,0.6715746304787401
rtdetr,val,0.6506506506506506,0.5661089674593609,0.8517557306407467,0.4239366097926204,0.6506506506506506,0.6705090712926947
rtdetr,val,0.6516516516516516,0.5650082098765519,0.8526030756182886,0.4224948318322062,0.6516516516516516,0.6694783322482946
rtdetr,val,0.6526526526526526,0.5637389476821996,0.8533179541458745,0.4209028303408574,0.6526526526526526,0.6681238718411552
rtdetr,val,0.6536536536536537,0.5629717771160355,0.8543741575244094,0.4197926226097584,0.6536536536536537,0.6664325842696629
rtdetr,val,0.6546546546546547,0.5617304814771382,0.8549341759097282,0.4182795452273056,0.6546546546546547,0.665490393771355
rtdetr,val,0.6556556556556556,0.5606182512482909,0.8558561282906744,0.41682830745315425,0.6556556556556556,0.6643959909545214
rtdetr,val,0.6566566566566566,0.5595721348352546,0.8567621557770074,0.4154593563118159,0.6566566566566566,0.6627551304154385
rtdetr,val,0.6576576576576576,0.558348941335154,0.8577149457050125,0.41388999781799574,0.6576576576576576,0.6612282208249078
rtdetr,val,0.6586586586586587,0.5572179482734875,0.8586139028702311,0.4124405273254866,0.6586586586586587,0.6600679201524062
rtdetr,val,0.6596596596596597,0.5561217237450454,0.8593933896697403,0.4110619227253577,0.6596596596596597,0.6589876971348361
rtdetr,val,0.6606606606606606,0.5546705383888151,0.8601237237585772,0.4093125774900124,0.6606606606606606,0.6575894693541753
rtdetr,val,0.6616616616616616,0.5534768061064419,0.8604644154624629,0.40793718826472347,0.6616616616616616,0.6564080137753847
rtdetr,val,0.6626626626626626,0.5525500920589105,0.8615989579115366,0.4066778871044915,0.6626626626626626,0.6552607203182041
rtdetr,val,0.6636636636636637,0.5511989295773121,0.8621356795910742,0.40509712081553934,0.6636636636636637,0.6539787690386338
rtdetr,val,0.6646646646646647,0.5499973110329655,0.8630725159033767,0.4035951901186497,0.6646646646646647,0.6528232461242932
rtdetr,val,0.6656656656656657,0.548706009365534,0.8638891140010012,0.40202893494174213,0.6656656656656657,0.6519088088493188
rtdetr,val,0.6666666666666666,0.5478239026495371,0.8649508669906442,0.40085411213665795,0.6666666666666666,0.650771878866118
rtdetr,val,0.6676676676676676,0.5468992688904261,0.8658256183591629,0.3996780849711252,0.6676676676676676,0.6495389728744505
rtdetr,val,0.6686686686686687,0.5457446417231762,0.8664154918586242,0.3983211628848439,0.6686686686686687,0.6482544939768691
rtdetr,val,0.6696696696696697,0.5444324645274835,0.8672544674977962,0.39674886347981814,0.6696696696696697,0.6477799690848036
rtdetr,val,0.6706706706706707,0.5432030747651165,0.8680049867480201,0.39528860724617715,0.6706706706706707,0.646448014871863
rtdetr,val,0.6716716716716716,0.5423036634475994,0.8691355353381093,0.39410387105661937,0.6716716716716716,0.6455790059052512
rtdetr,val,0.6726726726726726,0.541245635334561,0.8700685408518094,0.39279686380628936,0.6726726726726726,0.6444503101491356
rtdetr,val,0.6736736736736737,0.5403752855939242,0.8714814721173259,0.3915947798079829,0.6736736736736737,0.6435659200379017
rtdetr,val,0.6746746746746747,0.538889005468952,0.8719418730100538,0.3899435183909629,0.6746746746746747,0.6426453221362026
rtdetr,val,0.6756756756756757,0.5378015749013035,0.8725296653531573,0.3886890151822933,0.6756756756756757,0.6420680628272252
rtdetr,val,0.6766766766766766,0.5364767033161676,0.8729743412967504,0.38721888950111416,0.6766766766766766,0.6407774589094704
rtdetr,val,0.6776776776776777,0.5357400590930844,0.8737160098424451,0.3863066538090646,0.6776776776776777,0.6396972770539128
rtdetr,val,0.6786786786786787,0.534698847888122,0.8747455765142698,0.38502503677231226,0.6786786786786787,0.6385742060920285
rtdetr,val,0.6796796796796797,0.5333296923727544,0.8758744742362373,0.38339008642795835,0.6796796796796797,0.6371948857032158
rtdetr,val,0.6806806806806807,0.5324732764304615,0.8768431317871088,0.38232113498091047,0.6806806806806807,0.6361295638292394
rtdetr,val,0.6816816816816816,0.5313547389791978,0.8778007973406993,0.3809882062381682,0.6816816816816816,0.6347707857674252
rtdetr,val,0.6826826826826827,0.5299824217917247,0.879018580902524,0.3793514907174175,0.6826826826826827,0.6337178077287026
rtdetr,val,0.6836836836836837,0.5283064141666506,0.8794708096914267,0.3775530456652996,0.6836836836836837,0.6325287385619249
rtdetr,val,0.6846846846846847,0.5270848501235764,0.8803768628548275,0.37614088836411075,0.6846846846846847,0.631617740500699
rtdetr,val,0.6856856856856857,0.5258997985934137,0.8814111689063238,0.374747764317086,0.6856856856856857,0.630171671646326
rtdetr,val,0.6866866866866866,0.5246615241168943,0.8821139945623949,0.37336543533307026,0.6866866866866866,0.6291873879786939
rtdetr,val,0.6876876876876877,0.5232393213072479,0.8831602684840636,0.3717409399042784,0.6876876876876877,0.6283132378483147
rtdetr,val,0.6886886886886887,0.5220087696502582,0.8844614888935322,0.37027138724342196,0.6886886886886887,0.6273087733386871
rtdetr,val,0.6896896896896897,0.5201652439851032,0.8850634224042072,0.3683146992307102,0.6896896896896897,0.6262163852407755
rtdetr,val,0.6906906906906907,0.5187296315703045,0.8859756954287235,0.36672028925782885,0.6906906906906907,0.625177685229058
rtdetr,val,0.6916916916916916,0.517474218365093,0.8868857710312632,0.3653120264499242,0.6916916916916916,0.624145389453795
rtdetr,val,0.6926926926926927,0.5159085943811289,0.8872760412216466,0.3636878429804452,0.6926926926926927,0.6226195487977019
rtdetr,val,0.6936936936936937,0.5142447016806811,0.8878140275072458,0.3619467931907661,0.6936936936936937,0.6216022713245278
rtdetr,val,0.6946946946946947,0.5126146578141094,0.8885369402650315,0.3602149056343849,0.6946946946946947,0.6201638094301104
rtdetr,val,0.6956956956956957,0.5113051565173105,0.8895356380869665,0.3587603041347818,0.6956956956956957,0.6186696067622198
rtdetr,val,0.6966966966966966,0.509910205851195,0.8906312622121392,0.35721173715387794,0.6966966966966966,0.6178504239048108
rtdetr,val,0.6976976976976977,0.5083520415366308,0.8912468734179027,0.355586168893787,0.6976976976976977,0.6168818514007308
rtdetr,val,0.6986986986986987,0.5068650391635227,0.8916854970770872,0.35406352992754575,0.6986986986986987,0.615976877489556
rtdetr,val,0.6996996996996997,0.5055590535835616,0.8920660076345291,0.35273078664142266,0.6996996996996997,0.6145916515426497
rtdetr,val,0.7007007007007007,0.5037257243968298,0.8925561855645815,0.3508726365183568,0.7007007007007007,0.6139139670738184
rtdetr,val,0.7017017017017017,0.5019861388032238,0.8928962693265642,0.34913484668985056,0.7017017017017017,0.6129723225030084
rtdetr,val,0.7027027027027027,0.5003722675923693,0.8937595937002797,0.3474448081256233,0.7027027027027027,0.6116160283926045
rtdetr,val,0.7037037037037037,0.4987941700505108,0.8943371470602356,0.34583845947304237,0.7037037037037037,0.6105466975832476
rtdetr,val,0.7047047047047047,0.4975142213981512,0.8953050361769762,0.3444655612019722,0.7047047047047047,0.6095224478124106
rtdetr,val,0.7057057057057057,0.49581472258715015,0.8961169920671737,0.3427193740527757,0.7057057057057057,0.6082971195174658
rtdetr,val,0.7067067067067067,0.49392305084053156,0.8965796492442604,0.34084744516475396,0.7067067067067067,0.6075988345926996
rtdetr,val,0.7077077077077077,0.49291729213947444,0.8977098114273521,0.33972813632726856,0.7077077077077077,0.6065693775384906
rtdetr,val,0.7087087087087087,0.4908529383994122,0.8984006276990756,0.3376723123158582,0.7087087087087087,0.605274921770228
rtdetr,val,0.7097097097097097,0.48913840335912984,0.8989332461911171,0.33597718002413873,0.7097097097097097,0.6041891448139982
rtdetr,val,0.7107107107107107,0.48765144920135506,0.8995290011774671,0.33449323550197946,0.7107107107107107,0.6027806986797523
rtdetr,val,0.7117117117117117,0.4860793247224912,0.9002944107417854,0.3329108692657391,0.7117117117117117,0.6018311434162706
rtdetr,val,0.7127127127127127,0.4848478147108589,0.9013040005399539,0.3316197283635094,0.7127127127127127,0.6000046389720038
rtdetr,val,0.7137137137137137,0.4835344503179869,0.9022449844144647,0.3302658768425403,0.7137137137137137,0.5985443622920518
rtdetr,val,0.7147147147147147,0.4819803366651718,0.9026438961069216,0.3287645717630999,0.7147147147147147,0.5970678266473337
rtdetr,val,0.7157157157157157,0.48037150798769196,0.9031840772938499,0.32719833667195963,0.7157157157157157,0.5961035384827207
rtdetr,val,0.7167167167167167,0.47900275805728115,0.9039497064219192,0.32583000413280067,0.7167167167167167,0.59453776711233
rtdetr,val,0.7177177177177178,0.4774538991376103,0.9047601052641369,0.32429409583336205,0.7177177177177178,0.5931466302367941
rtdetr,val,0.7187187187187187,0.47529734831452336,0.9052619987815775,0.32224388855099084,0.7187187187187187,0.5921100417650264
rtdetr,val,0.7197197197197197,0.4736582139126408,0.9059686468366959,0.32065022730403636,0.7197197197197197,0.590443686006826
rtdetr,val,0.7207207207207207,0.4720612769199308,0.9066147055739805,0.31910816001752246,0.7207207207207207,0.5893923349030034
rtdetr,val,0.7217217217217217,0.4706764280483663,0.9077692446088077,0.31770216283234604,0.7217217217217217,0.5880359147025813
rtdetr,val,0.7227227227227228,0.46926192875109,0.9089405454090602,0.31627252930692334,0.7227227227227228,0.5868850258406605
rtdetr,val,0.7237237237237237,0.4675553405630264,0.9095981380989231,0.31464529966650767,0.7237237237237237,0.5857639818035858
rtdetr,val,0.7247247247247247,0.465804904371515,0.9099717935475504,0.3130176618407077,0.7247247247247247,0.5848414780559384
rtdetr,val,0.7257257257257257,0.46347964244995593,0.91057542132427,0.3108507940931211,0.7257257257257257,0.5837728824076946
rtdetr,val,0.7267267267267267,0.46132949856649635,0.9105119802471935,0.3089267824851241,0.7267267267267267,0.5825309187279152
rtdetr,val,0.7277277277277278,0.4592680154717037,0.9110477790180745,0.30701984836775364,0.7277277277277278,0.581348769643879
rtdetr,val,0.7287287287287287,0.45755653951244535,0.911599646431664,0.3054300831008553,0.7287287287287287,0.580132915140482
rtdetr,val,0.7297297297297297,0.4560275163172683,0.9123472032401561,0.30398589467087306,0.7297297297297297,0.5787897991739691
rtdetr,val,0.7307307307307307,0.4541890527538674,0.9128864733354767,0.30229506516873933,0.7307307307307307,0.5778968928400227
rtdetr,val,0.7317317317317317,0.45213739316759394,0.9131624563819576,0.30045018360255543,0.7317317317317317,0.5769932652617857
rtdetr,val,0.7327327327327328,0.45044750040515785,0.9138996714916062,0.29888065628456867,0.7327327327327328,0.5759111284350029
rtdetr,val,0.7337337337337337,0.44853699704003036,0.9145975122720822,0.2971270318084423,0.7337337337337337,0.5742162232092802
rtdetr,val,0.7347347347347347,0.44656969011273207,0.9159025823467791,0.2952670068573146,0.7347347347347347,0.573252514831055
rtdetr,val,0.7357357357357357,0.4447402900174465,0.916368665848247,0.29362171097947376,0.7357357357357357,0.5721509223748206
rtdetr,val,0.7367367367367368,0.4428933188840507,0.9170076791952093,0.291948918173306,0.7367367367367368,0.570709010970248
rtdetr,val,0.7377377377377378,0.4408347338217318,0.9171314175272235,0.29015015842402536,0.7377377377377378,0.5699659429544487
rtdetr,val,0.7387387387387387,0.4393142959540364,0.9176969550814141,0.28877822411957377,0.7387387387387387,0.5680720338983051
rtdetr,val,0.7397397397397397,0.4375035287291278,0.918320720409966,0.2871543628490856,0.7397397397397397,0.5665899930360647
rtdetr,val,0.7407407407407407,0.43573403808485384,0.9192011699497173,0.2855466521032555,0.7407407407407407,0.5652475559760328
rtdetr,val,0.7417417417417418,0.4335558873870538,0.9199257725080714,0.2836098031493402,0.7417417417417418,0.5633042495762978
rtdetr,val,0.7427427427427428,0.4317747529183414,0.9204255325853297,0.2820404427042839,0.7427427427427428,0.5618005626758362
rtdetr,val,0.7437437437437437,0.4296160578795876,0.9209324691097243,0.2801541445421584,0.7437437437437437,0.5605506873209021
rtdetr,val,0.7447447447447447,0.42755944415070285,0.9212242044359723,0.2783809320785951,0.7447447447447447,0.5595785202666336
rtdetr,val,0.7457457457457457,0.42574311064945713,0.9215730981143874,0.2768114458574886,0.7457457457457457,0.5573355297024606
rtdetr,val,0.7467467467467468,0.4236597623272381,0.921869772504406,0.27502618759798036,0.7467467467467468,0.5558654634946678
rtdetr,val,0.7477477477477478,0.421240284560832,0.9225190477839239,0.2729335466012829,0.7477477477477478,0.5543980062916207
rtdetr,val,0.7487487487487487,0.41898804370246184,0.9233487217311585,0.2709739633558341,0.7487487487487487,0.5532148745191428
rtdetr,val,0.7497497497497497,0.4165238362482214,0.9240540491658193,0.2688563626000678,0.7497497497497497,0.5519318527532705
rtdetr,val,0.7507507507507507,0.41477516467626296,0.9252318319582166,0.26730254206765197,0.7507507507507507,0.5505606626932014
rtdetr,val,0.7517517517517518,0.41247049758027515,0.9257014722073345,0.2653526561946355,0.7517517517517518,0.5488042800539029
rtdetr,val,0.7527527527527528,0.4098092869924203,0.9259295434536653,0.263135521415664,0.7527527527527528,0.5473924628854206
rtdetr,val,0.7537537537537538,0.4077828947174658,0.9272947729252978,0.2613583138173302,0.7537537537537538,0.5459806817274687
rtdetr,val,0.7547547547547547,0.40511509793804623,0.9280598875774119,0.25911086170270553,0.7547547547547547,0.5444175046702969
rtdetr,val,0.7557557557557557,0.4026904767058122,0.9283702124702286,0.2571066034375208,0.7557557557557557,0.5429623324953979
rtdetr,val,0.7567567567567568,0.4002970983530977,0.9285112083075159,0.25514785650687466,0.7567567567567568,0.5416699534590202
rtdetr,val,0.7577577577577578,0.3981575152211144,0.9291690792284601,0.253362933908,0.7577577577577578,0.5403446040197253
rtdetr,val,0.7587587587587588,0.39614016423169623,0.9293914610658328,0.25171511227441795,0.7587587587587588,0.538469058558999
rtdetr,val,0.7597597597597597,0.3934892000370062,0.9300654883091651,0.2495297289498068,0.7597597597597597,0.5366010273972602
rtdetr,val,0.7607607607607607,0.39129156596586884,0.9304607539011762,0.2477368180242773,0.7607607607607607,0.5347846296870158
rtdetr,val,0.7617617617617618,0.38881658252118806,0.9304251888836506,0.24575844889001855,0.7617617617617618,0.5336820568252008
rtdetr,val,0.7627627627627628,0.3862425263335631,0.9314288509380957,0.24363655368372716,0.7627627627627628,0.5322977545370655
rtdetr,val,0.7637637637637638,0.3834703899558023,0.9321969951723948,0.2413831106212977,0.7637637637637638,0.5310332937435347
rtdetr,val,0.7647647647647647,0.3811623164370072,0.9332207239576756,0.23948937634145634,0.7647647647647647,0.5297631543790675
rtdetr,val,0.7657657657657657,0.37853155979362496,0.9336512897399316,0.2373880699820912,0.7657657657657657,0.5283929963308682
rtdetr,val,0.7667667667667668,0.37562907038812643,0.9340944142441259,0.23508138590302585,0.7667667667667668,0.5265747100338688
rtdetr,val,0.7677677677677678,0.3732388789284737,0.9348266257648261,0.23316645989335424,0.7677677677677678,0.5250989259468626
rtdetr,val,0.7687687687687688,0.3704931024721208,0.9352973950491624,0.23099849595809752,0.7687687687687688,0.5230766346730654
rtdetr,val,0.7697697697697697,0.3670801418945193,0.9357499318126921,0.2283240592940324,0.7697697697697697,0.5214632325494587
rtdetr,val,0.7707707707707707,0.3645159063795048,0.9363869051862865,0.22630607176811277,0.7707707707707707,0.5200676667967952
rtdetr,val,0.7717717717717718,0.3619836468218902,0.9373633775747691,0.22430127887801785,0.7717717717717718,0.5189315352697096
rtdetr,val,0.7727727727727728,0.35928195510392874,0.937683089622114,0.2222123338156636,0.7727727727727728,0.5171186784417117
rtdetr,val,0.7737737737737738,0.3565283217597626,0.9381197558365173,0.2200854112136658,0.7737737737737738,0.5158511498053046
rtdetr,val,0.7747747747747747,0.3544183213274566,0.939112255242461,0.21842580205367607,0.7747747747747747,0.5146307987922042
rtdetr,val,0.7757757757757757,0.3514959089064146,0.9394211550167768,0.21619371511587376,0.7757757757757757,0.5123833093734645
rtdetr,val,0.7767767767767768,0.34852686556569806,0.9397298309770581,0.2139356431854248,0.7767767767767768,0.511251745335195
rtdetr,val,0.7777777777777778,0.3461121085379699,0.9399302748314036,0.21210860958527397,0.7777777777777778,0.5098705004786245
rtdetr,val,0.7787787787787788,0.34279707302666235,0.9392704611431207,0.20965681550051427,0.7787787787787788,0.5079427832087406
rtdetr,val,0.7797797797797797,0.3400938153897221,0.9394163204744604,0.20763086975037898,0.7797797797797797,0.5063420219331985
rtdetr,val,0.7807807807807807,0.33756925718638764,0.9397199291919445,0.2057374712340962,0.7807807807807807,0.5048455481526347
rtdetr,val,0.7817817817817818,0.334325092015742,0.9403583608665314,0.20330257192477488,0.7817817817817818,0.5034688337266453
rtdetr,val,0.7827827827827828,0.3311091619500376,0.9405423458801244,0.2009207125747481,0.7827827827827828,0.5011553454571112
rtdetr,val,0.7837837837837838,0.32819602013548627,0.9411588123018318,0.19875187091205976,0.7837837837837838,0.4989826703150214
rtdetr,val,0.7847847847847848,0.3255607309759093,0.9419706896417561,0.19678675207542703,0.7847847847847848,0.4974328525025322
rtdetr,val,0.7857857857857857,0.3227042834864331,0.9428826350658756,0.19466435907518256,0.7857857857857857,0.4957328837362905
rtdetr,val,0.7867867867867868,0.3207744558485348,0.9438219573345695,0.1932222069155531,0.7867867867867868,0.4942113005105131
rtdetr,val,0.7877877877877878,0.317765199141297,0.9454408322631251,0.19097644767635724,0.7877877877877878,0.4923121954579108
rtdetr,val,0.7887887887887888,0.31470506466400694,0.9454897238404557,0.1887681534929656,0.7887887887887888,0.49050849780701755
rtdetr,val,0.7897897897897898,0.31275020033727285,0.9457337980910951,0.1873536299765808,0.7897897897897898,0.48874718679669915
rtdetr,val,0.7907907907907907,0.30964136634701783,0.9458592126773073,0.18512191761950683,0.7907907907907907,0.4871520706042091
rtdetr,val,0.7917917917917918,0.30707451963167126,0.9462304570627333,0.18327599131199224,0.7917917917917918,0.48498093084478044
rtdetr,val,0.7927927927927928,0.3039460521194155,0.9465558963837561,0.1810395986128332,0.7927927927927928,0.48318304703373466
rtdetr,val,0.7937937937937938,0.3008497587513585,0.9470353433211334,0.1788297841055486,0.7937937937937938,0.48177318484331627
rtdetr,val,0.7947947947947948,0.2979603387201145,0.9472932543579338,0.1767826584832443,0.7947947947947948,0.48037566815979216
rtdetr,val,0.7957957957957957,0.29511145370668734,0.9479882910194782,0.17475688470466205,0.7957957957957957,0.4779040717393822
rtdetr,val,0.7967967967967968,0.292065322637892,0.9488066894064184,0.1725974696283278,0.7967967967967968,0.476653536169301
rtdetr,val,0.7977977977977978,0.28876676438377435,0.9488784947602905,0.17029598343394392,0.7977977977977978,0.4753751190202581
rtdetr,val,0.7987987987987988,0.2857173070742699,0.9495895746113928,0.16815654947406855,0.7987987987987988,0.4738037651980651
rtdetr,val,0.7997997997997998,0.2834056305559585,0.9504656506795454,0.16653047423900852,0.7997997997997998,0.4717094572635684
rtdetr,val,0.8008008008008007,0.2807230772390531,0.9511408279115549,0.1646608291710206,0.8008008008008007,0.46882157488951254
rtdetr,val,0.8018018018018018,0.2781218972057894,0.9513940846991054,0.16286638822741667,0.8018018018018018,0.4666698737993297
rtdetr,val,0.8028028028028028,0.27481795627723393,0.9515183603972881,0.16060147251905843,0.8028028028028028,0.4653836940030344
rtdetr,val,0.8038038038038038,0.2715004856861089,0.9521155014059295,0.15832362925147295,0.8038038038038038,0.4633526562375923
rtdetr,val,0.8048048048048048,0.2683016085490587,0.9527566093361824,0.1561350586937216,0.8048048048048048,0.46097399318267895
rtdetr,val,0.8058058058058059,0.265357966899467,0.953307387540988,0.15413048642171337,0.8058058058058059,0.4585175430345217
rtdetr,val,0.8068068068068068,0.2619350631656296,0.9538654337275756,0.15181154428984708,0.8068068068068068,0.4565424130458507
rtdetr,val,0.8078078078078078,0.25858879227265835,0.9549581042077271,0.14954118754648577,0.8078078078078078,0.45463708114310525
rtdetr,val,0.8088088088088088,0.25527015927216823,0.955501753665365,0.14731302303537758,0.8088088088088088,0.45274667653681255
rtdetr,val,0.8098098098098098,0.2523052499528804,0.9557147759865103,0.14533682325389172,0.8098098098098098,0.45017918951205316
rtdetr,val,0.8108108108108109,0.24885475371716156,0.9559920452426991,0.14304549845577655,0.8108108108108109,0.44754170658637105
rtdetr,val,0.8118118118118118,0.24545784300141885,0.9569271712512466,0.14078504686087606,0.8118118118118118,0.44573027758868466
rtdetr,val,0.8128128128128128,0.24201181191454757,0.9573443359752911,0.1385136860029966,0.8128128128128128,0.4438610480073418
rtdetr,val,0.8138138138138138,0.23942221272466827,0.9595995103501181,0.1367737886406604,0.8138138138138138,0.4424704525368126
rtdetr,val,0.8148148148148148,0.23605476680778778,0.9602839370763093,0.13456683705662004,0.8148148148148148,0.4399648908790669
rtdetr,val,0.8158158158158159,0.23294916323308248,0.9610424865372261,0.1325376217625226,0.8158158158158159,0.43743075354911143
rtdetr,val,0.8168168168168168,0.22996882017757408,0.9618506697893514,0.1305965736530093,0.8168168168168168,0.43562014193984455
rtdetr,val,0.8178178178178178,0.22687742378471662,0.9628644520014031,0.12858817199012448,0.8178178178178178,0.43292593997024764
rtdetr,val,0.8188188188188188,0.22405660118840837,0.963359446590898,0.12677031983435788,0.8188188188188188,0.43090574299343204
rtdetr,val,0.8198198198198198,0.22070451716766878,0.9635725104340831,0.12462479952287761,0.8198198198198198,0.4283534390925057
rtdetr,val,0.8208208208208209,0.21699776568454635,0.963731574455015,0.12226356664525366,0.8208208208208209,0.4259346629494603
rtdetr,val,0.8218218218218218,0.21430521907469963,0.9655672151221331,0.12052805964731388,0.8218218218218218,0.4231844169846922
rtdetr,val,0.8228228228228228,0.2115305654445685,0.9661559215041604,0.11876669687662937,0.8228228228228228,0.4206989815323501
rtdetr,val,0.8238238238238238,0.20820440110292993,0.9664499579926771,0.11666936741209917,0.8238238238238238,0.4186935517748372
rtdetr,val,0.8248248248248248,0.20560220848935024,0.966660359994876,0.11503465613820313,0.8248248248248248,0.4166562286891292
rtdetr,val,0.8258258258258259,0.20264220149171105,0.9663623119087351,0.11318870349573053,0.8258258258258259,0.4145552113299403
rtdetr,val,0.8268268268268268,0.2002790423087095,0.9668534544603444,0.11170957133085647,0.8268268268268268,0.4112761758579103
rtdetr,val,0.8278278278278278,0.19725605748528596,0.9672422870895386,0.10982688710834894,0.8278278278278278,0.40920914649924417
rtdetr,val,0.8288288288288288,0.19408489115075944,0.9671441193601329,0.10786559018822434,0.8288288288288288,0.4072810473444079
rtdetr,val,0.8298298298298298,0.19165763430283397,0.9674227348960199,0.10636487300229155,0.8298298298298298,0.40437672014499565
rtdetr,val,0.8308308308308309,0.18847277319849115,0.968311265230803,0.1043962673787798,0.8308308308308309,0.4022355310720145
rtdetr,val,0.8318318318318318,0.18568682524361158,0.9690572314956429,0.10268107904704168,0.8318318318318318,0.4001988203326927
rtdetr,val,0.8328328328328328,0.18295503070672298,0.9693296861608411,0.10101002674138615,0.8328328328328328,0.39757213878001946
rtdetr,val,0.8338338338338338,0.17976921395570347,0.9690103469333998,0.09907469458917727,0.8338338338338338,0.39490578840231744
rtdetr,val,0.8348348348348348,0.17686787116903016,0.9703261750092292,0.09730186821091823,0.8348348348348348,0.3927594654499734
rtdetr,val,0.8358358358358359,0.17341156434102725,0.9716000292788722,0.09520159134360678,0.8358358358358359,0.39023951017468034
rtdetr,val,0.8368368368368369,0.17060564148270504,0.9724908777306611,0.09350465705903753,0.8368368368368369,0.38841643541312326
rtdetr,val,0.8378378378378378,0.16778082960970983,0.9725646008578684,0.09180962952559263,0.8378378378378378,0.3852585704512631
rtdetr,val,0.8388388388388388,0.16446909143281915,0.9737158571945177,0.08982025774661666,0.8388388388388388,0.3827759617802364
rtdetr,val,0.8398398398398398,0.16145523041297252,0.9746766057270974,0.08801768200675326,0.8398398398398398,0.38061583797417775
rtdetr,val,0.8408408408408409,0.15829828260491074,0.9750507605544341,0.08614163515925471,0.8408408408408409,0.378061319293899
rtdetr,val,0.8418418418418419,0.15559344090889413,0.9752098617837466,0.08454091600355874,0.8418418418418419,0.37573782587309396
rtdetr,val,0.8428428428428428,0.1533306879394196,0.9773420256315144,0.08319107632812882,0.8428428428428428,0.37351501166013457
rtdetr,val,0.8438438438438438,0.1502898469730387,0.9781482192351143,0.08139823347152184,0.8438438438438438,0.3712484848484848
rtdetr,val,0.8448448448448448,0.1473424395672218,0.9783465027436788,0.07967055316502776,0.8448448448448448,0.36982005885474456
rtdetr,val,0.8458458458458459,0.14405201145836397,0.9791792773154917,0.07774471464397045,0.8458458458458459,0.3677250895327528
rtdetr,val,0.8468468468468469,0.14080739762080224,0.9793684076602528,0.07585680469881076,0.8468468468468469,0.36499982187600194
rtdetr,val,0.8478478478478478,0.13793217211827366,0.9799826493960965,0.07418698018744371,0.8478478478478478,0.36348066428858283
rtdetr,val,0.8488488488488488,0.13460827428811176,0.9798279786197521,0.07226822319947379,0.8488488488488488,0.3611798220419456
rtdetr,val,0.8498498498498498,0.13086137116531593,0.9792215892550681,0.07011575587457174,0.8498498498498498,0.35784222737819027
rtdetr,val,0.8508508508508509,0.12835559002028027,0.9795649096724952,0.06867730052686657,0.8508508508508509,0.3551614683963566
rtdetr,val,0.8518518518518519,0.12471906499162956,0.9801307770495379,0.06659665728717552,0.8518518518518519,0.3525025652719188
rtdetr,val,0.8528528528528528,0.12166999960463369,0.9808334210295682,0.06485772105439355,0.8528528528528528,0.3496594336319172
rtdetr,val,0.8538538538538538,0.11794070146074154,0.981044381076766,0.06274174234407509,0.8538538538538538,0.3474288404838511
rtdetr,val,0.8548548548548548,0.11416743591998432,0.9812652654648499,0.06060959538627652,0.8548548548548548,0.34469848464649155
rtdetr,val,0.8558558558558559,0.11058728365584636,0.9819913677069809,0.05859286954934058,0.8558558558558559,0.3413738914469708
rtdetr,val,0.8568568568568569,0.10783911350294499,0.9833771857691315,0.0570475300011493,0.8568568568568569,0.3376872964169381
rtdetr,val,0.8578578578578578,0.10496040908485102,0.9833834388538878,0.05543880621798197,0.8578578578578578,0.3335511585803507
rtdetr,val,0.8588588588588588,0.10085403298617712,0.9846863530357296,0.0531488346146013,0.8588588588588588,0.3305761460885057
rtdetr,val,0.8598598598598598,0.09776564382820928,0.9847036556858783,0.05143622764312138,0.8598598598598598,0.3261503412095434
rtdetr,val,0.8608608608608609,0.09402535627075073,0.985155319112192,0.049368601220972565,0.8608608608608609,0.323022527319156
rtdetr,val,0.8618618618618619,0.09046820108186708,0.9851155196694049,0.04741110267131357,0.8618618618618619,0.3196509406006356
rtdetr,val,0.8628628628628628,0.0864013714031484,0.985575607167808,0.045181106872144446,0.8628628628628628,0.3166729021102763
rtdetr,val,0.8638638638638638,0.08273162912706149,0.9849169787750021,0.04317931517632942,0.8638638638638638,0.3141714846842153
rtdetr,val,0.8648648648648649,0.07996033720982935,0.9850208569654125,0.04167153904151505,0.8648648648648649,0.31106684900013876
rtdetr,val,0.8658658658658659,0.07580655737291907,0.984856451849819,0.03942041657236382,0.8658658658658659,0.30849194585415174
rtdetr,val,0.8668668668668669,0.07165369274097216,0.987557500135124,0.03717550832203423,0.8668668668668669,0.3038963798632307
rtdetr,val,0.8678678678678678,0.06807287442516353,0.9884117033687163,0.03525029836260082,0.8678678678678678,0.30088546293377655
rtdetr,val,0.8688688688688688,0.06426445569717315,0.9885191485594734,0.033211790987892204,0.8688688688688688,0.2985402427248802
rtdetr,val,0.8698698698698699,0.06026084997437321,0.9877407249588123,0.031078454169762623,0.8698698698698699,0.29548900327562005
rtdetr,val,0.8708708708708709,0.056814433143447154,0.9879020825126059,0.029248252810684057,0.8708708708708709,0.2920026974845033
rtdetr,val,0.8718718718718719,0.0530126857749342,0.9870207166453714,0.027237811600964,0.8718718718718719,0.288934744300284
rtdetr,val,0.8728728728728729,0.04894611565167938,0.9859285911804728,0.025095999333344624,0.8728728728728729,0.28518575196464097
rtdetr,val,0.8738738738738738,0.04559097537929792,0.9871782740264525,0.023334313419816503,0.8738738738738738,0.2816748812219706
rtdetr,val,0.8748748748748749,0.04239640115969232,0.9862032556159289,0.021663860013937507,0.8748748748748749,0.27748988491082116
rtdetr,val,0.8758758758758759,0.03843538328384529,0.987506060579263,0.019599106604543063,0.8758758758758759,0.2750832864621641
rtdetr,val,0.8768768768768769,0.0347808839850391,0.9877017331819523,0.01770212286796774,0.8768768768768769,0.272058194997692
rtdetr,val,0.8778778778778779,0.03153132290042633,0.9864293672503328,0.016021729622410715,0.8778778778778779,0.2687953433440189
rtdetr,val,0.8788788788788788,0.028348940046725037,0.9849049326855477,0.014381443645980894,0.8788788788788788,0.26580506462015346
rtdetr,val,0.8798798798798799,0.024742713280624763,0.9848396313533548,0.012528740144845694,0.8798798798798799,0.26282610484733765
rtdetr,val,0.8808808808808809,0.02123131124327271,0.9848290619573816,0.010731330630360617,0.8808808808808809,0.25923943890375417
rtdetr,val,0.8818818818818819,0.018563376334553516,0.988374534721801,0.009369677509184148,0.8818818818818819,0.25627517074069034
rtdetr,val,0.8828828828828829,0.015569939151721383,0.9930261959377015,0.00784648319270443,0.8828828828828829,0.25344237142021053
rtdetr,val,0.8838838838838838,0.01389264304417105,0.9921842605237213,0.006995295867041306,0.8838838838838838,0.24957601406544164
rtdetr,val,0.8848848848848849,0.012045161033416584,0.990987979611291,0.006059405643878827,0.8848848848848849,0.24606591790141427
rtdetr,val,0.8858858858858859,0.010511012643412348,0.9948122210196996,0.0052834181596910475,0.8858858858858859,0.24224206124985875
rtdetr,val,0.8868868868868869,0.0087552041995228,0.9937728283725155,0.004396970901666811,0.8868868868868869,0.23868312757201646
rtdetr,val,0.8878878878878879,0.0072473272451654925,0.9983194077511985,0.003636864581898333,0.8878878878878879,0.23580287564482494
rtdetr,val,0.8888888888888888,0.006080265357087586,1.0,0.0030494032690721574,0.8888888888888888,0.23214465598871764
rtdetr,val,0.8898898898898899,0.004786830394253193,1.0,0.0023991573768526544,0.8898898898898899,0.22811961465660932
rtdetr,val,0.8908908908908909,0.003563461149016934,1.0,0.0017849108046619037,0.8908908908908909,0.2237506746564442
rtdetr,val,0.8918918918918919,0.0026786683665581132,1.0,0.0013411304050748082,0.8918918918918919,0.22101605117806497
rtdetr,val,0.8928928928928929,0.0015118733731579307,1.0,0.0007565085591525397,0.8928928928928929,0.21817251570252386
rtdetr,val,0.8938938938938938,0.0010822358623967289,1.0,0.0005414108983436045,0.8938938938938938,0.2145043669132766
rtdetr,val,0.8948948948948949,0.0006911020933241948,1.0,0.0003456704934629138,0.8948948948948949,0.2111569065945496
rtdetr,val,0.8958958958958959,0.0005139301980185048,1.0,0.00025703114704340085,0.8958958958958959,0.2087353399965336
rtdetr,val,0.8968968968968969,0.0004482859381119072,1.0,0.00022419322039001402,0.8968968968968969,0.20624180335658487
rtdetr,val,0.8978978978978979,0.00033006843816159597,1.0,0.00016506145986992793,0.8978978978978979,0.2030871236905897
rtdetr,val,0.8988988988988988,0.0002041998392439902,1.0,0.00010211034508002034,0.8988988988988988,0.20075685321354952
rtdetr,val,0.8998998998998999,0.00017870691727790006,1.0,8.936144339298616e-05,0.8998998998998999,0.19735705178945842
rtdetr,val,0.9009009009009009,0.0001335190583799603,1.0,6.676398632227388e-05,0.9009009009009009,0.1944540253808918
rtdetr,val,0.9019019019019019,0.0,1.0,0.0,0.9019019019019019,0.19190521693760662
rtdetr,val,0.9029029029029029,0.0,1.0,0.0,0.9029029029029029,0.18859270513218926
rtdetr,val,0.9039039039039038,0.0,1.0,0.0,0.9039039039039038,0.18522407777514313
rtdetr,val,0.9049049049049049,0.0,1.0,0.0,0.9049049049049049,0.1824200482099019
rtdetr,val,0.9059059059059059,0.0,1.0,0.0,0.9059059059059059,0.17961520392443925
rtdetr,val,0.9069069069069069,0.0,1.0,0.0,0.9069069069069069,0.17589505183285242
rtdetr,val,0.9079079079079079,0.0,1.0,0.0,0.9079079079079079,0.17288905677799812
rtdetr,val,0.9089089089089089,0.0,1.0,0.0,0.9089089089089089,0.17002272879547692
rtdetr,val,0.9099099099099099,0.0,1.0,0.0,0.9099099099099099,0.16590810903135705
rtdetr,val,0.9109109109109109,0.0,1.0,0.0,0.9109109109109109,0.1630235940928478
rtdetr,val,0.9119119119119119,0.0,1.0,0.0,0.9119119119119119,0.1601288849324612
rtdetr,val,0.9129129129129129,0.0,1.0,0.0,0.9129129129129129,0.15743037144730465
rtdetr,val,0.9139139139139139,0.0,1.0,0.0,0.9139139139139139,0.15440293435862107
rtdetr,val,0.914914914914915,0.0,1.0,0.0,0.914914914914915,0.15109750104653913
rtdetr,val,0.9159159159159159,0.0,1.0,0.0,0.9159159159159159,0.14894865832403636
rtdetr,val,0.9169169169169169,0.0,1.0,0.0,0.9169169169169169,0.14653745222705578
rtdetr,val,0.9179179179179179,0.0,1.0,0.0,0.9179179179179179,0.14397704388110527
rtdetr,val,0.9189189189189189,0.0,1.0,0.0,0.9189189189189189,0.1401410107732903
rtdetr,val,0.91991991991992,0.0,1.0,0.0,0.91991991991992,0.13713691923506605
rtdetr,val,0.9209209209209209,0.0,1.0,0.0,0.9209209209209209,0.13482606731420826
rtdetr,val,0.9219219219219219,0.0,1.0,0.0,0.9219219219219219,0.13153301886792454
rtdetr,val,0.9229229229229229,0.0,1.0,0.0,0.9229229229229229,0.1285788312062182
rtdetr,val,0.9239239239239239,0.0,1.0,0.0,0.9239239239239239,0.1264055426346362
rtdetr,val,0.924924924924925,0.0,1.0,0.0,0.924924924924925,0.12347999440917484
rtdetr,val,0.9259259259259259,0.0,1.0,0.0,0.9259259259259259,0.12078378096685967
rtdetr,val,0.9269269269269269,0.0,1.0,0.0,0.9269269269269269,0.11785662989522065
rtdetr,val,0.9279279279279279,0.0,1.0,0.0,0.9279279279279279,0.11474320756323993
rtdetr,val,0.9289289289289289,0.0,1.0,0.0,0.9289289289289289,0.11259233533254077
rtdetr,val,0.92992992992993,0.0,1.0,0.0,0.92992992992993,0.11006792826931293
rtdetr,val,0.9309309309309309,0.0,1.0,0.0,0.9309309309309309,0.10755450300327543
rtdetr,val,0.9319319319319319,0.0,1.0,0.0,0.9319319319319319,0.10488242006300696
rtdetr,val,0.9329329329329329,0.0,1.0,0.0,0.9329329329329329,0.10157426461324326
rtdetr,val,0.933933933933934,0.0,1.0,0.0,0.933933933933934,0.0989061328338133
rtdetr,val,0.934934934934935,0.0,1.0,0.0,0.934934934934935,0.09697534321738435
rtdetr,val,0.9359359359359359,0.0,1.0,0.0,0.9359359359359359,0.0953236148331065
rtdetr,val,0.9369369369369369,0.0,1.0,0.0,0.9369369369369369,0.09081829131181383
rtdetr,val,0.9379379379379379,0.0,1.0,0.0,0.9379379379379379,0.08745793192035967
rtdetr,val,0.938938938938939,0.0,1.0,0.0,0.938938938938939,0.08516151925811345
rtdetr,val,0.93993993993994,0.0,1.0,0.0,0.93993993993994,0.0819296551922883
rtdetr,val,0.9409409409409409,0.0,1.0,0.0,0.9409409409409409,0.07894371862084269
rtdetr,val,0.9419419419419419,0.0,1.0,0.0,0.9419419419419419,0.07517365272094409
rtdetr,val,0.9429429429429429,0.0,1.0,0.0,0.9429429429429429,0.07243631530379865
rtdetr,val,0.943943943943944,0.0,1.0,0.0,0.943943943943944,0.0691529515297575
rtdetr,val,0.944944944944945,0.0,1.0,0.0,0.944944944944945,0.06621541004052428
rtdetr,val,0.9459459459459459,0.0,1.0,0.0,0.9459459459459459,0.06260301947341551
rtdetr,val,0.9469469469469469,0.0,1.0,0.0,0.9469469469469469,0.06025807356499176
rtdetr,val,0.9479479479479479,0.0,1.0,0.0,0.9479479479479479,0.05712160629821908
rtdetr,val,0.948948948948949,0.0,1.0,0.0,0.948948948948949,0.053937282229965154
rtdetr,val,0.94994994994995,0.0,1.0,0.0,0.94994994994995,0.04991718834150833
rtdetr,val,0.950950950950951,0.0,1.0,0.0,0.950950950950951,0.04591806190257628
rtdetr,val,0.9519519519519519,0.0,1.0,0.0,0.9519519519519519,0.04324345972708761
rtdetr,val,0.9529529529529529,0.0,1.0,0.0,0.9529529529529529,0.040396490125704704
rtdetr,val,0.953953953953954,0.0,1.0,0.0,0.953953953953954,0.03735768603316272
rtdetr,val,0.954954954954955,0.0,1.0,0.0,0.954954954954955,0.03455570875542223
rtdetr,val,0.955955955955956,0.0,1.0,0.0,0.955955955955956,0.03183257735893371
rtdetr,val,0.9569569569569569,0.0,1.0,0.0,0.9569569569569569,0.029724483910113668
rtdetr,val,0.9579579579579579,0.0,1.0,0.0,0.9579579579579579,0.027939178249064476
rtdetr,val,0.958958958958959,0.0,1.0,0.0,0.958958958958959,0.02629682180628023
rtdetr,val,0.95995995995996,0.0,1.0,0.0,0.95995995995996,0.024668928563336884
rtdetr,val,0.960960960960961,0.0,1.0,0.0,0.960960960960961,0.023134771869221117
rtdetr,val,0.9619619619619619,0.0,1.0,0.0,0.9619619619619619,0.021883531850990165
rtdetr,val,0.9629629629629629,0.0,1.0,0.0,0.9629629629629629,0.020352083888947766
rtdetr,val,0.963963963963964,0.0,1.0,0.0,0.963963963963964,0.019061026009246133
rtdetr,val,0.964964964964965,0.0,1.0,0.0,0.964964964964965,0.01729878383978276
rtdetr,val,0.965965965965966,0.0,1.0,0.0,0.965965965965966,0.01614768546003632
rtdetr,val,0.9669669669669669,0.0,1.0,0.0,0.9669669669669669,0.015380004022806421
rtdetr,val,0.9679679679679679,0.0,1.0,0.0,0.9679679679679679,0.014455109874963484
rtdetr,val,0.968968968968969,0.0,1.0,0.0,0.968968968968969,0.013663780627339606
rtdetr,val,0.96996996996997,0.0,1.0,0.0,0.96996996996997,0.012672292717831914
rtdetr,val,0.970970970970971,0.0,1.0,0.0,0.970970970970971,0.011927239843384329
rtdetr,val,0.9719719719719719,0.0,1.0,0.0,0.9719719719719719,0.010690293311854565
rtdetr,val,0.9729729729729729,0.0,1.0,0.0,0.9729729729729729,0.009586927356527282
rtdetr,val,0.973973973973974,0.0,1.0,0.0,0.973973973973974,0.008779646300781428
rtdetr,val,0.974974974974975,0.0,1.0,0.0,0.974974974974975,0.007853716294569291
rtdetr,val,0.975975975975976,0.0,1.0,0.0,0.975975975975976,0.006903533910121928
rtdetr,val,0.9769769769769769,0.0,1.0,0.0,0.9769769769769769,0.006222044883999922
rtdetr,val,0.9779779779779779,0.0,1.0,0.0,0.9779779779779779,0.005338730219655599
rtdetr,val,0.978978978978979,0.0,1.0,0.0,0.978978978978979,0.0
rtdetr,val,0.97997997997998,0.0,1.0,0.0,0.97997997997998,0.0
rtdetr,val,0.980980980980981,0.0,1.0,0.0,0.980980980980981,0.0
rtdetr,val,0.9819819819819819,0.0,1.0,0.0,0.9819819819819819,0.0
rtdetr,val,0.9829829829829829,0.0,1.0,0.0,0.9829829829829829,0.0
rtdetr,val,0.983983983983984,0.0,1.0,0.0,0.983983983983984,0.0
rtdetr,val,0.984984984984985,0.0,1.0,0.0,0.984984984984985,0.0
rtdetr,val,0.985985985985986,0.0,1.0,0.0,0.985985985985986,0.0
rtdetr,val,0.986986986986987,0.0,1.0,0.0,0.986986986986987,0.0
rtdetr,val,0.9879879879879879,0.0,1.0,0.0,0.9879879879879879,0.0
rtdetr,val,0.988988988988989,0.0,1.0,0.0,0.988988988988989,0.0
rtdetr,val,0.98998998998999,0.0,1.0,0.0,0.98998998998999,0.0
rtdetr,val,0.990990990990991,0.0,1.0,0.0,0.990990990990991,0.0
rtdetr,val,0.991991991991992,0.0,1.0,0.0,0.991991991991992,0.0
rtdetr,val,0.992992992992993,0.0,1.0,0.0,0.992992992992993,0.0
rtdetr,val,0.993993993993994,0.0,1.0,0.0,0.993993993993994,0.0
rtdetr,val,0.994994994994995,0.0,1.0,0.0,0.994994994994995,0.0
rtdetr,val,0.995995995995996,0.0,1.0,0.0,0.995995995995996,0.0
rtdetr,val,0.996996996996997,0.0,1.0,0.0,0.996996996996997,0.0
rtdetr,val,0.997997997997998,0.0,1.0,0.0,0.997997997997998,0.0
rtdetr,val,0.998998998998999,0.0,1.0,0.0,0.998998998998999,0.0
rtdetr,val,1.0,0.0,1.0,0.0,1.0,0.0
rtdetr,test,0.0,0.008016114789586007,0.004025776334483458,0.9106381583262281,0.0,1.0
rtdetr,test,0.001001001001001001,0.00802073928240588,0.0040281090761285,0.9106381583262281,0.001001001001001001,1.0
rtdetr,test,0.002002002002002002,0.0116369149170323,0.005856370559551836,0.8987669705515839,0.002002002002002002,1.0
rtdetr,test,0.003003003003003003,0.014540876944807487,0.0073303549492186315,0.8894864563520692,0.003003003003003003,0.9921875
rtdetr,test,0.004004004004004004,0.017230818405709843,0.00870049628936135,0.8809601888896176,0.004004004004004004,0.9921875
rtdetr,test,0.005005005005005005,0.019824360920808852,0.010026126822870173,0.8721715747360136,0.005005005005005005,0.9819277108433735
rtdetr,test,0.006006006006006006,0.022399650730408997,0.011346809902728766,0.8645963140289893,0.006006006006006006,0.9765395894428153
rtdetr,test,0.007007007007007007,0.024952513939959415,0.012660515627969268,0.8572506066767233,0.007007007007007007,0.9765395894428153
rtdetr,test,0.008008008008008008,0.02747631048410692,0.013963836671507716,0.8500360726700334,0.008008008008008008,0.9765395894428153
rtdetr,test,0.009009009009009009,0.030011970316536657,0.015277689642217812,0.8437725454187709,0.009009009009009009,0.9765395894428153
rtdetr,test,0.01001001001001001,0.03247563309942554,0.01655912018016162,0.8368531514396275,0.01001001001001001,0.9765395894428153
rtdetr,test,0.011011011011011011,0.03492917799414616,0.01783986614156654,0.8302288974880304,0.011011011011011011,0.9745042492917847
rtdetr,test,0.012012012012012012,0.03742567336401284,0.019146951852785764,0.8253426903653178,0.012012012012012012,0.968503937007874
rtdetr,test,0.013013013013013013,0.03983467186495054,0.0204137109836361,0.8191119564504493,0.013013013013013013,0.9681528662420382
rtdetr,test,0.014014014014014014,0.04231882273998917,0.02172397852173901,0.8141929559913426,0.014014014014014014,0.9681528662420382
rtdetr,test,0.015015015015015015,0.044721456664594705,0.022996628666453914,0.808650882140749,0.015015015015015015,0.964509394572025
rtdetr,test,0.016016016016016016,0.04715412282924236,0.024289434145159015,0.8038958483636125,0.016016016016016016,0.9588235294117647
rtdetr,test,0.017017017017017015,0.049546494415961304,0.025566387284953758,0.7985505345313832,0.017017017017017015,0.950530035335689
rtdetr,test,0.018018018018018018,0.051987410240701346,0.026872775758428294,0.7946153341640979,0.018018018018018018,0.9474576271186441
rtdetr,test,0.01901901901901902,0.05437902088257162,0.02815874371860017,0.7899258870597494,0.01901901901901902,0.9448051948051948
rtdetr,test,0.02002002002002002,0.056752576631924456,0.029440267598934616,0.7851708532826129,0.02002002002002002,0.9415384615384615
rtdetr,test,0.02102102102102102,0.05917212414986286,0.03075051251478748,0.7813012395881157,0.02102102102102102,0.9367816091954023
rtdetr,test,0.022022022022022022,0.06156948913846668,0.032053796990185617,0.7775627992391946,0.022022022022022022,0.93646408839779
rtdetr,test,0.023023023023023025,0.06396675701781661,0.03336211180633795,0.7739227388994556,0.023023023023023025,0.9353562005277045
rtdetr,test,0.024024024024024024,0.06634686561826393,0.03466579801005322,0.770577818587263,0.024024024024024024,0.9319041614123581
rtdetr,test,0.025025025025025023,0.06869957824316929,0.03596053582497674,0.766872171574736,0.025025025025025023,0.9306569343065694
rtdetr,test,0.026026026026026026,0.07109292218023797,0.037280357269160916,0.7642814979996064,0.026026026026026026,0.9236111111111112
rtdetr,test,0.02702702702702703,0.07338786747660374,0.03855430456974239,0.7604446776415033,0.02702702702702703,0.9234184239733629
rtdetr,test,0.028028028028028028,0.07569512303602279,0.03983803805572229,0.7574932773660392,0.028028028028028028,0.9229946524064171
rtdetr,test,0.029029029029029027,0.07796093909025598,0.04110423687827874,0.754443497081393,0.029029029029029027,0.921161825726141
rtdetr,test,0.03003003003003003,0.08015351566369813,0.042335997618251665,0.7510001967600184,0.03003003003003003,0.921
rtdetr,test,0.031031031031031032,0.08245469227933183,0.04363082027248635,0.7484095231848888,0.031031031031031032,0.9209257473481196
rtdetr,test,0.03203203203203203,0.08463645500159316,0.044864897605683275,0.7455237095822129,0.03203203203203203,0.9142857142857143
rtdetr,test,0.03303303303303303,0.08677658010436745,0.04608090310049835,0.7425395159703548,0.03303303303303303,0.9119217081850534
rtdetr,test,0.03403403403403403,0.0889520155049186,0.047321086617952306,0.7397520823768611,0.03403403403403403,0.9114583333333334
rtdetr,test,0.035035035035035036,0.09106475068209302,0.04853050060473544,0.7370302354561553,0.035035035035035036,0.9084745762711864
rtdetr,test,0.036036036036036036,0.093147379110319,0.049728431979302205,0.7341444218534794,0.036036036036036036,0.9045267489711935
rtdetr,test,0.037037037037037035,0.09523279173461079,0.05093229145890466,0.7313897815963796,0.037037037037037035,0.897070467141726
rtdetr,test,0.03803803803803804,0.09731162199308037,0.05213736968235756,0.7286351413392799,0.03803803803803804,0.8910207214121258
rtdetr,test,0.03903903903903904,0.09936792898927413,0.05333452493725888,0.72588050108218,0.03903903903903904,0.8869047619047619
rtdetr,test,0.04004004004004004,0.10138306375716628,0.05451217298408176,0.7232570341706566,0.04004004004004004,0.8811239193083573
rtdetr,test,0.04104104104104104,0.10351300261495501,0.05575583589536494,0.7215517806781662,0.04104104104104104,0.88
rtdetr,test,0.04204204204204204,0.10551271199134461,0.05693512877209209,0.7187971404210665,0.04204204204204204,0.8787671232876713
rtdetr,test,0.043043043043043044,0.10748695885153181,0.05810221947592361,0.7164032268643011,0.043043043043043044,0.8777372262773723
rtdetr,test,0.044044044044044044,0.10942568303999811,0.05925486137180847,0.7137797599527776,0.044044044044044044,0.8777372262773723
rtdetr,test,0.04504504504504504,0.11139382805065769,0.060426856115126375,0.7115498130779826,0.04504504504504504,0.8777372262773723
rtdetr,test,0.04604604604604605,0.11333505374548328,0.0615862877396494,0.7095166262215518,0.04604604604604605,0.8777372262773723
rtdetr,test,0.04704704704704705,0.11532219383026805,0.06277809195657774,0.7074178526923329,0.04704704704704705,0.8777372262773723
rtdetr,test,0.04804804804804805,0.11731591266340242,0.06397821880184035,0.7053846658359021,0.04804804804804805,0.8772348033373063
rtdetr,test,0.04904904904904905,0.11925990038373735,0.06515366005843423,0.7033514789794714,0.04904904904904905,0.8758782201405152
rtdetr,test,0.050050050050050046,0.12115619655092491,0.06630802931136176,0.7010231520954942,0.050050050050050046,0.8738135120044668
rtdetr,test,0.05105105105105105,0.12319058007383542,0.06754241269155144,0.6995474519577621,0.05105105105105105,0.8738135120044668
rtdetr,test,0.05205205205205205,0.1250806062009232,0.06870038486067342,0.6974814717649374,0.05205205205205205,0.8737071311921611
rtdetr,test,0.05305305305305305,0.12694240407727161,0.06984777525960364,0.6952515248901423,0.05305305305305305,0.8733195449844882
rtdetr,test,0.05405405405405406,0.12885305144738016,0.0710284090992696,0.6931527513609235,0.05405405405405406,0.8733195449844882
rtdetr,test,0.055055055055055056,0.13069981701760144,0.07217626992951194,0.6909555978225225,0.055055055055055056,0.8733195449844882
rtdetr,test,0.056056056056056056,0.13254610790515098,0.07332697223054081,0.6889224109660916,0.056056056056056056,0.8730886850152905
rtdetr,test,0.057057057057057055,0.1343752526539238,0.0744739910364488,0.6867252574276906,0.057057057057057055,0.8716814159292036
rtdetr,test,0.058058058058058054,0.13625850421104393,0.0756554291813986,0.6848560372532302,0.058058058058058054,0.8716814159292036
rtdetr,test,0.05905905905905906,0.13806208693044641,0.0767963859054756,0.6826916770512232,0.05905905905905906,0.8702728578267114
rtdetr,test,0.06006006006006006,0.1398807813458368,0.07794706395245096,0.6808880435495507,0.06006006006006006,0.8687825675035529
rtdetr,test,0.06106106106106106,0.141679336967744,0.07909362233718112,0.6788220633567259,0.06106106106106106,0.8669767441860465
rtdetr,test,0.062062062062062065,0.14351102681969985,0.08026370150532915,0.6769200498458713,0.062062062062062065,0.8656307129798904
rtdetr,test,0.06306306306306306,0.14526034822194656,0.08138865711152557,0.6749196563258346,0.06306306306306306,0.8656026879462411
rtdetr,test,0.06406406406406406,0.14710205094433915,0.08256938327077243,0.6734111628517085,0.06406406406406406,0.8656026879462411
rtdetr,test,0.06506506506506507,0.1489408300321754,0.0837567807731739,0.6716731160228242,0.06506506506506507,0.8656026879462411
rtdetr,test,0.06606606606606606,0.1507019894267159,0.08489698556404761,0.6701318292123041,0.06606606606606606,0.8656026879462411
rtdetr,test,0.06706706706706707,0.15249433109488192,0.08606288099447262,0.6685249557289958,0.06706706706706707,0.8656026879462411
rtdetr,test,0.06806806806806806,0.1542611744048197,0.08722253738898997,0.6666229422181412,0.06806806806806806,0.8644135188866799
rtdetr,test,0.06906906906906907,0.15604666832494893,0.0883930716374792,0.6650816554076212,0.06906906906906907,0.8644135188866799
rtdetr,test,0.07007007007007007,0.15781344032411118,0.08955837939127563,0.6634419885879189,0.07007007007007007,0.8644135188866799
rtdetr,test,0.07107107107107107,0.15958254591569673,0.09073278770803343,0.6616711484226405,0.07107107107107107,0.8644135188866799
rtdetr,test,0.07207207207207207,0.1614307515941282,0.09195816428863549,0.6601954482849085,0.07207207207207207,0.8626373626373627
rtdetr,test,0.07307307307307308,0.16321980477043055,0.09314916028333678,0.6587853348199646,0.07307307307307308,0.8594946401225115
rtdetr,test,0.07407407407407407,0.16500207070500147,0.09433885377477318,0.6574736013642027,0.07407407407407407,0.8584236085169966
rtdetr,test,0.07507507507507508,0.1668037194465935,0.09555050920014603,0.6559651078900768,0.07507507507507508,0.8584236085169966
rtdetr,test,0.07607607607607608,0.168642854098286,0.0967865985042522,0.654718961107103,0.07607607607607608,0.8583363603341809
rtdetr,test,0.07707707707707707,0.17042833492693193,0.09800071602916872,0.6531120876237948,0.07707707707707707,0.8583363603341809
rtdetr,test,0.07807807807807808,0.172076796845484,0.09913485631053898,0.6512756607857283,0.07807807807807808,0.8581485392467441
rtdetr,test,0.07907907907907907,0.17376049472374577,0.10029078665573439,0.6497343739752083,0.07907907907907907,0.8581485392467441
rtdetr,test,0.08008008008008008,0.17548251996263575,0.10147594246004074,0.6482586738374763,0.08008008008008008,0.8574438202247191
rtdetr,test,0.08108108108108109,0.17723900543444115,0.10268629762853296,0.6469141470453204,0.08108108108108109,0.8558091286307054
rtdetr,test,0.08208208208208208,0.1790648075947411,0.10394284814669857,0.6457991736079228,0.08208208208208208,0.8552719946272667
rtdetr,test,0.08308308308308308,0.18086285144976771,0.10518963537128675,0.6445530268249492,0.08308308308308308,0.8552719946272667
rtdetr,test,0.08408408408408408,0.18261607573162913,0.1064196960737184,0.6430117400144291,0.08408408408408408,0.8549084858569052
rtdetr,test,0.08508508508508508,0.18439566973662172,0.10766626052888834,0.6417327998950614,0.08508508508508508,0.8537627341439369
rtdetr,test,0.08608608608608609,0.18604431025295848,0.10883459808041364,0.6402570997573294,0.08608608608608609,0.8531990906138357
rtdetr,test,0.08708708708708708,0.18776771834942058,0.1100558126709539,0.6389125729651735,0.08708708708708708,0.8504761904761905
rtdetr,test,0.08808808808808809,0.18945633042392626,0.1112556894803567,0.6376664261821998,0.08808808808808809,0.8492890995260663
rtdetr,test,0.0890890890890891,0.19142011847972795,0.1126371373000693,0.6368793861087427,0.0890890890890891,0.8484092326887087
rtdetr,test,0.09009009009009009,0.1930419951314276,0.11380287131980076,0.6356004459893749,0.09009009009009009,0.8463661453541859
rtdetr,test,0.09109109109109109,0.19489900185560952,0.11512602112426393,0.6346822325703417,0.09109109109109109,0.8454047474132684
rtdetr,test,0.0920920920920921,0.1964427637184496,0.1162710763031021,0.632714632386699,0.0920920920920921,0.8427033492822966
rtdetr,test,0.09309309309309309,0.1980472803936285,0.11745002804582928,0.6311779288276316,0.09309309309309309,0.8414814814814815
rtdetr,test,0.0940940940940941,0.19989748955111117,0.11879104365495255,0.6301256433668637,0.0940940940940941,0.8407772621809745
rtdetr,test,0.09509509509509509,0.2017481962386606,0.12013513492749525,0.6291729520561422,0.09509509509509509,0.8403361344537815
rtdetr,test,0.0960960960960961,0.2035242817666991,0.12144453209912737,0.6278940119367744,0.0960960960960961,0.8388110888825379
rtdetr,test,0.0970970970970971,0.20525224324722124,0.12273104571745615,0.6264838984718305,0.0970970970970971,0.8388001121390525
rtdetr,test,0.0980980980980981,0.20695509182510677,0.12399188561828474,0.6254345117072211,0.0980980980980981,0.8388001121390525
rtdetr,test,0.0990990990990991,0.20867750425697684,0.1252752472565432,0.6243195382698236,0.0990990990990991,0.8385127635960045
rtdetr,test,0.10010010010010009,0.21032749873296006,0.12652590072083506,0.6228744423281786,0.10010010010010009,0.836343732895457
rtdetr,test,0.1011011011011011,0.21208738737742502,0.12784598837029473,0.6218272447038762,0.1011011011011011,0.8352749932267678
rtdetr,test,0.1021021021021021,0.213726338940683,0.12908708102205918,0.6207122712664787,0.1021021021021021,0.8341320553780618
rtdetr,test,0.1031031031031031,0.21539766065290578,0.13035914657559286,0.6195645044926871,0.1031031031031031,0.83399209486166
rtdetr,test,0.1041041041041041,0.21711224065926424,0.1316587636207834,0.6186462910736539,0.1041041041041041,0.8339018630280767
rtdetr,test,0.10510510510510511,0.21886202510667002,0.13299796094874575,0.6175641109726504,0.10510510510510511,0.8328149300155521
rtdetr,test,0.1061061061061061,0.220545320132351,0.13430224686203013,0.6163179641896767,0.1061061061061061,0.8297926798054773
rtdetr,test,0.10710710710710711,0.2222032175957547,0.1355926682356904,0.615104610743097,0.10710710710710711,0.8281526408895628
rtdetr,test,0.10810810810810811,0.22399461139009216,0.13698453297539886,0.6139896373056994,0.10810810810810811,0.8268170426065163
rtdetr,test,0.1091091091091091,0.22566994228877857,0.13829474161378433,0.612907457204696,0.1091091091091091,0.826302729528536
rtdetr,test,0.11011011011011011,0.22736213076727807,0.13962583225667077,0.6117924837672984,0.11011011011011011,0.8251043969540653
rtdetr,test,0.1111111111111111,0.22901603674659965,0.14093464573419137,0.6106775103299009,0.1111111111111111,0.8242586290714633
rtdetr,test,0.11211211211211211,0.2306090364855378,0.14220190659149293,0.6095953302288974,0.11211211211211211,0.8227086841472215
rtdetr,test,0.11311311311311312,0.2323435005559061,0.14358154500197445,0.608545943464288,0.11311311311311312,0.8193655303030303
rtdetr,test,0.11411411411411411,0.23397445055411814,0.1448976638767106,0.6073417866774758,0.11411411411411411,0.8188847235238987
rtdetr,test,0.11511511511511512,0.23561983692702723,0.14623474780562204,0.6060864432347347,0.11511511511511512,0.8183720930232559
rtdetr,test,0.11611611611611611,0.23725996095513452,0.14756853819685814,0.6049386764609431,0.11611611611611611,0.8175940891249134
rtdetr,test,0.11711711711711711,0.2388443311789085,0.1488639665168832,0.6038237030235456,0.11711711711711711,0.8173714285714285
rtdetr,test,0.11811811811811812,0.24052735847161152,0.150230731887717,0.6029054896045124,0.11811811811811812,0.8162989644304367
rtdetr,test,0.11911911911911911,0.24227653630585425,0.1516623676666924,0.6018888961762969,0.11911911911911911,0.815712682379349
rtdetr,test,0.12012012012012012,0.24381664097500236,0.1529561708860197,0.6005771627205352,0.12012012012012012,0.8134623845138583
rtdetr,test,0.12112112112112113,0.24535230006519926,0.154238321570942,0.5994949826195317,0.12112112112112113,0.8134623845138583
rtdetr,test,0.12212212212212212,0.24708116473642291,0.15566702321993311,0.5986095625368925,0.12212212212212212,0.8125681867772202
rtdetr,test,0.12312312312312312,0.2486690671432316,0.15699293360042246,0.5976913491178593,0.12312312312312312,0.8115284974093264
rtdetr,test,0.12412412412412413,0.25031736156302636,0.15838296674717647,0.5966419623532498,0.12412412412412413,0.8095440084835631
rtdetr,test,0.12512512512512514,0.2518492987059157,0.15968212434443285,0.5956581622614284,0.12512512512512514,0.8095440084835631
rtdetr,test,0.12612612612612611,0.2534454867939413,0.16104205867368118,0.5946415688332131,0.12612612612612611,0.8075550891920252
rtdetr,test,0.12712712712712712,0.2550801749699797,0.16243541592992683,0.5936905620777858,0.12712712712712712,0.8058835715765486
rtdetr,test,0.12812812812812813,0.25680062952539806,0.16389838834891587,0.5928379353315406,0.12812812812812813,0.8038208709942481
rtdetr,test,0.12912912912912913,0.25836466765372196,0.16526660622918407,0.591657375221355,0.12912912912912913,0.8026074556936239
rtdetr,test,0.13013013013013014,0.2599642082345255,0.1666690494829259,0.5905096084475635,0.13013013013013014,0.80068589872907
rtdetr,test,0.13113113113113112,0.2615287465000346,0.1680291777681202,0.5896241883649243,0.13113113113113112,0.7996814018319395
rtdetr,test,0.13213213213213212,0.2631310647475802,0.1694248085022934,0.588771561618679,0.13213213213213212,0.7989741566383902
rtdetr,test,0.13313313313313313,0.2646057444378227,0.17074342817304375,0.5876565881812815,0.13313313313313313,0.7982387475538161
rtdetr,test,0.13413413413413414,0.2662390511538026,0.17219058856882194,0.5866727880894602,0.13413413413413414,0.7976213686878534
rtdetr,test,0.13513513513513514,0.26779060323455284,0.17356550654039907,0.585820161343215,0.13513513513513514,0.7965250965250965
rtdetr,test,0.13613613613613612,0.2693013469642367,0.17493353317753593,0.5847379812422115,0.13613613613613612,0.7956721562619686
rtdetr,test,0.13713713713713713,0.2707214991652563,0.17622636303131803,0.5837213878139962,0.13713713713713713,0.7943019943019943
rtdetr,test,0.13813813813813813,0.27213198045943127,0.17753599499360975,0.5825080343674165,0.13813813813813813,0.7933044950159864
rtdetr,test,0.13913913913913914,0.27351668966108406,0.17883415094204536,0.5812618875844429,0.13913913913913914,0.7926396413226229
rtdetr,test,0.14014014014014015,0.2751915929385573,0.180335227146595,0.5805732275201679,0.14014014014014015,0.7902808573540281
rtdetr,test,0.14114114114114115,0.27676554417947247,0.18177632094455037,0.5796878074375287,0.14114114114114115,0.788605971789705
rtdetr,test,0.14214214214214213,0.27825409730286826,0.18317091473558372,0.5786056273365252,0.14214214214214213,0.7878128400435256
rtdetr,test,0.14314314314314314,0.279636244068655,0.1844942235963241,0.5773922738899455,0.14314314314314314,0.7861386138613862
rtdetr,test,0.14414414414414414,0.2810588948818993,0.18585726342945058,0.57621171377976,0.14414414414414414,0.7847197429489468
rtdetr,test,0.14514514514514515,0.2824750333873013,0.18720522403105933,0.5751951203515445,0.14514514514514515,0.7839604310192545
rtdetr,test,0.14614614614614616,0.28394493694268563,0.18860451397222874,0.5742113202597232,0.14614614614614616,0.782761037140855
rtdetr,test,0.14714714714714713,0.28533672845579133,0.18994238423340604,0.5732275201679019,0.14714714714714713,0.7824427480916031
rtdetr,test,0.14814814814814814,0.2868663830037928,0.19136995374208926,0.572604446776415,0.14814814814814814,0.7821200069168252
rtdetr,test,0.14914914914914915,0.2884443794142305,0.19288881370714342,0.5716206466845937,0.14914914914914915,0.7816151202749141
rtdetr,test,0.15015015015015015,0.2900272638585719,0.19438303389640635,0.5709647799567128,0.15015015015015015,0.7803507577047506
rtdetr,test,0.15115115115115116,0.2916360874042265,0.19591227694171648,0.5702761198924379,0.15115115115115116,0.7790344361917623
rtdetr,test,0.15215215215215216,0.29290080494482884,0.19718499328449546,0.5691939397914344,0.15215215215215216,0.7785606441872169
rtdetr,test,0.15315315315315314,0.2943956937968918,0.19865036883748577,0.5683085197087951,0.15315315315315314,0.7773339990014978
rtdetr,test,0.15415415415415415,0.2960031081071124,0.20023512683915462,0.5673575129533679,0.15415415415415415,0.7753049785690735
rtdetr,test,0.15515515515515516,0.297510468869398,0.20173752197401792,0.5664065061979405,0.15515515515515516,0.7752293577981652
rtdetr,test,0.15615615615615616,0.2989703485968882,0.203204913386315,0.5654554994425133,0.15615615615615616,0.7739737141002758
rtdetr,test,0.15715715715715717,0.30015604909669785,0.20446515231060192,0.5642093526595395,0.15715715715715717,0.7733183496548403
rtdetr,test,0.15815815815815815,0.3016330941630196,0.2059455617759145,0.5634056528305345,0.15815815815815815,0.7718034885581693
rtdetr,test,0.15915915915915915,0.3029508996919519,0.20729475195725403,0.5625306052884312,0.15915915915915915,0.7702681262890687
rtdetr,test,0.16016016016016016,0.3043431880703021,0.20873544492492477,0.561553092411622,0.16016016016016016,0.7684705882352941
rtdetr,test,0.16116116116116116,0.30560068934066653,0.21009959898961042,0.5602741522922542,0.16116116116116116,0.7677651101046384
rtdetr,test,0.16216216216216217,0.3069290319714344,0.2115211376096763,0.5591263855184626,0.16216216216216217,0.7668265511372427
rtdetr,test,0.16316316316316315,0.30820835170399624,0.21288577704889564,0.5581097920902472,0.16316316316316315,0.7657186779400461
rtdetr,test,0.16416416416416416,0.30957693254910623,0.2143294304309409,0.557191578671214,0.16416416416416416,0.7647777608064763
rtdetr,test,0.16516516516516516,0.3112103687661295,0.21599712698276585,0.5565357119433331,0.16516516516516516,0.7641795571731878
rtdetr,test,0.16616616616616617,0.31239884554833736,0.21732408640483508,0.5553551518331475,0.16616616616616617,0.7622913847541724
rtdetr,test,0.16716716716716717,0.3137219007002331,0.2187493905060674,0.5544369384141142,0.16716716716716717,0.761726919629519
rtdetr,test,0.16816816816816815,0.3152069548005372,0.22028936647615552,0.5538466583590215,0.16816816816816815,0.7603024014230655
rtdetr,test,0.16916916916916916,0.3166494360773568,0.22182737849851894,0.5530596182855644,0.16916916916916916,0.7596408595819841
rtdetr,test,0.17017017017017017,0.31795151957728535,0.22327875104786574,0.552010231520955,0.17017017017017017,0.75938093152285
rtdetr,test,0.17117117117117117,0.3192225553930699,0.22468121212368736,0.5511248114383157,0.17117117117117117,0.7581159420289855
rtdetr,test,0.17217217217217218,0.3205173377027752,0.22613198021413816,0.5501410113464944,0.17217217217217218,0.7576107343817631
rtdetr,test,0.17317317317317318,0.321968500529719,0.2276973954766997,0.5494523512822195,0.17317317317317318,0.7560801144492132
rtdetr,test,0.17417417417417416,0.3232417296883103,0.22912146157901314,0.5485997245359743,0.17417417417417416,0.7558338076266363
rtdetr,test,0.17517517517517517,0.3246959579938604,0.23071320689691494,0.5478782711353053,0.17517517517517517,0.7542695836273818
rtdetr,test,0.17617617617617617,0.326121225977313,0.23231440538262457,0.5469928510526662,0.17617617617617617,0.7537512270368812
rtdetr,test,0.17717717717717718,0.3275364003631255,0.23389734708939475,0.5462058109792091,0.17717717717717718,0.7528559487322374
rtdetr,test,0.1781781781781782,0.32889596974396706,0.2354266874163565,0.545451564242146,0.1781781781781782,0.7519712270023516
rtdetr,test,0.17917917917917917,0.33022553427331824,0.23697123639938866,0.5445005574867187,0.17917917917917917,0.7508241758241758
rtdetr,test,0.18018018018018017,0.33161080066778026,0.23852649434763387,0.5438446907588378,0.18018018018018017,0.7502388426368227
rtdetr,test,0.18118118118118118,0.332847725397718,0.2400131392398298,0.5427953039942284,0.18118118118118118,0.7482403898213319
rtdetr,test,0.18218218218218218,0.33411096373413224,0.241484944342265,0.5420082639207713,0.18218218218218218,0.7477125941872982
rtdetr,test,0.1831831831831832,0.33529966803709144,0.2429332983950396,0.5409916704925559,0.1831831831831832,0.7467914438502674
rtdetr,test,0.1841841841841842,0.33656352379504717,0.2444366545664009,0.5401390437463107,0.1841841841841842,0.7456524624983406
rtdetr,test,0.18518518518518517,0.3377652424874951,0.24587647281768285,0.5393192103364597,0.18518518518518517,0.7448912326961108
rtdetr,test,0.18618618618618618,0.3390086621227824,0.24738295401403432,0.5384337902538204,0.18618618618618618,0.7442988204456095
rtdetr,test,0.1871871871871872,0.340208134835585,0.2488377140068846,0.5376139568439693,0.1871871871871872,0.7426193263103135
rtdetr,test,0.1881881881881882,0.34136756906579735,0.2502366536976572,0.5368925034433003,0.1881881881881882,0.7418022205009037
rtdetr,test,0.1891891891891892,0.34238035225268804,0.2515789013654533,0.5357447366695087,0.1891891891891892,0.7410348360655737
rtdetr,test,0.19019019019019018,0.3435851235448352,0.25307243234958837,0.5348921099232636,0.19019019019019018,0.7406461499169965
rtdetr,test,0.19119119119119118,0.34473193215836345,0.2545119481815228,0.5340394831770184,0.19119119119119118,0.7397312373225152
rtdetr,test,0.1921921921921922,0.34583706597445174,0.25594473298442183,0.5330556830851971,0.1921921921921922,0.7381731253145445
rtdetr,test,0.1931931931931932,0.34689956769678526,0.25734454624774994,0.5320517591879714,0.1931931931931932,0.736861815004369
rtdetr,test,0.1941941941941942,0.34814680910589096,0.2589092439689868,0.5312520495835247,0.1941941941941942,0.7365150385284613
rtdetr,test,0.19519519519519518,0.34921287470220197,0.2602702953729091,0.5305022453204613,0.19519519519519518,0.7352432699431959
rtdetr,test,0.1961961961961962,0.35043511830031754,0.2617994027463088,0.5298091427821867,0.1961961961961962,0.7341430499325237
rtdetr,test,0.1971971971971972,0.3516004970787512,0.26325629675334405,0.5291860693906998,0.1971971971971972,0.7320754716981132
rtdetr,test,0.1981981981981982,0.3525433968597302,0.26455279478060834,0.5282350626352725,0.1981981981981982,0.7308668842945231
rtdetr,test,0.1991991991991992,0.3537442138918756,0.2660990468841409,0.5274808158982095,0.1991991991991992,0.7302006970316067
rtdetr,test,0.20020020020020018,0.3546609876079169,0.2673994314368378,0.5264642224699941,0.20020020020020018,0.7277274892806098
rtdetr,test,0.2012012012012012,0.3557692696146685,0.2688497156374024,0.5257427690693252,0.2012012012012012,0.7268425411096652
rtdetr,test,0.2022022022022022,0.3567261899215225,0.27021293525405016,0.5247261756411097,0.2022022022022022,0.7261848897231347
rtdetr,test,0.2032032032032032,0.35774889741500204,0.2715909067047202,0.5239703366605554,0.2032032032032032,0.7258461178123902
rtdetr,test,0.2042042042042042,0.3587227118905493,0.27293394594624626,0.5231639161415188,0.2042042042042042,0.7244304974430498
rtdetr,test,0.20520520520520522,0.3598020290525899,0.2744416739123537,0.5222338820751623,0.20520520520520522,0.7233502538071066
rtdetr,test,0.2062062062062062,0.3610015665288121,0.27601404975083754,0.5216108086836755,0.2062062062062062,0.72271996324374
rtdetr,test,0.2072072072072072,0.36203342555579254,0.27747303737872775,0.5207253886010362,0.2072072072072072,0.7218732153055397
rtdetr,test,0.2082082082082082,0.3631851999380025,0.2790452108196532,0.5199711418639732,0.2082082082082082,0.7208035410282602
rtdetr,test,0.2092092092092092,0.3642408152115338,0.2805131351906556,0.5192168951269102,0.2092092092092092,0.7183920952167079
rtdetr,test,0.21021021021021022,0.3650569429685807,0.28174331634627336,0.518331475044271,0.21021021021021022,0.717882721575649
rtdetr,test,0.2112112112112112,0.3659241597131073,0.28306160734474883,0.5173804682888437,0.2112112112112112,0.7169517884914464
rtdetr,test,0.2122122122122122,0.3668122751499346,0.28438368091581295,0.5165278415425986,0.2122122122122122,0.7165781319167773
rtdetr,test,0.2132132132132132,0.3677049559109845,0.2857495287877475,0.5155768347871712,0.2132132132132132,0.7160004404801233
rtdetr,test,0.21421421421421422,0.3685636582038669,0.28711375355909374,0.5145274480225618,0.21421421421421422,0.7148950131233596
rtdetr,test,0.21521521521521522,0.3695619071413092,0.2885645564963835,0.5137732012854987,0.21521521521521522,0.7143012625163256
rtdetr,test,0.21621621621621623,0.37038296780440366,0.28990140870601216,0.5127238145208893,0.21621621621621623,0.7127107652399481
rtdetr,test,0.2172172172172172,0.371385047528611,0.2914067141347224,0.5118711877746442,0.2172172172172172,0.711722359514344
rtdetr,test,0.2182182182182182,0.3721733381245861,0.2927112637552681,0.5108545943464288,0.2182182182182182,0.7110802436157709
rtdetr,test,0.21921921921921922,0.37319657100699377,0.2942731608960527,0.5099691742637896,0.21921921921921922,0.7098451092722258
rtdetr,test,0.22022022022022023,0.37393671087389785,0.2955252449830968,0.5089853741719682,0.22022022022022023,0.7089182058047493
rtdetr,test,0.22122122122122123,0.37489432059390715,0.29706983677791143,0.5079687807437528,0.22122122122122123,0.7074551745832023
rtdetr,test,0.2222222222222222,0.3757933679825547,0.29844965950548263,0.5072473273430839,0.2222222222222222,0.7063789868667918
rtdetr,test,0.22322322322322322,0.3766807594669303,0.29991482442268097,0.5062635272512626,0.22322322322322322,0.7055348258706468
rtdetr,test,0.22422422422422422,0.3773166629070682,0.30111667459409824,0.505148553813865,0.22422422422422422,0.7048335566319694
rtdetr,test,0.22522522522522523,0.3781900032687711,0.30256028224605747,0.5042303403948317,0.22522522522522523,0.7039655702428528
rtdetr,test,0.22622622622622623,0.37907217078457434,0.3040012309672236,0.5033777136485866,0.22622622622622623,0.7032507897686742
rtdetr,test,0.2272272272272272,0.3800488139184154,0.30552535435260186,0.5026562602479177,0.2272272272272272,0.7023713011755168
rtdetr,test,0.22822822822822822,0.3809373942930215,0.30699376502807996,0.5018036335016725,0.22822822822822822,0.7008357667908569
rtdetr,test,0.22922922922922923,0.3818521399555758,0.3084813044672117,0.5010165934282154,0.22922922922922923,0.7002496255616575
rtdetr,test,0.23023023023023023,0.3828116089000355,0.3100875767951928,0.5000983800091822,0.23023023023023023,0.6998604465709729
rtdetr,test,0.23123123123123124,0.3835440501813636,0.31144446708873313,0.49908178658096675,0.23123123123123124,0.6992563212692117
rtdetr,test,0.23223223223223222,0.3843072146250746,0.31276140572967726,0.49829474650750966,0.23223223223223222,0.6979700433582972
rtdetr,test,0.23323323323323322,0.38540536996588115,0.314480045077544,0.4976388797796288,0.23323323323323322,0.6961876832844575
rtdetr,test,0.23423423423423423,0.3862701011584765,0.3159638735639461,0.49681904636977764,0.23423423423423423,0.6947061680427392
rtdetr,test,0.23523523523523523,0.3872493941378403,0.31757141700048863,0.49609759296910866,0.23523523523523523,0.6936388244392885
rtdetr,test,0.23623623623623624,0.3879583601482198,0.31887860122392725,0.4952449662228635,0.23623623623623624,0.6911200613732259
rtdetr,test,0.23723723723723725,0.3887245232703686,0.32028569727651324,0.4943595461402243,0.23723723723723725,0.6897044804575786
rtdetr,test,0.23823823823823823,0.38961358885706976,0.32181441502805597,0.4936052994031613,0.23823823823823823,0.6890469416785207
rtdetr,test,0.23923923923923923,0.39052409203563293,0.3233967140548111,0.4928182593297042,0.23923923923923923,0.6885849056603773
rtdetr,test,0.24024024024024024,0.3913677186570963,0.32486908298656264,0.4920968059290352,0.24024024024024024,0.6875
rtdetr,test,0.24124124124124124,0.39208846293197724,0.3262674306730732,0.49117859251000195,0.24124124124124124,0.6865727349071569
rtdetr,test,0.24224224224224225,0.3927789382516838,0.32767752246872583,0.4901619990817866,0.24224224224224225,0.6854068095370628
rtdetr,test,0.24324324324324323,0.3937138621198151,0.32923258087336077,0.48960451236308783,0.24324324324324323,0.6843173431734317
rtdetr,test,0.24424424424424424,0.39428959433507593,0.33048710449470875,0.48862071227126647,0.24424424424424424,0.6838046272493573
rtdetr,test,0.24524524524524524,0.3950599609550731,0.33196834794009084,0.4877603211451578,0.24524524524524524,0.6828334396936822
rtdetr,test,0.24624624624624625,0.39576783390185394,0.33342560834286483,0.48678428543319996,0.24624624624624625,0.6822226257490467
rtdetr,test,0.24724724724724725,0.3966150641136858,0.33503416111689166,0.4859316586869548,0.24724724724724725,0.6813047799765067
rtdetr,test,0.24824824824824826,0.3974201577447891,0.3364678725209198,0.485341378631862,0.24824824824824826,0.680140123955807
rtdetr,test,0.24924924924924924,0.3982448139306085,0.33806567642032104,0.48448875188561685,0.24924924924924924,0.6786894027318989
rtdetr,test,0.2502502502502503,0.398891937738151,0.3394019244073961,0.4836689184757657,0.2502502502502503,0.6774050408235712
rtdetr,test,0.25125125125125125,0.39968307637871864,0.3409729991633899,0.48281629172952056,0.25125125125125125,0.6761980407731003
rtdetr,test,0.25225225225225223,0.4004726465871732,0.3423878400787638,0.48229159834721586,0.25225225225225223,0.6749429724513073
rtdetr,test,0.25325325325325326,0.4011001602065448,0.3437395612357387,0.48143897160097066,0.25325325325325326,0.6743191340782123
rtdetr,test,0.25425425425425424,0.4017029292292027,0.34506412341210824,0.4805863448547255,0.25425425425425424,0.673967840069535
rtdetr,test,0.2552552552552553,0.4022744533284976,0.3464541195469496,0.4795369580901161,0.2552552552552553,0.6729955985155778
rtdetr,test,0.25625625625625625,0.4028877900107603,0.347900369224369,0.4785203646619007,0.25625625625625625,0.6721424271093145
rtdetr,test,0.25725725725725723,0.40373642511073615,0.3495354816521775,0.47783170459762575,0.25725725725725723,0.6709142221842128
rtdetr,test,0.25825825825825827,0.4043922981798657,0.35098007424523653,0.4769790778513806,0.25825825825825827,0.6702978723404255
rtdetr,test,0.25925925925925924,0.40509109226538564,0.3524461798651483,0.47622483111431757,0.25925925925925924,0.668666553996958
rtdetr,test,0.2602602602602603,0.40561037937029126,0.3537944875842039,0.4752082376861022,0.2602602602602603,0.6671705719324766
rtdetr,test,0.26126126126126126,0.40632937966950644,0.35529344027514353,0.4744867842854332,0.26126126126126126,0.6663042569206322
rtdetr,test,0.26226226226226224,0.40690124018847623,0.35663216429270517,0.4736669508755821,0.26226226226226224,0.6641778662684586
rtdetr,test,0.26326326326326327,0.40736939344037804,0.35778254142745103,0.47291270413851905,0.26326326326326327,0.663417052214144
rtdetr,test,0.26426426426426425,0.4081664747438157,0.3593897723010684,0.4722623439059385,0.26426426426426425,0.6618238529097923
rtdetr,test,0.2652652652652653,0.40893577133113757,0.36097083724065393,0.47160097068275725,0.2652652652652653,0.6603804392195282
rtdetr,test,0.26626626626626626,0.4093568504713308,0.3621498973076967,0.47071555060011805,0.26626626626626626,0.6596539679961011
rtdetr,test,0.26726726726726724,0.40994666765719495,0.36350456378365625,0.46999409719944907,0.26726726726726724,0.6586134453781513
rtdetr,test,0.2682682682682683,0.41049153819297657,0.364916039423575,0.4690758837804158,0.2682682682682683,0.6568973823671109
rtdetr,test,0.26926926926926925,0.4112105959015607,0.3664745754793098,0.4683872237161409,0.26926926926926925,0.6561201661872803
rtdetr,test,0.2702702702702703,0.41185877382273217,0.3679914623260497,0.4676001836426838,0.2702702702702703,0.6552161840539469
rtdetr,test,0.27127127127127126,0.41240069306902,0.3693898999819987,0.46674755689643865,0.27127127127127126,0.6544506753021089
rtdetr,test,0.27227227227227224,0.41300555487253493,0.37087940249922957,0.4659277234865875,0.27227227227227224,0.653525338369531
rtdetr,test,0.2732732732732733,0.41382723467882915,0.37256325376642796,0.46537023676788875,0.2732732732732733,0.6529301159511125
rtdetr,test,0.27427427427427425,0.4146507381734929,0.37434604857603526,0.4646815767036138,0.27427427427427425,0.6521128956806487
rtdetr,test,0.2752752752752753,0.41540957407217716,0.3761652807561121,0.4637961566209746,0.2752752752752753,0.6509031707884332
rtdetr,test,0.27627627627627627,0.4161558580110385,0.3777610214114746,0.46323843984558666,0.27627627627627627,0.6494257303630617
rtdetr,test,0.2772772772772773,0.4167044081836384,0.37921541639067147,0.4624188364924247,0.2772772772772773,0.6485429447852761
rtdetr,test,0.2782782782782783,0.4173359599711968,0.38084129220091795,0.46156620974617957,0.2782782782782783,0.6477368139836653
rtdetr,test,0.27927927927927926,0.41802603417090556,0.3824199977112021,0.46094313635469275,0.27927927927927926,0.6463534947256584
rtdetr,test,0.2802802802802803,0.4186619629981472,0.38398655686017846,0.46022168295402377,0.2802802802802803,0.6450347117416239
rtdetr,test,0.28128128128128127,0.4190862565000757,0.3852987952288437,0.45936905620777857,0.28128128128128127,0.6431569479838105
rtdetr,test,0.2822822822822823,0.4197083164920095,0.386816864862623,0.4587131894798977,0.2822822822822823,0.6426278462112729
rtdetr,test,0.2832832832832833,0.41990642731414063,0.3879985160019722,0.45753262936971206,0.2832832832832833,0.6410655981003265
rtdetr,test,0.28428428428428426,0.42037967741570337,0.3894252596845584,0.4566800026234669,0.28428428428428426,0.6401624215577704
rtdetr,test,0.2852852852852853,0.42084766764195375,0.39082984326160713,0.4558601692136158,0.2852852852852853,0.6391949463787278
rtdetr,test,0.2862862862862863,0.4214349662890172,0.3924762408517688,0.45500754246737063,0.2862862862862863,0.6374388552237716
rtdetr,test,0.2872872872872873,0.42200910115484314,0.3940637620800146,0.45422050239391354,0.2872872872872873,0.636238198983297
rtdetr,test,0.2882882882882883,0.4227178984507543,0.3958746752317702,0.4534662556568505,0.2882882882882883,0.635989010989011
rtdetr,test,0.28928928928928926,0.4232487710161052,0.39733539033962406,0.45277800256094625,0.28928928928928926,0.6350554036552022
rtdetr,test,0.2902902902902903,0.4237991071465352,0.39881471890267656,0.45212308345870156,0.2902902902902903,0.6339560518216305
rtdetr,test,0.2912912912912913,0.42419005335532545,0.4001253053696756,0.4513346887912376,0.2912912912912913,0.6328726132801368
rtdetr,test,0.2922922922922923,0.42478773152976257,0.40165776947660564,0.4507444087361448,0.2922922922922923,0.6321757618710134
rtdetr,test,0.2932932932932933,0.4250188042681883,0.4029163024221475,0.4496869725218814,0.2932932932932933,0.6309700176366843
rtdetr,test,0.29429429429429427,0.4254566304469426,0.40433387015959416,0.4489079818980783,0.29429429429429427,0.6302562302562302
rtdetr,test,0.2952952952952953,0.4260594067519876,0.40598743177421776,0.44821932183380336,0.2952952952952953,0.629347674256181
rtdetr,test,0.2962962962962963,0.42628907136706146,0.40721690838225627,0.44723552174198206,0.2962962962962963,0.6283807272474449
rtdetr,test,0.2972972972972973,0.42661678942533726,0.4084720486728342,0.44644848166852497,0.2972972972972973,0.6271010583108528
rtdetr,test,0.2982982982982983,0.4268669957290002,0.40978769642977403,0.44543188824030955,0.2982982982982983,0.6262563678920556
rtdetr,test,0.29929929929929927,0.4269071518994703,0.41097863274766,0.4441201547845478,0.29929929929929927,0.6247177171012113
rtdetr,test,0.3003003003003003,0.42708506470493984,0.4120708787964306,0.44323473470190855,0.3003003003003003,0.6235029940119761
rtdetr,test,0.3013013013013013,0.42726602110562073,0.413206049519004,0.4423165212828753,0.3013013013013013,0.6222658630730683
rtdetr,test,0.3023023023023023,0.4278198351297247,0.41482867000182994,0.44165099338585273,0.3023023023023023,0.6205248990578734
rtdetr,test,0.3033033033033033,0.4283090888303769,0.416417708220153,0.4408995830614754,0.3033033033033033,0.6193250301325833
rtdetr,test,0.30430430430430433,0.4284992755807154,0.41768374241261946,0.439889814389716,0.30430430430430433,0.6177194967716169
rtdetr,test,0.3053053053053053,0.42877083997173354,0.4190334001108055,0.4389716009706828,0.3053053053053053,0.6163522012578616
rtdetr,test,0.3063063063063063,0.4288770327628491,0.4201074043056271,0.43802059421525547,0.3063063063063063,0.6155062248863711
rtdetr,test,0.3073073073073073,0.42930936816107307,0.42163158636469106,0.4372719562941155,0.3073073073073073,0.6145573770491803
rtdetr,test,0.3083083083083083,0.42986918213642095,0.42336372420756835,0.4365776874139175,0.3083083083083083,0.6133072407045009
rtdetr,test,0.30930930930930933,0.4301946972047368,0.42474063927009303,0.4357906473404604,0.30930930930930933,0.6118967306694344
rtdetr,test,0.3103103103103103,0.4303563600158655,0.425984848272685,0.4348185240855502,0.3103103103103103,0.6110537190082644
rtdetr,test,0.3113113113113113,0.4306762804877214,0.42751114375845506,0.4338886338296058,0.3113113113113113,0.609253673875377
rtdetr,test,0.3123123123123123,0.4310631598199935,0.4289794801052436,0.4331671804289368,0.3123123123123123,0.6082434760416002
rtdetr,test,0.3133133133133133,0.43145113576777666,0.4305911598122626,0.43231455368269167,0.3133133133133133,0.6076174731353723
rtdetr,test,0.31431431431431434,0.43209498207827063,0.43230192187333694,0.43188824030956907,0.31431431431431434,0.6052664814347057
rtdetr,test,0.3153153153153153,0.43257243712304116,0.4339856195378968,0.43116842829584223,0.3153153153153153,0.6043617623028094
rtdetr,test,0.3163163163163163,0.43303124794657083,0.43578286621024165,0.43031416016265495,0.3163163163163163,0.6034407256803253
rtdetr,test,0.3173173173173173,0.43330506433613086,0.43726521502135846,0.42941600110266215,0.3173173173173173,0.60179082203706
rtdetr,test,0.3183183183183183,0.4337055587172255,0.43871872564486486,0.4288056666885289,0.3183183183183183,0.600470035252644
rtdetr,test,0.31931931931931934,0.43369969351971693,0.4398105944919818,0.42775627992391946,0.31931931931931934,0.5988440017216996
rtdetr,test,0.3203203203203203,0.4340061108176518,0.44134889604632555,0.4269036531776743,0.3203203203203203,0.597906592397625
rtdetr,test,0.3213213213213213,0.434177528658624,0.4426908783944116,0.42598543975864106,0.3213213213213213,0.5963129715259187
rtdetr,test,0.32232232232232233,0.4345854192104708,0.4442530707168521,0.42532957303076013,0.32232232232232233,0.5947368421052631
rtdetr,test,0.3233233233233233,0.43475144370369606,0.44552230649139113,0.4244890763001184,0.3233233233233233,0.5936183022275737
rtdetr,test,0.32432432432432434,0.4348389695334254,0.4468094612882978,0.4234931461926936,0.32432432432432434,0.5925348990473908
rtdetr,test,0.3253253253253253,0.4347970029216237,0.44785762732515877,0.42247655276447826,0.3253253253253253,0.5914048995648805
rtdetr,test,0.3263263263263263,0.4347277010482194,0.4489323581143366,0.4213943726634748,0.3263263263263263,0.5902835449044964
rtdetr,test,0.32732732732732733,0.4349345758148858,0.45035573443790056,0.42053455901671943,0.32732732732732733,0.588713957190872
rtdetr,test,0.3283283283283283,0.4353873824933835,0.4518874240566472,0.42004984587131894,0.3283283283283283,0.5875139353400223
rtdetr,test,0.32932932932932935,0.4352406403426396,0.45282880335533654,0.41896766577031547,0.32932932932932935,0.5860077021822849
rtdetr,test,0.3303303303303303,0.4354359367020286,0.4541378650698607,0.41821341903325243,0.3303303303303303,0.5846100278551533
rtdetr,test,0.3313313313313313,0.43549287373049406,0.4555845758908876,0.4170984455958549,0.3313313313313313,0.5828670320161523
rtdetr,test,0.33233233233233234,0.4357458156075745,0.4570045312180532,0.4163769921951859,0.33233233233233234,0.5816022036038104
rtdetr,test,0.3333333333333333,0.4355779133619247,0.4581435512231148,0.41513084541221223,0.3333333333333333,0.5803928285942674
rtdetr,test,0.33433433433433435,0.4359070967516045,0.4597976149311679,0.4143765986751492,0.33433433433433435,0.5782490360625993
rtdetr,test,0.3353353353353353,0.4361428559343075,0.46133851056734304,0.4135567652652981,0.3353353353353353,0.576990351520623
rtdetr,test,0.3363363363363363,0.436004020760555,0.46257248703233955,0.41232177121328223,0.3363363363363363,0.5763978645686991
rtdetr,test,0.33733733733733734,0.4361045942317408,0.46393372084092005,0.41142519839968517,0.33733733733733734,0.5749091925118748
rtdetr,test,0.3383383383383383,0.4363119876329286,0.4655367060817714,0.41053977831704597,0.3383383383383383,0.5735089767105775
rtdetr,test,0.33933933933933935,0.4362697387927978,0.4665838472799542,0.40965435823440677,0.33933933933933935,0.5716811225899121
rtdetr,test,0.34034034034034033,0.43623135769296456,0.46773544019588387,0.40870335147897946,0.34034034034034033,0.570024165202109
rtdetr,test,0.34134134134134136,0.43631123757718515,0.4688683977942738,0.4079818980783105,0.34134134134134136,0.5682699131953922
rtdetr,test,0.34234234234234234,0.43654408010708373,0.47032146087613425,0.40729323801403555,0.34234234234234234,0.5676307491573339
rtdetr,test,0.3433433433433433,0.4365016975189507,0.47146158674270333,0.4063685935424257,0.3433433433433433,0.5665818949191062
rtdetr,test,0.34434434434434436,0.43651585805132637,0.47289708468852715,0.40533255020309533,0.34434434434434436,0.5654210639672625
rtdetr,test,0.34534534534534533,0.43660066420934596,0.4743373331424565,0.4044259108446695,0.34534534534534533,0.5636606903933636
rtdetr,test,0.34634634634634637,0.43655781423886353,0.47566741186174305,0.4033908309831442,0.34634634634634637,0.5627364270872183
rtdetr,test,0.34734734734734735,0.43654332451821853,0.4770080413656914,0.4024070308913229,0.34734734734734735,0.5612185430463577
rtdetr,test,0.3483483483483483,0.43666063316886894,0.47840021598941085,0.4016199908178658,0.3483483483483483,0.5595112702759638
rtdetr,test,0.34934934934934936,0.4368248532655657,0.4797858416795084,0.4009252047555799,0.34934934934934936,0.5579763276421913
rtdetr,test,0.35035035035035034,0.4369377076860566,0.48127750687755505,0.4000787040073457,0.35035035035035034,0.5571547768043388
rtdetr,test,0.35135135135135137,0.43725509777883204,0.4830039359016391,0.3994228372794648,0.35135135135135137,0.5553827813196496
rtdetr,test,0.35235235235235235,0.43734002363505436,0.4843681497444612,0.3986357972060077,0.35235235235235235,0.554466174725218
rtdetr,test,0.3533533533533533,0.4374279184836152,0.4857519470056527,0.3978487571325507,0.3533533533533533,0.5535237312512842
rtdetr,test,0.35435435435435436,0.4373862948018025,0.48687653553840765,0.39702892372269954,0.35435435435435436,0.5529345545719695
rtdetr,test,0.35535535535535534,0.43749021906799335,0.4881748875082066,0.3963402636584246,0.35535535535535534,0.5509685291575576
rtdetr,test,0.3563563563563564,0.4375767951591936,0.48944029852675586,0.3956516035941497,0.3563563563563564,0.5495044498381877
rtdetr,test,0.35735735735735735,0.43760888678370363,0.4907814444654852,0.39483177018429855,0.35735735735735735,0.5480174883159957
rtdetr,test,0.35835835835835833,0.4379125473280875,0.49251511479697363,0.3942086967928117,0.35835835835835833,0.5471934304741876
rtdetr,test,0.35935935935935936,0.4382408788682516,0.4941707757362694,0.39368400341050697,0.35935935935935936,0.5459254831639769
rtdetr,test,0.36036036036036034,0.4382287854537395,0.49543772305500855,0.3928641700006559,0.36036036036036034,0.5450081833060556
rtdetr,test,0.3613613613613614,0.43844975284751897,0.4972631748486994,0.3920771299271988,0.3613613613613614,0.543928923988154
rtdetr,test,0.36236236236236236,0.4384112388644467,0.4985418326636352,0.39122450318095364,0.36236236236236236,0.542544311877056
rtdetr,test,0.36336336336336333,0.43818884071782366,0.4998390385266854,0.39007673640716206,0.36336336336336333,0.5419578710717952
rtdetr,test,0.36436436436436437,0.4383633390395593,0.5014344022741145,0.3893858825478646,0.36436436436436437,0.5408009342611065
rtdetr,test,0.36536536536536535,0.43851136383961703,0.5029666980635137,0.3886994162786122,0.36536536536536535,0.5396125907990315
rtdetr,test,0.3663663663663664,0.4384427432145211,0.5041091751029096,0.3879123762051551,0.3663663663663664,0.5384874921675423
rtdetr,test,0.36736736736736736,0.438140927111058,0.5049778127514613,0.38692857611333376,0.36736736736736736,0.5363366526235159
rtdetr,test,0.3683683683683684,0.4381156407941972,0.5066201753308025,0.38593059721863543,0.3683683683683684,0.5350542960563917
rtdetr,test,0.36936936936936937,0.43818822485282305,0.508324731343997,0.3850593559388732,0.36936936936936937,0.5338135633382304
rtdetr,test,0.37037037037037035,0.43832043803413934,0.5095993012089801,0.3845346625565685,0.37037037037037035,0.5326040831722382
rtdetr,test,0.3713713713713714,0.43800325690912156,0.5105889521200598,0.38348653356919415,0.3713713713713714,0.5307184029242232
rtdetr,test,0.37237237237237236,0.4380719313634517,0.5120634029566904,0.3827638223912901,0.37237237237237236,0.5283826540107948
rtdetr,test,0.3733733733733734,0.43809419215457385,0.5134807008214909,0.38200957565422705,0.3733733733733734,0.5257665312153675
rtdetr,test,0.3743743743743744,0.43810528883939265,0.5150000967365471,0.38118974224437596,0.3743743743743744,0.5240280901454996
rtdetr,test,0.37537537537537535,0.4379724503198196,0.5161954113581658,0.38033711549813076,0.37537537537537535,0.5227656756633329
rtdetr,test,0.3763763763763764,0.43806629663980495,0.5174877081073375,0.379779628779432,0.3763763763763764,0.5214587401789363
rtdetr,test,0.37737737737737737,0.43778972173406366,0.5186717924194582,0.3787302420148226,0.37737737737737737,0.5201826153776613
rtdetr,test,0.3783783783783784,0.43750724139891073,0.5196062898668057,0.37781202859578933,0.3783783783783784,0.5189799406314654
rtdetr,test,0.3793793793793794,0.4373539153075567,0.5211059498918309,0.37679543516757397,0.3793793793793794,0.5179530802292264
rtdetr,test,0.38038038038038036,0.43706057748080507,0.5222245751818224,0.37577884173935855,0.38038038038038036,0.5160831071762246
rtdetr,test,0.3813813813813814,0.43687184272930796,0.5234660708278517,0.3748606283203253,0.3813813813813814,0.5148738379814077
rtdetr,test,0.38238238238238237,0.436681125987445,0.5246034474471507,0.3739996515362162,0.38238238238238237,0.5127066479071404
rtdetr,test,0.3833833833833834,0.43677853287508006,0.5262957136045979,0.37328654817341117,0.3833833833833834,0.511104310570954
rtdetr,test,0.3843843843843844,0.4367033517889111,0.52771443968295,0.37246671476356,0.3843843843843844,0.5097629919547728
rtdetr,test,0.38538538538538536,0.4368106850850817,0.5294847667269895,0.37174526136289104,0.38538538538538536,0.5076238607403568
rtdetr,test,0.3863863863863864,0.4370013856474406,0.5312501952356714,0.3711549813077983,0.3863863863863864,0.5062073113106234
rtdetr,test,0.38738738738738737,0.4366958209989784,0.5326412115072401,0.37004000787040076,0.38738738738738737,0.5045703058260721
rtdetr,test,0.3883883883883884,0.43658907169573064,0.5342354660367834,0.3691217944513675,0.3883883883883884,0.5032718619869125
rtdetr,test,0.3893893893893894,0.4361803141645038,0.5353551986644526,0.36800682101397,0.3893893893893894,0.5013298433740027
rtdetr,test,0.39039039039039036,0.4360792183329565,0.5371440692216505,0.3670230209221486,0.39039039039039036,0.49964326184580515
rtdetr,test,0.3913913913913914,0.43598238063007555,0.5384722624682925,0.3662687741850856,0.3913913913913914,0.49820519242006844
rtdetr,test,0.3923923923923924,0.4356546049053729,0.5396426552764,0.365268166530436,0.3923923923923924,0.4961442786069652
rtdetr,test,0.3933933933933934,0.4352903557747416,0.5407865323468445,0.3642355873286548,0.3933933933933934,0.49480326651818857
rtdetr,test,0.3943943943943944,0.4350557821304459,0.5422404785982892,0.3632517872368335,0.3943943943943944,0.4918421590676753
rtdetr,test,0.39539539539539537,0.43427539306410823,0.5428192692395838,0.36190726044467764,0.39539539539539537,0.48988462788430287
rtdetr,test,0.3963963963963964,0.43421658448911277,0.5441921701488204,0.36121814829543836,0.3963963963963964,0.48816926431397883
rtdetr,test,0.3973973973973974,0.43377929702775797,0.5449813895136831,0.3602675936249754,0.3973973973973974,0.48684369099746916
rtdetr,test,0.3983983983983984,0.4334573468024937,0.5463761691433858,0.359218206860366,0.3983983983983984,0.48495130129330993
rtdetr,test,0.3993993993993994,0.4329057945365053,0.5472866047555097,0.3580704400865744,0.3993993993993994,0.48316077591336426
rtdetr,test,0.40040040040040037,0.43247375415727357,0.5484624631226255,0.3569797607484407,0.40040040040040037,0.4812012296051076
rtdetr,test,0.4014014014014014,0.43232938444893404,0.5498431612359531,0.35620121991211384,0.4014014014014014,0.4791609595742183
rtdetr,test,0.4024024024024024,0.432046739616043,0.5509670015390441,0.3553485931658687,0.4024024024024024,0.4770809844096264
rtdetr,test,0.4034034034034034,0.43194543495172405,0.5520610159806272,0.3547583131107759,0.4034034034034034,0.47570075391455635
rtdetr,test,0.4044044044044044,0.4316933346638682,0.5531492323627958,0.3539712730373188,0.4044044044044044,0.4743683421143714
rtdetr,test,0.40540540540540543,0.4310055349164102,0.5540797232743192,0.35266934653090565,0.40540540540540543,0.4727905464836131
rtdetr,test,0.4064064064064064,0.430704945028819,0.5550651410780665,0.3518698641505687,0.4064064064064064,0.4713421823298977
rtdetr,test,0.4074074074074074,0.430320500269693,0.5564852489827348,0.3507903194070965,0.4074074074074074,0.46998297711367504
rtdetr,test,0.4084084084084084,0.42974095401299334,0.5575272071313244,0.34960975929691085,0.4084084084084084,0.4681098958920585
rtdetr,test,0.4094094094094094,0.42941308361171315,0.5586610229207024,0.348732704060849,0.4094094094094094,0.46709812577157606
rtdetr,test,0.41041041041041043,0.4291911059074652,0.5596187345006863,0.3480684724863908,0.41041041041041043,0.465768715582676
rtdetr,test,0.4114114114114114,0.4292268952811549,0.5610748584410596,0.3475544635007795,0.4114114114114114,0.464030772644894
rtdetr,test,0.4124124124124124,0.4287150306799918,0.5621828293546902,0.3464615990030826,0.4124124124124124,0.4625992939099735
rtdetr,test,0.4134134134134134,0.4282886520834069,0.5635767177621458,0.34537941890207907,0.4134134134134134,0.46154127768625297
rtdetr,test,0.4144144144144144,0.42814057773659203,0.564904186394873,0.34469075883780415,0.4144144144144144,0.45974753537778745
rtdetr,test,0.41541541541541543,0.42774432704865445,0.5658204684139604,0.343838132091559,0.41541541541541543,0.4575763048582265
rtdetr,test,0.4164164164164164,0.4274344631421449,0.5668734345370414,0.3430510920181019,0.4164164164164164,0.45701227192572064
rtdetr,test,0.4174174174174174,0.4269389212298783,0.5677335461702085,0.3421000852626746,0.4174174174174174,0.4553584203748748
rtdetr,test,0.4184184184184184,0.42637066819532643,0.5683483287726486,0.34114907850724735,0.4184184184184184,0.4537372875328924
rtdetr,test,0.4194194194194194,0.42635269420264976,0.5697464102280967,0.3406243851249426,0.4194194194194194,0.452599171945221
rtdetr,test,0.42042042042042044,0.4259907163370163,0.5711239627152533,0.33967337836951533,0.42042042042042044,0.4507453241456898
rtdetr,test,0.4214214214214214,0.4257716734922346,0.5725699564885423,0.33888633829605824,0.4214214214214214,0.4489418174198505
rtdetr,test,0.4224224224224224,0.425551638500215,0.5736516291225922,0.33823047156817737,0.4224224224224224,0.44794853963838666
rtdetr,test,0.42342342342342343,0.42519365464780656,0.5747154958112239,0.3374106381583262,0.42342342342342343,0.44693665628245066
rtdetr,test,0.4244244244244244,0.42494212629511857,0.5760879051061173,0.33662359808486914,0.4244244244244244,0.4456532966087106
rtdetr,test,0.42542542542542544,0.4242776163356106,0.5767326606395721,0.3355717010313564,0.42542542542542544,0.4441591344837031
rtdetr,test,0.4264264264264264,0.42383271004328393,0.5777031953728143,0.3346887912376205,0.4264264264264264,0.4419260568166372
rtdetr,test,0.4274274274274274,0.4234839188951763,0.5791529650724728,0.33377057781858727,0.4274274274274274,0.4402039920294505
rtdetr,test,0.42842842842842843,0.42344893631098435,0.5802102566899138,0.3333770577818587,0.42842842842842843,0.4393007228105564
rtdetr,test,0.4294294294294294,0.4230835976771296,0.5813288111850949,0.33255722437200763,0.4294294294294294,0.43727670372967375
rtdetr,test,0.43043043043043044,0.4226616249296763,0.5821457014590331,0.33177018429855054,0.43043043043043044,0.4355298958125954
rtdetr,test,0.4314314314314314,0.4222139865635555,0.5831807283739074,0.33088476421591134,0.4314314314314314,0.43322357589726707
rtdetr,test,0.43243243243243246,0.42209446729635974,0.5846674797622976,0.33026169082442447,0.43243243243243246,0.4303570263037661
rtdetr,test,0.43343343343343343,0.42183428938641915,0.5857516881182494,0.32959895432325703,0.43343343343343343,0.42822896757264567
rtdetr,test,0.4344344344344344,0.42141779438346144,0.5868239598937475,0.3287531973502984,0.4344344344344344,0.4264473980626267
rtdetr,test,0.43543543543543545,0.42094142694840575,0.5878904714624054,0.3278411486270035,0.43543543543543545,0.42524097735933647
rtdetr,test,0.4364364364364364,0.42047240960419247,0.5888290826608608,0.32698235718502,0.4364364364364364,0.42372341780211387
rtdetr,test,0.43743743743743746,0.42024246259312414,0.5903851280272425,0.32622726245326955,0.43743743743743746,0.4211656248026773
rtdetr,test,0.43843843843843844,0.4197140266356523,0.5915278485749921,0.32524431035613566,0.43843843843843844,0.41981976324300563
rtdetr,test,0.4394394394394394,0.41919326818008723,0.5923945197611854,0.3243588902734964,0.4394394394394394,0.4183759483000843
rtdetr,test,0.44044044044044045,0.41867933539211927,0.5932610504165355,0.3234856841553806,0.44044044044044045,0.4169305271000186
rtdetr,test,0.44144144144144143,0.41812752836202,0.5946277585711293,0.3224240834262478,0.44144144144144143,0.4152887462981244
rtdetr,test,0.44244244244244246,0.41785088264094283,0.5958578673436892,0.32173542336197286,0.44244244244244246,0.4128518971848225
rtdetr,test,0.44344344344344344,0.4173139282141594,0.597027907571331,0.32076042962905876,0.44344344344344344,0.41189729219335386
rtdetr,test,0.4444444444444444,0.41697604752426154,0.5982961875806527,0.31999737653308846,0.4444444444444444,0.4105103740723913
rtdetr,test,0.44544544544544545,0.41653264092886505,0.5992280127261472,0.3192103364596314,0.44544544544544545,0.4097119589805459
rtdetr,test,0.44644644644644643,0.41606012420039346,0.6005177987551775,0.3182921230405982,0.44644644644644643,0.40852213053263314
rtdetr,test,0.44744744744744747,0.4156064948364493,0.6017181982698057,0.31742637683793046,0.44744744744744747,0.40682766845557544
rtdetr,test,0.44844844844844844,0.41521063473770753,0.6031065971713578,0.3165808630898303,0.44844844844844844,0.40573819131260386
rtdetr,test,0.4494494494494494,0.4146658105389037,0.604212883827336,0.3156450800575836,0.4494494494494494,0.4033905288871884
rtdetr,test,0.45045045045045046,0.41374678843837204,0.6052490175812666,0.31430115517149027,0.45045045045045046,0.4019487359550562
rtdetr,test,0.45145145145145144,0.41346990472235995,0.6066624430759693,0.31360267593624974,0.45145145145145144,0.4000058110817329
rtdetr,test,0.45245245245245247,0.41297719035080105,0.6079876459837684,0.3126844625172165,0.45245245245245247,0.39837163644762674
rtdetr,test,0.45345345345345345,0.41231486381941845,0.6087193506191446,0.3117334557617892,0.45345345345345345,0.3960135173835844
rtdetr,test,0.4544544544544544,0.41192675269014295,0.6101635951105052,0.3109136223519381,0.4544544544544544,0.39359859134929426
rtdetr,test,0.45545545545545546,0.4115763275368929,0.6111574927280151,0.3102577556240572,0.45545545545545546,0.39178020366139177
rtdetr,test,0.45645645645645644,0.4109332375930669,0.6120197636199171,0.3093067488686299,0.45645645645645644,0.38961038961038963
rtdetr,test,0.4574574574574575,0.41040616968872606,0.6129111901166808,0.30848360707366174,0.4574574574574575,0.38808212318477714
rtdetr,test,0.45845845845845845,0.41015457308086856,0.6139687631205997,0.3079326793858314,0.45845845845845845,0.387113744600731
rtdetr,test,0.45945945945945943,0.40957446909149015,0.6150664625112305,0.3070049647507508,0.45945945945945943,0.38513550656918255
rtdetr,test,0.46046046046046046,0.40896635522695135,0.6155942597097467,0.30619138191119566,0.46046046046046046,0.38358783839156446
rtdetr,test,0.46146146146146144,0.4081686146349259,0.616496803110318,0.30507640847379813,0.46146146146146144,0.38106585788561526
rtdetr,test,0.4624624624624625,0.40761932989776395,0.61772118282156,0.304165363529256,0.4624624624624625,0.37902770686087445
rtdetr,test,0.46346346346346345,0.407268887767251,0.6190303832346123,0.30345965353921656,0.46346346346346345,0.3771213576689081
rtdetr,test,0.46446446446446443,0.40692653402573353,0.6202806057839244,0.30278087492621497,0.46446446446446443,0.3749768353056416
rtdetr,test,0.46546546546546547,0.4064554943384662,0.6215417261829596,0.3019610415163639,0.46546546546546547,0.3725165997428024
rtdetr,test,0.46646646646646645,0.4058154011674608,0.6223843151921996,0.30105747466495175,0.46646646646646645,0.369759039276338
rtdetr,test,0.4674674674674675,0.40515922586772274,0.6235761848384999,0.30005902800550927,0.4674674674674675,0.36826061122736314
rtdetr,test,0.46846846846846846,0.4047010591920515,0.6248135994957105,0.29927198793205223,0.46846846846846846,0.3661762444250782
rtdetr,test,0.4694694694694695,0.4041708214372313,0.6259192635971392,0.2984404162188876,0.4694694694694695,0.3643882328990228
rtdetr,test,0.47047047047047047,0.40333626534248274,0.6264886346601198,0.29740276775759167,0.47047047047047047,0.362453578556451
rtdetr,test,0.47147147147147145,0.4028504640325374,0.6278678816769525,0.2965661006068999,0.47147147147147145,0.36128351383270096
rtdetr,test,0.4724724724724725,0.40226454434371367,0.6289236045212703,0.2956975142651013,0.4724724724724725,0.35838121533218914
rtdetr,test,0.47347347347347346,0.401437363565175,0.6299803881952211,0.2945728239403608,0.47347347347347346,0.3567739863111858
rtdetr,test,0.4744744744744745,0.4007306706107165,0.6308135375780622,0.2936315340722765,0.4744744744744745,0.35532035067901085
rtdetr,test,0.4754754754754755,0.4002743530919529,0.6316369173777818,0.2929643225335528,0.4754754754754755,0.35340856467376736
rtdetr,test,0.47647647647647645,0.39935967942109646,0.6323883344763136,0.2918251034831346,0.47647647647647645,0.35173933041225885
rtdetr,test,0.4774774774774775,0.39861956349069266,0.6329825996724951,0.2909096871515708,0.4774774774774775,0.3503609239653513
rtdetr,test,0.47847847847847846,0.3980932378154626,0.63421960645418,0.2900898537417197,0.47847847847847846,0.3479090172142483
rtdetr,test,0.4794794794794795,0.39742357273251755,0.6350160690176598,0.289213703516631,0.4794794794794795,0.34664074723815846
rtdetr,test,0.4804804804804805,0.39671211392190137,0.635875131554852,0.2882838512396698,0.4804804804804805,0.3452566096423017
rtdetr,test,0.48148148148148145,0.3958462220292514,0.636207522176867,0.2873024201482259,0.48148148148148145,0.34351020026202506
rtdetr,test,0.4824824824824825,0.39529367611310734,0.6368963496752059,0.2865809667475569,0.4824824824824825,0.342146876889447
rtdetr,test,0.48348348348348347,0.3947875360580613,0.637656674588236,0.2858961130510475,0.48348348348348347,0.3399183974551071
rtdetr,test,0.4844844844844845,0.39459102791918316,0.6391243391630411,0.2853964200302974,0.4844844844844845,0.3381861465915854
rtdetr,test,0.4854854854854855,0.39385831980690217,0.6400512029263087,0.28444702237701475,0.4854854854854855,0.33608008716970855
rtdetr,test,0.48648648648648646,0.3929250079068729,0.6409339747680186,0.28330163310815243,0.48648648648648646,0.3338509316770186
rtdetr,test,0.4874874874874875,0.3923055609757369,0.6418316064170504,0.2824838131836773,0.4874874874874875,0.3321936939956649
rtdetr,test,0.48848848848848847,0.391852990410541,0.6430358642714187,0.2817828743806791,0.48848848848848847,0.3307135562364016
rtdetr,test,0.4894894894894895,0.3908052702386242,0.6436502034007108,0.28058366567785653,0.4894894894894895,0.3293110674814145
rtdetr,test,0.4904904904904905,0.3905381289134478,0.6456457458936683,0.27993154612018156,0.4904904904904905,0.3272154529346138
rtdetr,test,0.49149149149149146,0.3899459649354588,0.6468208992767208,0.2791040860497147,0.49149149149149146,0.32588276221951645
rtdetr,test,0.4924924924924925,0.38923462304517986,0.6478487354224265,0.27818587263068145,0.4924924924924925,0.32371573866574727
rtdetr,test,0.4934934934934935,0.38836809421197843,0.6485592321538742,0.2771715107512303,0.4934934934934935,0.32195341076814477
rtdetr,test,0.4944944944944945,0.3877195405378379,0.6493019214805121,0.27637652992487377,0.4944944944944945,0.32016389266304346
rtdetr,test,0.4954954954954955,0.38716581271837336,0.6503359362665084,0.27562799239194596,0.4954954954954955,0.3186553629423426
rtdetr,test,0.4964964964964965,0.386589810286818,0.6510629481512062,0.2749146707104936,0.4964964964964965,0.316532173767613
rtdetr,test,0.4974974974974975,0.386052592974283,0.6523014127213966,0.27415229225421395,0.4974974974974975,0.3146281780100369
rtdetr,test,0.4984984984984985,0.3851281190339955,0.6529743940564074,0.27310290548960453,0.4984984984984985,0.3122971362833313
rtdetr,test,0.4994994994994995,0.38420555204261964,0.6535101775544482,0.27208302001495355,0.4994994994994995,0.31100947402809537
rtdetr,test,0.5005005005005005,0.38351048759190687,0.6543973492575607,0.27123368531514397,0.5005005005005005,0.30954409020848545
rtdetr,test,0.5015015015015015,0.3826388564045254,0.6549470921351563,0.27026882327748575,0.5015015015015015,0.3078363091044506
rtdetr,test,0.5025025025025025,0.38195141951178696,0.6556597822945933,0.26946284514986557,0.5025025025025025,0.305813326947255
rtdetr,test,0.5035035035035035,0.3813222306636084,0.6564141751851588,0.26871033074868866,0.5035035035035035,0.3037526458428122
rtdetr,test,0.5045045045045045,0.380605714870094,0.6572754336727317,0.26785597166655734,0.5045045045045045,0.3020872194623888
rtdetr,test,0.5055055055055055,0.38003752851809436,0.6585401631809403,0.267084893690106,0.5055055055055055,0.3007042116146148
rtdetr,test,0.5065065065065065,0.3793993433108209,0.6596230694259259,0.2662780365482863,0.5065065065065065,0.2994223238863257
rtdetr,test,0.5075075075075075,0.3787824487043758,0.6603037372664479,0.26556043811897423,0.5075075075075075,0.2983900510941868
rtdetr,test,0.5085085085085085,0.3781345085022237,0.6617361734782519,0.2646940305758668,0.5085085085085085,0.296263039241909
rtdetr,test,0.5095095095095095,0.37733552109779844,0.6627357601570824,0.2637530308053951,0.5095095095095095,0.2948029523936019
rtdetr,test,0.5105105105105106,0.37665366800573025,0.663482299476867,0.2629697645438447,0.5105105105105106,0.2934036939313984
rtdetr,test,0.5115115115115115,0.3759178196504352,0.6643531380670439,0.26211713779759954,0.5115115115115115,0.2918724741805119
rtdetr,test,0.5125125125125125,0.37560205715513645,0.6659464049761492,0.2615635871542975,0.5125125125125125,0.2902051805774766
rtdetr,test,0.5135135135135135,0.3749526243667889,0.6670007655970291,0.2607726110054437,0.5135135135135135,0.2889352202070149
rtdetr,test,0.5145145145145145,0.3741549481853334,0.668188200651494,0.2598216042500164,0.5145145145145145,0.2873994834502592
rtdetr,test,0.5155155155155156,0.373401707811657,0.6691135115088085,0.2589568536185321,0.5155155155155156,0.28585715324750893
rtdetr,test,0.5165165165165165,0.3728617229458698,0.6701710045537154,0.2582803174394963,0.5165165165165165,0.28441162131416914
rtdetr,test,0.5175175175175175,0.37196818402807014,0.6708110100204333,0.257329310684069,0.5175175175175175,0.2829228066401348
rtdetr,test,0.5185185185185185,0.37126245500100596,0.6715774371738888,0.2565422706106119,0.5185185185185185,0.2815354211547706
rtdetr,test,0.5195195195195195,0.37073579442270593,0.6728604072645112,0.255853610546337,0.5195195195195195,0.27988199130834185
rtdetr,test,0.5205205205205206,0.36970862200544674,0.6735917842955149,0.2547714304453335,0.5205205205205206,0.27794509034878834
rtdetr,test,0.5215215215215215,0.3687062907358926,0.6740431667171628,0.2537564019697761,0.5215215215215215,0.2760631834750911
rtdetr,test,0.5225225225225225,0.36793567877017197,0.674423468257961,0.25297340061351903,0.5225225225225225,0.27362022186351614
rtdetr,test,0.5235235235235235,0.3672610970155678,0.6753001679472124,0.252213550206598,0.5235235235235235,0.2722265798178904
rtdetr,test,0.5245245245245245,0.3663519840582786,0.6762813663600094,0.25122117223304685,0.5245245245245245,0.2706200829033077
rtdetr,test,0.5255255255255256,0.36562285331658617,0.6772014299525361,0.2504099167049256,0.5255255255255256,0.2691319461937629
rtdetr,test,0.5265265265265265,0.364975658798738,0.6783336827327113,0.24964944354824326,0.5265265265265265,0.2673359639045669
rtdetr,test,0.5275275275275275,0.3640975999161087,0.6790113609155684,0.24873745654882928,0.5275275275275275,0.26598435872422743
rtdetr,test,0.5285285285285285,0.3636587936591277,0.6801209421206749,0.24817996983013052,0.5285285285285285,0.2642694344696411
rtdetr,test,0.5295295295295295,0.3628989491817972,0.6812214402369673,0.24732734308388535,0.5295295295295295,0.26235154587252846
rtdetr,test,0.5305305305305306,0.36215022693391413,0.6819244495144583,0.24654030301042829,0.5305305305305306,0.2602805843361864
rtdetr,test,0.5315315315315315,0.3613747942053967,0.6827308623798711,0.2457174945539691,0.5315315315315315,0.2586900316001149
rtdetr,test,0.5325325325325325,0.36019479042570773,0.6828743279805121,0.2446092485787355,0.5325325325325325,0.25681979916185654
rtdetr,test,0.5335335335335335,0.359349271626969,0.6837382291012368,0.24372007608054044,0.5335335335335335,0.2553234892588699
rtdetr,test,0.5345345345345345,0.35848566850253205,0.6847256025380468,0.2428018626615072,0.5345345345345345,0.2534320050994232
rtdetr,test,0.5355355355355356,0.3577516975493713,0.6861669698865277,0.24194923591526202,0.5355355355355356,0.25200216032713524
rtdetr,test,0.5365365365365365,0.35671534966111096,0.6869978127341072,0.2408998491506526,0.5365365365365365,0.25077399380804954
rtdetr,test,0.5375375375375375,0.3560546796041867,0.6874937570114423,0.24023700200243128,0.5375375375375375,0.24898988364674787
rtdetr,test,0.5385385385385385,0.35525860493247285,0.6884958856611241,0.23939135567652653,0.5385385385385385,0.2468584656084656
rtdetr,test,0.5395395395395395,0.3541810071025908,0.6888100841687814,0.2383761131623413,0.5395395395395395,0.24540966245543905
rtdetr,test,0.5405405405405406,0.3531395811734927,0.6894456371534734,0.23735816882009575,0.5405405405405406,0.24377763646312428
rtdetr,test,0.5415415415415415,0.3524269978306929,0.6906670532842165,0.2365711287466387,0.5415415415415415,0.24215141428508585
rtdetr,test,0.5425425425425425,0.35189847764717325,0.6919283269496421,0.23594805535515184,0.5425425425425425,0.24060205046171745
rtdetr,test,0.5435435435435435,0.3514122407857139,0.6935395699102122,0.23532498196366497,0.5435435435435435,0.23864372615362464
rtdetr,test,0.5445445445445445,0.35087970931144397,0.6946671285998954,0.23471860241451206,0.5445445445445445,0.236704440168199
rtdetr,test,0.5455455455455456,0.35021996303753916,0.695224858037113,0.23406523738986829,0.5455455455455456,0.23518102266140775
rtdetr,test,0.5465465465465466,0.3494374705799281,0.6960680367284637,0.23327187111866063,0.5465465465465466,0.2332941407015481
rtdetr,test,0.5475475475475475,0.3488274227204502,0.6977814770712616,0.23253754837017118,0.5475475475475475,0.23140461506479107
rtdetr,test,0.5485485485485485,0.34805869287843977,0.6984300272304643,0.23178330163310815,0.5485485485485485,0.22937377449300003
rtdetr,test,0.5495495495495496,0.3469912105146416,0.6992749650444301,0.23074533270153244,0.5495495495495496,0.22750475156122726
rtdetr,test,0.5505505505505506,0.3461970191458308,0.7002151458771214,0.22994189479870936,0.5505505505505506,0.22543872604965293
rtdetr,test,0.5515515515515516,0.34513217991661627,0.7003268488471576,0.22899138286222906,0.5515515515515516,0.22412621423907683
rtdetr,test,0.5525525525525525,0.3441587793102768,0.7008692791697246,0.2280776546205811,0.5525525525525525,0.22257152669537422
rtdetr,test,0.5535535535535535,0.34305973849552074,0.7023074902428798,0.22696268118318358,0.5535535535535535,0.22052829597115536
rtdetr,test,0.5545545545545546,0.342349030868062,0.7031971889179808,0.22624869966418729,0.5545545545545546,0.21861830028182125
rtdetr,test,0.5555555555555556,0.34132661952670384,0.703843103853548,0.2252902210270873,0.5555555555555556,0.2170910162606835
rtdetr,test,0.5565565565565566,0.34045636924984246,0.7047023449890901,0.22444527684309715,0.5565565565565566,0.21597821384031968
rtdetr,test,0.5575575575575575,0.3395734853503644,0.7053155959852552,0.22361677967518173,0.5575575575575575,0.21391188385376042
rtdetr,test,0.5585585585585585,0.33871461716320306,0.7060879220786992,0.22279547150494464,0.5585585585585585,0.21242657421149122
rtdetr,test,0.5595595595595596,0.33795572901977966,0.7067229944859011,0.2220764740604709,0.5595595595595596,0.21111496016231998
rtdetr,test,0.5605605605605606,0.33725318897207357,0.7072279781430237,0.22142060733259003,0.5605605605605606,0.20985305130314152
rtdetr,test,0.5615615615615616,0.3367657684802905,0.7083749138675898,0.22088883645686883,0.5615615615615616,0.2085235920852359
rtdetr,test,0.5625625625625625,0.33567251316368807,0.7090997197737912,0.2198793205220699,0.5625625625625625,0.2073036627070922
rtdetr,test,0.5635635635635635,0.3347369983070803,0.70997376344549,0.2189939004394307,0.5635635635635635,0.20552745189490426
rtdetr,test,0.5645645645645646,0.3339957195005548,0.7110240163224496,0.21826062501306048,0.5645645645645646,0.2040291521004918
rtdetr,test,0.5655655655655656,0.3328399320707946,0.71171050739175,0.21721051344950226,0.5655655655655656,0.20298929033776628
rtdetr,test,0.5665665665665666,0.33201448808728984,0.7122274595996897,0.21646016447778194,0.5665665665665666,0.20128621858725665
rtdetr,test,0.5675675675675675,0.3313402196865276,0.7133963401052851,0.21578015347281432,0.5675675675675675,0.19990067334234202
rtdetr,test,0.5685685685685685,0.3306631967612153,0.714286726519757,0.21512535386613396,0.5685685685685685,0.198141777996183
rtdetr,test,0.5695695695695696,0.32982745550696685,0.7148240700705574,0.2143700400078704,0.5695695695695696,0.19678482819562926
rtdetr,test,0.5705705705705706,0.3287453229464533,0.7152466784426346,0.2134190332524431,0.5705705705705706,0.19525744040939086
rtdetr,test,0.5715715715715716,0.3279196721273251,0.7162843976878186,0.21263199317898604,0.5715715715715716,0.19304463395724886
rtdetr,test,0.5725725725725725,0.3270856753616254,0.7168956926304927,0.211877746441923,0.5725725725725725,0.19137649470073104
rtdetr,test,0.5735735735735735,0.326045461188498,0.7174836561849687,0.21095471184629255,0.5735735735735735,0.1894626241618735
rtdetr,test,0.5745745745745746,0.3252726719835456,0.717797891758853,0.21028116569955294,0.5745745745745746,0.1878752787785212
rtdetr,test,0.5755755755755756,0.3245623271484976,0.718266943416651,0.20964779956712795,0.5755755755755756,0.18672737717823784
rtdetr,test,0.5765765765765766,0.32370530443076434,0.7187357196491905,0.20889355283006494,0.5765765765765766,0.18566661738928428
rtdetr,test,0.5775775775775776,0.3231980919855206,0.7199212419505933,0.20837177302176516,0.5775775775775776,0.18420749882340637
rtdetr,test,0.5785785785785785,0.32256765143002913,0.7211940784371496,0.20774211489762098,0.5785785785785785,0.18320769214794508
rtdetr,test,0.5795795795795796,0.32167826620309975,0.7219052101211533,0.20694640601720365,0.5795795795795796,0.18200259488848158
rtdetr,test,0.5805805805805806,0.32072126061666384,0.7225041849050573,0.20610611923657113,0.5805805805805806,0.1802641090646222
rtdetr,test,0.5815815815815816,0.3202055909880877,0.7233219401175779,0.20561421919066045,0.5815815815815816,0.17860200002014118
rtdetr,test,0.5825825825825826,0.3190076748555789,0.7242432373684246,0.2045537740124604,0.5825825825825826,0.17728592669467425
rtdetr,test,0.5835835835835835,0.31809448922897166,0.7249822979085737,0.2037449990161999,0.5835835835835835,0.17641053090678402
rtdetr,test,0.5845845845845846,0.3175027660459993,0.7259484402881312,0.20318391540113342,0.5845845845845846,0.1752935160966784
rtdetr,test,0.5855855855855856,0.3160843229675283,0.7261632512639685,0.20200695218731554,0.5855855855855856,0.17388891052857086
rtdetr,test,0.5865865865865866,0.3150676845005962,0.7267550621513227,0.2011318505228234,0.5865865865865866,0.17244105115005687
rtdetr,test,0.5875875875875876,0.3142968639682082,0.7273019746157509,0.2004624304573495,0.5875875875875876,0.17087382344246194
rtdetr,test,0.5885885885885885,0.31374072497649796,0.7282184559864019,0.1999409719944907,0.5885885885885885,0.1697915090056001
rtdetr,test,0.5895895895895896,0.313109710546306,0.7296998141233814,0.19931789860300386,0.5895895895895896,0.16809244663843154
rtdetr,test,0.5905905905905906,0.31187850677522566,0.730858473736702,0.1982357185020004,0.5905905905905906,0.16651103447638244
rtdetr,test,0.5915915915915916,0.3110146638752023,0.7315423034193148,0.19748834261156675,0.5915915915915916,0.16548788654355984
rtdetr,test,0.5925925925925926,0.31003656024101683,0.7329873792052889,0.19659605168229816,0.5925925925925926,0.16407016014816428
rtdetr,test,0.5935935935935935,0.3095320025134068,0.734108739174803,0.19611029294673926,0.5935935935935935,0.16253052722310013
rtdetr,test,0.5945945945945946,0.30859630566375534,0.7350997375453794,0.19528963872645125,0.5945945945945946,0.16110316395525504
rtdetr,test,0.5955955955955956,0.3075314177759122,0.7361219321294236,0.1943661048075031,0.5955955955955956,0.1597758581255828
rtdetr,test,0.5965965965965966,0.3063922286952586,0.7366994341893057,0.19341704995015485,0.5965965965965966,0.15857368232966382
rtdetr,test,0.5975975975975976,0.30544364312124844,0.7378049307686319,0.1925861663241697,0.5975975975975976,0.15708990604258252
rtdetr,test,0.5985985985985985,0.3044775020135303,0.7390869245244184,0.19173216404607946,0.5985985985985985,0.15570568265179044
rtdetr,test,0.5995995995995996,0.3031935744949173,0.739619875573698,0.1906795823961432,0.5995995995995996,0.15409573571548962
rtdetr,test,0.6006006006006006,0.30236028822808153,0.740677307736727,0.18995121441722376,0.6006006006006006,0.15296279283417547
rtdetr,test,0.6016016016016016,0.30090819929227053,0.7409112202443554,0.1887912376205155,0.6016016016016016,0.1519765399781305
rtdetr,test,0.6026026026026026,0.2997138299867164,0.7415544270934074,0.18781058982227886,0.6026026026026026,0.15093471761343102
rtdetr,test,0.6036036036036035,0.29889076475822246,0.7427919623147837,0.18708598412802518,0.6036036036036035,0.1493153574093903
rtdetr,test,0.6046046046046046,0.2981740030805514,0.743755235806761,0.18646403422420038,0.6046046046046046,0.14791014841556357
rtdetr,test,0.6056056056056056,0.29728402437964313,0.7447154827935175,0.1857086639994753,0.6056056056056056,0.14664824431845253
rtdetr,test,0.6066066066066066,0.2962978985069482,0.7452901324726903,0.1849042623715296,0.6066066066066066,0.14588097979527137
rtdetr,test,0.6076076076076076,0.29488535884510536,0.7458087405795999,0.18377385715222666,0.6076076076076076,0.14460304205654886
rtdetr,test,0.6086086086086087,0.29433984939739766,0.7463977889915391,0.18331475044271003,0.6086086086086087,0.14355884218505854
rtdetr,test,0.6096096096096096,0.2932164732454709,0.747194875407701,0.18239653702367678,0.6096096096096096,0.1421514651006301
rtdetr,test,0.6106106106106106,0.2924675992516928,0.747941936239944,0.18177316306763902,0.6106106106106106,0.14105312597059247
rtdetr,test,0.6116116116116116,0.29135229736145435,0.748339175336811,0.1808890941507662,0.6116116116116116,0.1397633517426394
rtdetr,test,0.6126126126126126,0.2907409081262659,0.7498471930169607,0.18033055683085197,0.6126126126126126,0.13885523587254633
rtdetr,test,0.6136136136136137,0.28968855464772014,0.7504548631423326,0.17948677724832454,0.6136136136136137,0.1374346318820142
rtdetr,test,0.6146146146146146,0.2888603269108661,0.7509704294957797,0.1788220633567259,0.6146146146146146,0.13604558321840748
rtdetr,test,0.6156156156156156,0.2878818817136458,0.7519225463771742,0.1780192653762213,0.6156156156156156,0.13506532750086336
rtdetr,test,0.6166166166166166,0.28713478256677283,0.7525750630455478,0.177411949891782,0.6166166166166166,0.13386202330697003
rtdetr,test,0.6176176176176176,0.2861616423251491,0.7532921256987835,0.1766300544074691,0.6176176176176176,0.13294932339425256
rtdetr,test,0.6186186186186187,0.28540776802646056,0.753683268189187,0.17603462976323211,0.6186186186186187,0.1316781371714154
rtdetr,test,0.6196196196196196,0.28411893077783096,0.7542467310712118,0.17502469161604461,0.6196196196196196,0.13033910932067766
rtdetr,test,0.6206206206206206,0.28326682576079404,0.755624433121613,0.1743049389823067,0.6206206206206206,0.12910002387204583
rtdetr,test,0.6216216216216216,0.28209455773559794,0.7558549040598451,0.17340591278974538,0.6216216216216216,0.1280741581536133
rtdetr,test,0.6226226226226226,0.2811554363335118,0.7566185205918664,0.1726569161146455,0.6226226226226226,0.12676084547287464
rtdetr,test,0.6236236236236237,0.2805691817471952,0.757679812769315,0.17216006664444303,0.6236236236236237,0.12591199798731478
rtdetr,test,0.6246246246246246,0.2794386510253228,0.7579617611248768,0.17129511002247405,0.6246246246246246,0.12490246605162907
rtdetr,test,0.6256256256256256,0.27855590051458656,0.7587764431732313,0.17059093592182067,0.6256256256256256,0.12375132975273086
rtdetr,test,0.6266266266266266,0.27765086019371854,0.759113756305626,0.169895658613608,0.6266266266266266,0.12251165235900165
rtdetr,test,0.6276276276276276,0.27645101748691686,0.7593955239792584,0.1689840624385125,0.6276276276276276,0.12159002833437099
rtdetr,test,0.6286286286286287,0.27544638509576325,0.7601483317370317,0.16819702236505543,0.6286286286286287,0.12056527946365117
rtdetr,test,0.6296296296296297,0.27430924981782706,0.7612489196269625,0.16729653021571228,0.6296296296296297,0.11966568399533803
rtdetr,test,0.6306306306306306,0.2732185206813837,0.7620360324319997,0.16644822925535546,0.6306306306306306,0.11805474557854867
rtdetr,test,0.6316316316316316,0.2722968713250728,0.7629647659125292,0.16572072923370576,0.6316316316316316,0.11702340954244157
rtdetr,test,0.6326326326326326,0.2711862201032528,0.7639637488178389,0.16485210205286285,0.6326326326326326,0.11633530522037495
rtdetr,test,0.6336336336336337,0.26977864477059993,0.7649014954924452,0.16376992195185938,0.6336336336336337,0.11580991423485625
rtdetr,test,0.6346346346346347,0.26876045760602,0.7657218685296119,0.16298288187840232,0.6346346346346347,0.11518477296940191
rtdetr,test,0.6356356356356356,0.26792483347899837,0.7666499957645427,0.16232701515052142,0.6356356356356356,0.11376454776479426
rtdetr,test,0.6366366366366366,0.2664684213071806,0.7677135185996729,0.1612120417131239,0.6366366366366366,0.11305416280870938
rtdetr,test,0.6376376376376376,0.26537962256445174,0.7684132385341935,0.16038516631140964,0.6376376376376376,0.11127579458185023
rtdetr,test,0.6386386386386387,0.2645864677681696,0.7697661156485053,0.15974773466703243,0.6386386386386387,0.11027996104102018
rtdetr,test,0.6396396396396397,0.2635711246154349,0.7703755889301619,0.15898209483832884,0.6396396396396397,0.10925956007147299
rtdetr,test,0.6406406406406406,0.2624131902623332,0.7720704557142821,0.15806904075300268,0.6406406406406406,0.10855987019049101
rtdetr,test,0.6416416416416416,0.26139439329473696,0.772944271536515,0.15729405925578016,0.6416416416416416,0.1077394914488971
rtdetr,test,0.6426426426426426,0.26054281040418037,0.773839624075063,0.15664100910056492,0.6426426426426426,0.10684513262274078
rtdetr,test,0.6436436436436437,0.2594155039677423,0.7744726301731462,0.1558011412081065,0.6436436436436437,0.10593924739307843
rtdetr,test,0.6446446446446447,0.2583460856616899,0.7750378521239236,0.15500766759146992,0.6446446446446447,0.10511681131056462
rtdetr,test,0.6456456456456456,0.25714141207520946,0.7752005754404917,0.15413467583422544,0.6456456456456456,0.10402544499685636
rtdetr,test,0.6466466466466466,0.25636965047458904,0.7762728731284974,0.15353840099691743,0.6466466466466466,0.10309186724941968
rtdetr,test,0.6476476476476476,0.25534877062726474,0.7781303844396683,0.1527348793164794,0.6476476476476476,0.10226590170046188
rtdetr,test,0.6486486486486487,0.2540802779860051,0.778772282316564,0.1518036819311462,0.6486486486486487,0.10115370453708629
rtdetr,test,0.6496496496496497,0.2524371871273846,0.7788800879715957,0.15062808224610544,0.6496496496496497,0.1003479837708879
rtdetr,test,0.6506506506506506,0.25200390508226594,0.7803213552088821,0.15026608406382255,0.6506506506506506,0.09966395250126835
rtdetr,test,0.6516516516516516,0.25106398335700214,0.780868232079701,0.14957809192945618,0.6516516516516516,0.09884944262882213
rtdetr,test,0.6526526526526526,0.2500760802494773,0.7816491904014959,0.14884895389256902,0.6526526526526526,0.09831595275380504
rtdetr,test,0.6536536536536537,0.24879179622431064,0.7819035724581023,0.14793074047353577,0.6536536536536537,0.097499535320531
rtdetr,test,0.6546546546546547,0.24755572921993405,0.7822495046403607,0.14704532039089657,0.6546546546546547,0.09684351457940207
rtdetr,test,0.6556556556556556,0.2464007036042499,0.782549498682039,0.14622051760652807,0.6556556556556556,0.09588482694788535
rtdetr,test,0.6566566566566566,0.24583069727182488,0.7832914866858376,0.14579349649707232,0.6566566566566566,0.09503718433654317
rtdetr,test,0.6576576576576576,0.2444932607845539,0.7841032133293979,0.14482590062624204,0.6576576576576576,0.09401060343978962
rtdetr,test,0.6586586586586587,0.24371740238037973,0.7845646877561041,0.14426613881227782,0.6586586586586587,0.09329697943713393
rtdetr,test,0.6596596596596597,0.24283360450700303,0.7849343317180552,0.1436348134059159,0.6596596596596597,0.09237311095702327
rtdetr,test,0.6606606606606606,0.24196822130979995,0.7861639071863264,0.1429889206435412,0.6606606606606606,0.09136339931523933
rtdetr,test,0.6616616616616616,0.2413445593477533,0.787190595005484,0.14251983996851839,0.6616616616616616,0.09075493424011803
rtdetr,test,0.6626626626626626,0.2402368809467418,0.787679161803136,0.14173211437709257,0.6626626626626626,0.08995606362094523
rtdetr,test,0.6636636636636637,0.2390833138606112,0.788710700600395,0.14089681057469353,0.6636636636636637,0.08947384709247576
rtdetr,test,0.6646646646646647,0.23800833251449496,0.7901031631566156,0.14010685252561367,0.6646646646646647,0.08888859652585
rtdetr,test,0.6656656656656657,0.23736136198907845,0.7922825228824624,0.1395908139030997,0.6656656656656657,0.08793346184669366
rtdetr,test,0.6666666666666666,0.23598760070095692,0.792484695439763,0.13863534943959643,0.6666666666666666,0.08718773453414817
rtdetr,test,0.6676676676676676,0.23473105123578897,0.7933632304906534,0.137742320545264,0.6676676676676676,0.08655984150535898
rtdetr,test,0.6686686686686687,0.2337477762152657,0.7943279681743451,0.13703688678652542,0.6686686686686687,0.08593246267241489
rtdetr,test,0.6696696696696697,0.2328899783501808,0.795255427063166,0.13642027939922607,0.6696696696696697,0.08530930419089633
rtdetr,test,0.6706706706706707,0.2314916261902427,0.7962180500516569,0.13543374821054988,0.6706706706706707,0.08445167524176832
rtdetr,test,0.6716716716716716,0.23035687828481974,0.7965031158880768,0.13464943923394765,0.6716716716716716,0.08376068376068375
rtdetr,test,0.6726726726726726,0.229249255406476,0.7980301739754139,0.1338501159185081,0.6726726726726726,0.08293744011062099
rtdetr,test,0.6736736736736737,0.2278349138096366,0.7983270180757643,0.13287859906866925,0.6736736736736737,0.08232517321386353
rtdetr,test,0.6746746746746747,0.22662396422030495,0.7989822041380418,0.1320376097912818,0.6746746746746747,0.08157584841023445
rtdetr,test,0.6756756756756757,0.2254141388971618,0.7993839603275018,0.13120613891257296,0.6756756756756757,0.08091784119603677
rtdetr,test,0.6766766766766766,0.2241006642859281,0.8000540918610481,0.1302991814493882,0.6766766766766766,0.08042106575937207
rtdetr,test,0.6776776776776777,0.22311722791675662,0.8014075569634816,0.12959926542926478,0.6776776776776777,0.07975732408118529
rtdetr,test,0.6786786786786787,0.22212143942570284,0.8025571036147395,0.12889809927156595,0.6786786786786787,0.07922065494076441
rtdetr,test,0.6796796796796797,0.22096389918663367,0.803542424454957,0.12809406517150937,0.6796796796796797,0.07863399607740487
rtdetr,test,0.6806806806806807,0.22025232202479936,0.805529180969505,0.127566078572834,0.6806806806806807,0.07801442428752363
rtdetr,test,0.6816816816816816,0.21885503560464534,0.806382879341392,0.1266085057294905,0.6816816816816816,0.07736910074097782
rtdetr,test,0.6826826826826827,0.2178189715285687,0.8086344967670276,0.12586082508034369,0.6826826826826827,0.07680615098544158
rtdetr,test,0.6836836836836837,0.21595654134882428,0.8091881725183254,0.1246056841025128,0.6836836836836837,0.07630735220917635
rtdetr,test,0.6846846846846847,0.21460634137231988,0.8092795324077249,0.12370539028664007,0.6846846846846847,0.07582244786049164
rtdetr,test,0.6856856856856857,0.2136643075986728,0.8114064259986654,0.12303074284202037,0.6856856856856857,0.07514716769570248
rtdetr,test,0.6866866866866866,0.21270637430036407,0.8121792449228048,0.12237838244078353,0.6866866866866866,0.07452169456781688
rtdetr,test,0.6876876876876877,0.21111113541328305,0.8129711367397044,0.12130582591639637,0.6876876876876877,0.07392185544844117
rtdetr,test,0.6886886886886887,0.20967639708347352,0.8132095666028272,0.12035413886490458,0.6886886886886887,0.0734927700555719
rtdetr,test,0.6896896896896897,0.20849115086163347,0.8136385070784352,0.11956450449268709,0.6896896896896897,0.07287721547497358
rtdetr,test,0.6906906906906907,0.20756801799627034,0.8159416883628351,0.11890863776480619,0.6906906906906907,0.07233823327380134
rtdetr,test,0.6916916916916916,0.2063487314594919,0.8169088891158801,0.11808880435495507,0.6916916916916916,0.07189308574817481
rtdetr,test,0.6926926926926927,0.20459200962517093,0.8173150172306023,0.11693124166485917,0.6926926926926927,0.07136871980268271
rtdetr,test,0.6936936936936937,0.20309095855563503,0.817374503479722,0.1159504335520008,0.6936936936936937,0.07066526365018122
rtdetr,test,0.6946946946946947,0.20181174314906977,0.8180114397056002,0.115104610743097,0.6946946946946947,0.07008518732941857
rtdetr,test,0.6956956956956957,0.20073217165559956,0.8185977519577108,0.1143912975518555,0.6956956956956957,0.06961101176316178
rtdetr,test,0.6966966966966966,0.19959579580421996,0.8191670845484206,0.11364283400802189,0.6966966966966966,0.06907089470963632
rtdetr,test,0.6976976976976977,0.19846715371721055,0.8203246727468267,0.11288969164396824,0.6976976976976977,0.06862672365131844
rtdetr,test,0.6986986986986987,0.1973961240252272,0.8227080474032837,0.11215272098363512,0.6986986986986987,0.06802668965297066
rtdetr,test,0.6996996996996997,0.19618356117572172,0.823655159072122,0.11135319606750908,0.6996996996996997,0.06747368188042134
rtdetr,test,0.7007007007007007,0.19466298439930002,0.8243667108310161,0.11036169917042665,0.7007007007007007,0.0666448343079922
rtdetr,test,0.7017017017017017,0.19356259727737538,0.8260403101071533,0.10962532198140904,0.7017017017017017,0.06596523245669471
rtdetr,test,0.7027027027027027,0.19195370515764265,0.8263182245197624,0.10858952465907931,0.7027027027027027,0.0654614437625438
rtdetr,test,0.7037037037037037,0.19072766574549455,0.8269228564422376,0.10779517515297467,0.7037037037037037,0.06504035472148725
rtdetr,test,0.7047047047047047,0.18937770707670504,0.8285571092618664,0.10690627664458582,0.7047047047047047,0.0643546121803606
rtdetr,test,0.7057057057057057,0.18813911922337387,0.8295078509252606,0.10610195192801751,0.7057057057057057,0.06379036919565442
rtdetr,test,0.7067067067067067,0.18742919944133804,0.8320609011399288,0.10560932470801374,0.7067067067067067,0.06321053557810759
rtdetr,test,0.7077077077077077,0.18608688758448377,0.8328595264423666,0.10474511213352639,0.7077077077077077,0.06261969150059774
rtdetr,test,0.7087087087087087,0.18515417564111425,0.8337988673857759,0.10413977718778321,0.7087087087087087,0.06206795539332393
rtdetr,test,0.7097097097097097,0.18384192952121864,0.8337897570005772,0.10331039622194527,0.7097097097097097,0.0613384954184605
rtdetr,test,0.7107107107107107,0.18198530617577494,0.8333264890350942,0.1021462103084174,0.7107107107107107,0.060817029778541046
rtdetr,test,0.7117117117117117,0.180928756784574,0.8350775021053062,0.10145505730631726,0.7117117117117117,0.060244776500567664
rtdetr,test,0.7127127127127127,0.17983728632079427,0.8354936757849246,0.10076310821624168,0.7127127127127127,0.05979338899817049
rtdetr,test,0.7137137137137137,0.17836605122352772,0.8367106578905099,0.09982291598347216,0.7137137137137137,0.0592604694222077
rtdetr,test,0.7147147147147147,0.17720778045641916,0.8384741813385151,0.09907323333546678,0.7147147147147147,0.058719249514377396
rtdetr,test,0.7157157157157157,0.1758322030530473,0.8382330556610764,0.09821740268336245,0.7157157157157157,0.05833270972087106
rtdetr,test,0.7167167167167167,0.17445218588826344,0.8382183465191491,0.09735721114685537,0.7167167167167167,0.057911763848666864
rtdetr,test,0.7177177177177178,0.17310961835406005,0.8382376700350246,0.09652142592697267,0.7177177177177178,0.057372708971186515
rtdetr,test,0.7187187187187187,0.17170337235187688,0.8399698838362394,0.09562536892503443,0.7187187187187187,0.056947915962980475
rtdetr,test,0.7197197197197197,0.17041664683299923,0.8404302605672304,0.09482199857911838,0.7197197197197197,0.056498135005521616
rtdetr,test,0.7207207207207207,0.1694031163583767,0.8405194014231431,0.0941937314880246,0.7207207207207207,0.05612732203874619
rtdetr,test,0.7217217217217217,0.16804717053494414,0.8410448023721556,0.09334956282488033,0.7217217217217217,0.055523880642199056
rtdetr,test,0.7227227227227228,0.1668922590983809,0.8422514256541717,0.09262273463152623,0.7227227227227228,0.054954755023825616
rtdetr,test,0.7237237237237237,0.16589251943941227,0.84237198224626,0.09200584487386633,0.7237237237237237,0.054263108462291196
rtdetr,test,0.7247247247247247,0.16485720719094066,0.8447250111957492,0.09134176994776669,0.7247247247247247,0.05377691583304336
rtdetr,test,0.7257257257257257,0.16395730675883247,0.8462248688039741,0.0907722849005996,0.7257257257257257,0.05339732036220712
rtdetr,test,0.7267267267267267,0.16254517997391674,0.8467926007758688,0.08990101744815719,0.7267267267267267,0.05286107181959349
rtdetr,test,0.7277277277277278,0.16077737465435693,0.8482827316174654,0.08880435495507313,0.7277277277277278,0.05254633795213245
rtdetr,test,0.7287287287287287,0.1596212598535108,0.8492034568903106,0.08808954341031877,0.7287287287287287,0.05212112967423708
rtdetr,test,0.7297297297297297,0.1580884620571711,0.8499923423039264,0.08714852542599275,0.7297297297297297,0.051714522081036614
rtdetr,test,0.7307307307307307,0.15719332244950834,0.8521740264475866,0.08658220402033395,0.7307307307307307,0.051185162895293575
rtdetr,test,0.7317317317317317,0.1559483344791945,0.8532711618378507,0.08581628554918677,0.7317317317317317,0.05075036216146147
rtdetr,test,0.7327327327327328,0.15440978276269635,0.8533040780701157,0.08488508916461954,0.7327327327327328,0.05037924223703316
rtdetr,test,0.7337337337337337,0.1531096784076514,0.8546733680947511,0.08408665240184447,0.7337337337337337,0.049898089796937786
rtdetr,test,0.7347347347347347,0.15189200528187186,0.8550119556001989,0.08334947765512213,0.7347347347347347,0.049387015574785864
rtdetr,test,0.7357357357357357,0.15049012078444182,0.8547906202090548,0.08250803436741654,0.7357357357357357,0.04908066721356303
rtdetr,test,0.7367367367367368,0.14967879985121774,0.8552689758657952,0.08201613432150587,0.7367367367367368,0.04865198466835575
rtdetr,test,0.7377377377377378,0.14850908945246385,0.8554448841026405,0.08131266761200823,0.7377377377377378,0.04814592085467195
rtdetr,test,0.7387387387387387,0.14688868779303596,0.8563296289785313,0.08033433372411443,0.7387387387387387,0.04775370214137029
rtdetr,test,0.7397397397397397,0.1451810511810205,0.8574621071811086,0.07930421548462993,0.7397397397397397,0.04732166269837108
rtdetr,test,0.7407407407407407,0.14308635478038076,0.8573620653685494,0.0780566709055374,0.7407407407407407,0.04689472198232911
rtdetr,test,0.7417417417417418,0.14214772188325123,0.8583041397748652,0.0774906538991277,0.7417417417417418,0.04646896282524062
rtdetr,test,0.7427427427427428,0.14078473003452466,0.857691299316826,0.07668614344988767,0.7427427427427428,0.04593628826841021
rtdetr,test,0.7437437437437437,0.1391288472966066,0.8573872891445683,0.07570693264297727,0.7437437437437437,0.04556412244717567
rtdetr,test,0.7447447447447447,0.13775240613836678,0.8579819822212357,0.0748879843468786,0.7447447447447447,0.04513485207112351
rtdetr,test,0.7457457457457457,0.13643930327757903,0.8579180995372349,0.07411294025054109,0.7457457457457457,0.04479296327225172
rtdetr,test,0.7467467467467468,0.13538470527414892,0.8592647975047915,0.07348115268342753,0.7467467467467468,0.044387094762120105
rtdetr,test,0.7477477477477478,0.13395903986470245,0.8598609900765602,0.07263768733731314,0.7477477477477478,0.04397344199258335
rtdetr,test,0.7487487487487487,0.13284649114258443,0.8627850639355416,0.07196350057910596,0.7487487487487487,0.04339587858884524
rtdetr,test,0.7497497497497497,0.13177769792111402,0.8631100314736649,0.07133443986126757,0.7497497497497497,0.04305009235914054
rtdetr,test,0.7507507507507507,0.1303542943085103,0.8637853716207206,0.07049647693451816,0.7507507507507507,0.042504288674187006
rtdetr,test,0.7517517517517518,0.12862108811057885,0.8631345557840525,0.06948796238018028,0.7517517517517518,0.042016591091544264
rtdetr,test,0.7527527527527528,0.1273121079927166,0.863242966822577,0.06872378727886636,0.7527527527527528,0.04161560494543345
rtdetr,test,0.7537537537537538,0.12621112739050908,0.863827411998374,0.06807896635403686,0.7537537537537538,0.041396811445943704
rtdetr,test,0.7547547547547547,0.12527091706892443,0.8654906317907706,0.06752201939438693,0.7547547547547547,0.041043199144041725
rtdetr,test,0.7557557557557557,0.12410839685915863,0.8650547984474278,0.06684961644377758,0.7557557557557557,0.04056927599500079
rtdetr,test,0.7567567567567568,0.12287936470888741,0.8649116386551718,0.06613783583474026,0.7567567567567568,0.04013216816660145
rtdetr,test,0.7577577577577578,0.1216852485236555,0.864803035187896,0.06544711084693446,0.7577577577577578,0.03976322400798431
rtdetr,test,0.7587587587587588,0.12034149260102492,0.8649145517127483,0.06466971688719005,0.7587587587587588,0.039366635929647384
rtdetr,test,0.7597597597597597,0.11935007572144372,0.8646397381030018,0.06409897116190484,0.7597597597597597,0.038938448713984164
rtdetr,test,0.7607607607607607,0.11792194260482401,0.8654348608190113,0.063271583440156,0.7607607607607607,0.038448980809485375
rtdetr,test,0.7617617617617618,0.11675391420953926,0.8648735421843075,0.0626024791762314,0.7617617617617618,0.03812715727001019
rtdetr,test,0.7627627627627628,0.11529881461825167,0.8661643480836143,0.06175997347863893,0.7627627627627628,0.037785318957800976
rtdetr,test,0.7637637637637638,0.11427932683793586,0.8658637464975519,0.06117681428902022,0.7637637637637638,0.037500422628410614
rtdetr,test,0.7647647647647647,0.1130142539175236,0.8673077447244043,0.06044527812338828,0.7647647647647647,0.03699086212612201
rtdetr,test,0.7657657657657657,0.11190939274379895,0.869788986453759,0.05980182850214744,0.7657657657657657,0.03648635980125621
rtdetr,test,0.7667667667667668,0.11061511373638817,0.8692182382164142,0.059065863420531634,0.7667667667667668,0.03600349225559985
rtdetr,test,0.7677677677677678,0.10934175884248044,0.8707666464631003,0.05833332343504245,0.7677677677677678,0.03564501444800697
rtdetr,test,0.7687687687687688,0.10756868164734844,0.871313779873905,0.057322752016790185,0.7687687687687688,0.03526116849342473
rtdetr,test,0.7697697697697697,0.10635076075831731,0.8713368418392968,0.05663144768575347,0.7697697697697697,0.034926662044297375
rtdetr,test,0.7707707707707707,0.10511991131453222,0.8726011105721281,0.05592874870153789,0.7707707707707707,0.03455448892286433
rtdetr,test,0.7717717717717718,0.10370383701136932,0.8731360620803462,0.055125598478389194,0.7717717717717718,0.03413442014271625
rtdetr,test,0.7727727727727728,0.10194825997846275,0.8712499929374778,0.05414179838656785,0.7727727727727728,0.03376901791126479
rtdetr,test,0.7737737737737738,0.10114759910877966,0.8712243686813481,0.05369048441100134,0.7737737737737738,0.03340071229184714
rtdetr,test,0.7747747747747747,0.10013335425876724,0.8723535936967481,0.05311509260125084,0.7747747747747747,0.033015097566837896
rtdetr,test,0.7757757757757757,0.09892353936678151,0.8732824803658428,0.052431428771211146,0.7757757757757757,0.032683269183477796
rtdetr,test,0.7767767767767768,0.09771366355476638,0.8732797909450416,0.05175217813422585,0.7767767767767768,0.03234567597792826
rtdetr,test,0.7777777777777778,0.09597868066315757,0.8736209230729959,0.05077869194263673,0.7777777777777778,0.03195462384134512
rtdetr,test,0.7787787787787788,0.09445601697438555,0.8722511488689884,0.049931550577702086,0.7787787787787788,0.03156650911546253
rtdetr,test,0.7797797797797797,0.09361193601512176,0.8746522826754418,0.049452351282219455,0.7797797797797797,0.031307684002917606
rtdetr,test,0.7807807807807807,0.09220657512506353,0.877059444136383,0.04866120004354314,0.7807807807807807,0.03096889323600872
rtdetr,test,0.7817817817817818,0.0905305152797995,0.876541775745772,0.04773007350390993,0.7817817817817818,0.030443071838753877
rtdetr,test,0.7827827827827828,0.08905265574259287,0.8767949897600626,0.04690848397603652,0.7827827827827828,0.030139085991909377
rtdetr,test,0.7837837837837838,0.08776846845937457,0.8762253916113637,0.046197980218152156,0.7837837837837838,0.02974966517468173
rtdetr,test,0.7847847847847848,0.08610477956274991,0.8751399182107145,0.04527992979676991,0.7847847847847848,0.029513724029661712
rtdetr,test,0.7857857857857857,0.08442145546545177,0.8739898715684956,0.044352817431572815,0.7857857857857857,0.029260382233738703
rtdetr,test,0.7867867867867868,0.08337612949516163,0.8753936399014879,0.04377260729376407,0.7867867867867868,0.02904021912396408
rtdetr,test,0.7877877877877878,0.08243934065052874,0.8769901578226301,0.04325259832061769,0.7877877877877878,0.02876261949004808
rtdetr,test,0.7887887887887888,0.0810606608596754,0.8762569514576067,0.042495934544173136,0.7887887887887888,0.028447890475503404
rtdetr,test,0.7897897897897898,0.08012549214151361,0.8785213902879401,0.041977001035864187,0.7897897897897898,0.02819673205904631
rtdetr,test,0.7907907907907907,0.0788812049503192,0.8785958166645886,0.041294325239792776,0.7907907907907907,0.027809587071165556
rtdetr,test,0.7917917917917918,0.07817901475971283,0.8788290484802325,0.04090910680612329,0.7917917917917918,0.027538547693753558
rtdetr,test,0.7927927927927928,0.07734736455967141,0.8801298807346303,0.040451141051698364,0.7927927927927928,0.027272860593220816
rtdetr,test,0.7937937937937938,0.07608919897560038,0.8808572677128983,0.039761934317656546,0.7937937937937938,0.02703753264363759
rtdetr,test,0.7947947947947948,0.07511341914520982,0.8851553168013901,0.039220830327277495,0.7947947947947948,0.02680449539600139
rtdetr,test,0.7957957957957957,0.07419156710016588,0.8872652317150056,0.0387143987098783,0.7957957957957957,0.026452563719644464
rtdetr,test,0.7967967967967968,0.07348124122453079,0.8902935563404049,0.0383220962846827,0.7967967967967968,0.02616187674696045
rtdetr,test,0.7977977977977978,0.07242920488417685,0.893106894801731,0.037745130189545485,0.7977977977977978,0.025840268078575486
rtdetr,test,0.7987987987987988,0.07165302757738105,0.8959327163483859,0.037318816816422906,0.7987987987987988,0.025502587006547606
rtdetr,test,0.7997997997997998,0.07077586028360663,0.8970011061138911,0.03684137309583925,0.7997997997997998,0.02528787115316425
rtdetr,test,0.8008008008008007,0.07002874269566853,0.8989920091148675,0.03643339673378369,0.8008008008008007,0.025091782287174524
rtdetr,test,0.8018018018018018,0.06955617931217922,0.9030838446602588,0.03617105004263134,0.8018018018018018,0.024885576828149982
rtdetr,test,0.8028028028028028,0.06870906729390304,0.9067336716535701,0.03570742475894711,0.8028028028028028,0.024661734722658736
rtdetr,test,0.8038038038038038,0.06817395640928509,0.9078275041692184,0.03541680330556831,0.8038038038038038,0.024366846694242397
rtdetr,test,0.8048048048048048,0.0676760332933694,0.9084573286345111,0.035147170646473415,0.8048048048048048,0.023987082825905504
rtdetr,test,0.8058058058058059,0.06700746630219023,0.9107053868532082,0.034783370655564506,0.8058058058058059,0.023721928375666224
rtdetr,test,0.8068068068068068,0.06635875069132686,0.9113274895953596,0.03443300321374697,0.8068068068068068,0.023505347292151126
rtdetr,test,0.8078078078078078,0.0652002354713176,0.911056936070498,0.03380992982226012,0.8078078078078078,0.02318293380714329
rtdetr,test,0.8088088088088088,0.06427935559767593,0.9112027806449011,0.03331474576115922,0.8088088088088088,0.022943618643271567
rtdetr,test,0.8098098098098098,0.06326560516243918,0.9115196976018215,0.03277003306482508,0.8098098098098098,0.02265976764906402
rtdetr,test,0.8108108108108109,0.0627907583568618,0.914239564260241,0.032511850069232684,0.8108108108108109,0.022435013320363822
rtdetr,test,0.8118118118118118,0.06198798116032044,0.9131924601637832,0.03208289232415946,0.8118118118118118,0.022277154218630347
rtdetr,test,0.8128128128128128,0.061395942468852174,0.9167090423406342,0.031761575819787634,0.8128128128128128,0.022089511269785957
rtdetr,test,0.8138138138138138,0.06041861663024966,0.920731015555884,0.031234103445280534,0.8138138138138138,0.021797596880160208
rtdetr,test,0.8148148148148148,0.059485267604108355,0.9195516862642639,0.030736806948568292,0.8148148148148148,0.021497663955701678
rtdetr,test,0.8158158158158159,0.05855860600792263,0.9201745171686816,0.030241568341980378,0.8158158158158159,0.021180426962944043
rtdetr,test,0.8168168168168168,0.05725328975738575,0.9203240457696927,0.02954566157223931,0.8168168168168168,0.020980540630688074
rtdetr,test,0.8178178178178178,0.056280169080003085,0.9209280931359833,0.029027041298262377,0.8178178178178178,0.0207251431662873
rtdetr,test,0.8188188188188188,0.055406415249269717,0.9216898067172258,0.02856168549608463,0.8188188188188188,0.020442163087036787
rtdetr,test,0.8198198198198198,0.05407184596331415,0.921853169102953,0.027852783781600814,0.8198198198198198,0.0201878601514251
rtdetr,test,0.8208208208208209,0.05337166322543695,0.9224690840106303,0.027480815898209485,0.8208208208208209,0.019971962176864887
rtdetr,test,0.8218218218218218,0.05255539106932488,0.9228014220019242,0.027047911940795265,0.8218218218218218,0.01982852883883515
rtdetr,test,0.8228228228228228,0.051492441126870035,0.9212936228843955,0.026486402346758954,0.8228228228228228,0.019635139481326194
rtdetr,test,0.8238238238238238,0.051080431691225794,0.9224885412741834,0.02626746245162983,0.8238238238238238,0.019446379638660537
rtdetr,test,0.8248248248248248,0.05058587112548661,0.9235664222679709,0.02600511576047747,0.8248248248248248,0.019222406908542062
rtdetr,test,0.8258258258258259,0.049997178992374075,0.9299590740133357,0.025689149457081145,0.8258258258258259,0.019053376388733365
rtdetr,test,0.8268268268268268,0.04927964175927604,0.9289873806529085,0.025311156547456772,0.8268268268268268,0.018765471056936465
rtdetr,test,0.8278278278278278,0.04855682167454365,0.930248407955784,0.024929029770192464,0.8278278278278278,0.0185480173518451
rtdetr,test,0.8288288288288288,0.047931913410001734,0.9316866136791182,0.02459871423494475,0.8288288288288288,0.018272264329359102
rtdetr,test,0.8298298298298298,0.047095555938160595,0.9317047478151601,0.024158352864932373,0.8298298298298298,0.017948030504204543
rtdetr,test,0.8308308308308309,0.0461169401958427,0.9311198538572817,0.02364399554010625,0.8308308308308309,0.017718597673979482
rtdetr,test,0.8318318318318318,0.04566626530910751,0.9345302259071638,0.023404980421404094,0.8318318318318318,0.017525278172164475
rtdetr,test,0.8328328328328328,0.044760595253520094,0.9345103416466639,0.02292942735354211,0.8328328328328328,0.017294388669883986
rtdetr,test,0.8338338338338338,0.043943056510339376,0.9358893162091936,0.022499746504371778,0.8338338338338338,0.017162477574101647
rtdetr,test,0.8348348348348348,0.043199634625285754,0.936130736955317,0.022109971860639833,0.8348348348348348,0.01695783455553461
rtdetr,test,0.8358358358358359,0.04257507031618438,0.9352351256232895,0.021783361349697286,0.8358358358358359,0.016779835756692382
rtdetr,test,0.8368368368368369,0.041603148305261545,0.936483451916643,0.021274124169983977,0.8368368368368369,0.016560874957249592
rtdetr,test,0.8378378378378378,0.040718255815370516,0.9351651717146283,0.02081222295659484,0.8378378378378378,0.016354501584562375
rtdetr,test,0.8388388388388388,0.0404261316773413,0.9347754666172002,0.02065980192824818,0.8388388388388388,0.01620463194010241
rtdetr,test,0.8398398398398398,0.04009748066739534,0.9356049929881787,0.02048776523009552,0.8398398398398398,0.015978483232606065
rtdetr,test,0.8408408408408409,0.039384416021963936,0.9387780039846928,0.02011413059758549,0.8408408408408409,0.01580208475848528
rtdetr,test,0.8418418418418419,0.0387659511407986,0.9407636703674673,0.019790732911186045,0.8418418418418419,0.015644853536698554
rtdetr,test,0.8428428428428428,0.03793769247250672,0.9395246130921688,0.019359715687610503,0.8428428428428428,0.015453268623046546
rtdetr,test,0.8438438438438438,0.03741003873877698,0.9447972518939848,0.01908281948186261,0.8438438438438438,0.015262082209914866
rtdetr,test,0.8448448448448448,0.03682492550566308,0.9455104056216266,0.018778140173682414,0.8448448448448448,0.014955116654902106
rtdetr,test,0.8458458458458459,0.03650276230646463,0.9450473950265135,0.018610805351237242,0.8458458458458459,0.014779900160897726
rtdetr,test,0.8468468468468469,0.03604168693441485,0.9459641343701685,0.018370811835375252,0.8468468468468469,0.014573157827908748
rtdetr,test,0.8478478478478478,0.03553585767927289,0.9468428804732029,0.018107728437823118,0.8478478478478478,0.014398308846091518
rtdetr,test,0.8488488488488488,0.035346105141059306,0.9465678725197595,0.018009298160937593,0.8488488488488488,0.014188949557283944
rtdetr,test,0.8498498498498498,0.035122547760391434,0.9495304463019004,0.017892184332409366,0.8498498498498498,0.014014959168101096
rtdetr,test,0.8508508508508509,0.034306460963540515,0.9500613391273054,0.017468624155845963,0.8508508508508509,0.013843500048286316
rtdetr,test,0.8518518518518519,0.03353234955082056,0.9489482345700431,0.017067730264111205,0.8518518518518519,0.01362254786796664
rtdetr,test,0.8528528528528528,0.032914136262421095,0.9515534123835019,0.016746701486254695,0.8528528528528528,0.013403944240334075
rtdetr,test,0.8538538538538538,0.03228096739557858,0.9524418358628104,0.016418722336872967,0.8538538538538538,0.0131574027192033
rtdetr,test,0.8548548548548548,0.0319989185338799,0.9557005699400347,0.01627186790190593,0.8548548548548548,0.012994302406149214
rtdetr,test,0.8558558558558559,0.03174129186158503,0.9553514903870712,0.01613874868535837,0.8558558558558559,0.012831751591370243
rtdetr,test,0.8568568568568569,0.03132560434464113,0.9585435014866074,0.015922987126862177,0.8568568568568569,0.012701621037761669
rtdetr,test,0.8578578578578578,0.03092742473025936,0.959941565426646,0.015716896067994007,0.8578578578578578,0.012526257976750768
rtdetr,test,0.8588588588588588,0.030049039428950382,0.9627653255123612,0.015262703183277732,0.8588588588588588,0.012332471490194435
rtdetr,test,0.8598598598598598,0.029661145718599194,0.9643087302055283,0.015062222096971096,0.8598598598598598,0.01210556834907028
rtdetr,test,0.8608608608608609,0.029444979627999412,0.9681447440337737,0.014949830538808677,0.8608608608608609,0.011936579532485484
rtdetr,test,0.8618618618618619,0.02910807547002811,0.9677825694086264,0.014776250989605078,0.8618618618618619,0.011810404408163118
rtdetr,test,0.8628628628628628,0.02854815091854127,0.9671624128187907,0.014487898236010193,0.8628628628628628,0.011658545900678387
rtdetr,test,0.8638638638638638,0.02759210645082293,0.9660473289969682,0.013995928079287795,0.8638638638638638,0.011529144537737892
rtdetr,test,0.8648648648648649,0.027083808688278387,0.9676530570357422,0.013734107498612844,0.8648648648648649,0.011259483405987326
rtdetr,test,0.8658658658658659,0.02671888529482364,0.967219894944975,0.013546550423417833,0.8658658658658659,0.011129324657709199
rtdetr,test,0.8668668668668669,0.026192381050480214,0.9665743583872588,0.01327606900809826,0.8668668668668669,0.011011050621259013
rtdetr,test,0.8678678678678678,0.025543924081203255,0.9681118132891647,0.012942710716220445,0.8678678678678678,0.010845480284912591
rtdetr,test,0.8688688688688688,0.02458182543218917,0.9668894592128751,0.012449164094068129,0.8688688688688688,0.010659127179366285
rtdetr,test,0.8698698698698699,0.024084348648894804,0.9662204423269737,0.01219415217525714,0.8698698698698699,0.01052273718109176
rtdetr,test,0.8708708708708709,0.02321779231082379,0.9702129631056355,0.011749482320851287,0.8708708708708709,0.010352016103569277
rtdetr,test,0.8718718718718719,0.021981149928798425,0.9741357692253462,0.011115989843451553,0.8718718718718719,0.010068533588729544
rtdetr,test,0.8728728728728729,0.02136155778140749,0.9762823607668417,0.010798921859660415,0.8728728728728729,0.009924945813256056
rtdetr,test,0.8738738738738738,0.020330843838582538,0.9750972324942688,0.010272513220111409,0.8738738738738738,0.00979271690566609
rtdetr,test,0.8748748748748749,0.01945475777113029,0.9739937407405415,0.009825507269719617,0.8748748748748749,0.009647387080116815
rtdetr,test,0.8758758758758759,0.018474497932733275,0.97263840952146,0.009325817230512675,0.8758758758758759,0.009468704600097988
rtdetr,test,0.8768768768768769,0.01735530371928357,0.9744519876318989,0.00875562208416316,0.8768768768768769,0.009271477715654343
rtdetr,test,0.8778778778778779,0.016404288902309293,0.9729981848022237,0.008271874394877393,0.8778778778778779,0.009096812360872732
rtdetr,test,0.8788788788788788,0.015539942250885584,0.9715270301251657,0.007832613936435924,0.8788788788788788,0.008930249357912373
rtdetr,test,0.8798798798798799,0.014579483695386544,0.9696939593853139,0.007344958081410509,0.8798798798798799,0.008812829840651739
rtdetr,test,0.8808808808808809,0.013374655049135167,0.9670343615095975,0.006733894388251506,0.8808808808808809,0.00871882990719
rtdetr,test,0.8818818818818819,0.011986623311249917,0.9684040375279054,0.006030634374123232,0.8818818818818819,0.008551052418876609
rtdetr,test,0.8828828828828829,0.010594403235806134,0.9818629870186463,0.0053259353144959705,0.8828828828828829,0.008404549688704195
rtdetr,test,0.8838838838838838,0.009067658804903275,0.9858048004451249,0.004554777346146225,0.8838838838838838,0.008257287698191448
rtdetr,test,0.8848848848848849,0.008197578885493785,0.9920951762862456,0.004115793629320537,0.8848848848848849,0.008127647193124391
rtdetr,test,0.8858858858858859,0.007119382845924692,0.9909041355150456,0.00357252524514318,0.8858858858858859,0.007976174518639419
rtdetr,test,0.8868868868868869,0.005876586712253581,0.9889947878466397,0.002947049008459997,0.8868868868868869,0.007774869448600912
rtdetr,test,0.8878878878878879,0.004826066638601698,0.9866240441084175,0.0024189494589662523,0.8878878878878879,0.007635126885059419
rtdetr,test,0.8888888888888888,0.004068909696904746,1.0,0.002038602292770967,0.8888888888888888,0.007456810962992144
rtdetr,test,0.8898898898898899,0.003517104699051471,1.0,0.001761650303806537,0.8898898898898899,0.007276201242185397
rtdetr,test,0.8908908908908909,0.003074787679307287,1.0,0.0015397610588200117,0.8908908908908909,0.007151444411714922
rtdetr,test,0.8918918918918919,0.0023527681040556936,1.0,0.0011777695613567909,0.8918918918918919,0.006969408963472743
rtdetr,test,0.8928928928928929,0.001704121419688915,1.0,0.0008527873364276805,0.8928928928928929,0.00681168814436536
rtdetr,test,0.8938938938938938,0.0013229549638034564,1.0,0.000661915323983469,0.8938938938938938,0.0066840287781779785
rtdetr,test,0.8948948948948949,0.0009756552698732186,1.0,0.00048806572688584956,0.8948948948948949,0.006553400040056694
rtdetr,test,0.8958958958958959,0.0006157110770895679,1.0,0.00030795034276340043,0.8958958958958959,0.006344003349410846
rtdetr,test,0.8968968968968969,0.0003879707009263565,1.0,0.00019402298808051898,0.8968968968968969,0.006166365149823509
rtdetr,test,0.8978978978978979,0.00035344837841565734,1.0,0.00017675542616720614,0.8978978978978979,0.005954191800172618
rtdetr,test,0.8988988988988988,0.0002426241389687515,1.0,0.00012132678788809835,0.8988988988988988,0.005849913815566379
rtdetr,test,0.8998998998998999,0.00013909744977033382,1.0,6.95535622467324e-05,0.8998998998998999,0.0057153889586483006
rtdetr,test,0.9009009009009009,0.0,1.0,0.0,0.9009009009009009,0.005592481854408601
rtdetr,test,0.9019019019019019,0.0,1.0,0.0,0.9019019019019019,0.005401844558156691
rtdetr,test,0.9029029029029029,0.0,1.0,0.0,0.9029029029029029,0.005238775845692993
rtdetr,test,0.9039039039039038,0.0,1.0,0.0,0.9039039039039038,0.005082980148827092
rtdetr,test,0.9049049049049049,0.0,1.0,0.0,0.9049049049049049,0.004944233808597323
rtdetr,test,0.9059059059059059,0.0,1.0,0.0,0.9059059059059059,0.004811152050169039
rtdetr,test,0.9069069069069069,0.0,1.0,0.0,0.9069069069069069,0.004612461200090458
rtdetr,test,0.9079079079079079,0.0,1.0,0.0,0.9079079079079079,0.004475518416371933
rtdetr,test,0.9089089089089089,0.0,1.0,0.0,0.9089089089089089,0.004277069279356185
rtdetr,test,0.9099099099099099,0.0,1.0,0.0,0.9099099099099099,0.0041374047212966525
rtdetr,test,0.9109109109109109,0.0,1.0,0.0,0.9109109109109109,0.0
rtdetr,test,0.9119119119119119,0.0,1.0,0.0,0.9119119119119119,0.0
rtdetr,test,0.9129129129129129,0.0,1.0,0.0,0.9129129129129129,0.0
rtdetr,test,0.9139139139139139,0.0,1.0,0.0,0.9139139139139139,0.0
rtdetr,test,0.914914914914915,0.0,1.0,0.0,0.914914914914915,0.0
rtdetr,test,0.9159159159159159,0.0,1.0,0.0,0.9159159159159159,0.0
rtdetr,test,0.9169169169169169,0.0,1.0,0.0,0.9169169169169169,0.0
rtdetr,test,0.9179179179179179,0.0,1.0,0.0,0.9179179179179179,0.0
rtdetr,test,0.9189189189189189,0.0,1.0,0.0,0.9189189189189189,0.0
rtdetr,test,0.91991991991992,0.0,1.0,0.0,0.91991991991992,0.0
rtdetr,test,0.9209209209209209,0.0,1.0,0.0,0.9209209209209209,0.0
rtdetr,test,0.9219219219219219,0.0,1.0,0.0,0.9219219219219219,0.0
rtdetr,test,0.9229229229229229,0.0,1.0,0.0,0.9229229229229229,0.0
rtdetr,test,0.9239239239239239,0.0,1.0,0.0,0.9239239239239239,0.0
rtdetr,test,0.924924924924925,0.0,1.0,0.0,0.924924924924925,0.0
rtdetr,test,0.9259259259259259,0.0,1.0,0.0,0.9259259259259259,0.0
rtdetr,test,0.9269269269269269,0.0,1.0,0.0,0.9269269269269269,0.0
rtdetr,test,0.9279279279279279,0.0,1.0,0.0,0.9279279279279279,0.0
rtdetr,test,0.9289289289289289,0.0,1.0,0.0,0.9289289289289289,0.0
rtdetr,test,0.92992992992993,0.0,1.0,0.0,0.92992992992993,0.0
rtdetr,test,0.9309309309309309,0.0,1.0,0.0,0.9309309309309309,0.0
rtdetr,test,0.9319319319319319,0.0,1.0,0.0,0.9319319319319319,0.0
rtdetr,test,0.9329329329329329,0.0,1.0,0.0,0.9329329329329329,0.0
rtdetr,test,0.933933933933934,0.0,1.0,0.0,0.933933933933934,0.0
rtdetr,test,0.934934934934935,0.0,1.0,0.0,0.934934934934935,0.0
rtdetr,test,0.9359359359359359,0.0,1.0,0.0,0.9359359359359359,0.0
rtdetr,test,0.9369369369369369,0.0,1.0,0.0,0.9369369369369369,0.0
rtdetr,test,0.9379379379379379,0.0,1.0,0.0,0.9379379379379379,0.0
rtdetr,test,0.938938938938939,0.0,1.0,0.0,0.938938938938939,0.0
rtdetr,test,0.93993993993994,0.0,1.0,0.0,0.93993993993994,0.0
rtdetr,test,0.9409409409409409,0.0,1.0,0.0,0.9409409409409409,0.0
rtdetr,test,0.9419419419419419,0.0,1.0,0.0,0.9419419419419419,0.0
rtdetr,test,0.9429429429429429,0.0,1.0,0.0,0.9429429429429429,0.0
rtdetr,test,0.943943943943944,0.0,1.0,0.0,0.943943943943944,0.0
rtdetr,test,0.944944944944945,0.0,1.0,0.0,0.944944944944945,0.0
rtdetr,test,0.9459459459459459,0.0,1.0,0.0,0.9459459459459459,0.0
rtdetr,test,0.9469469469469469,0.0,1.0,0.0,0.9469469469469469,0.0
rtdetr,test,0.9479479479479479,0.0,1.0,0.0,0.9479479479479479,0.0
rtdetr,test,0.948948948948949,0.0,1.0,0.0,0.948948948948949,0.0
rtdetr,test,0.94994994994995,0.0,1.0,0.0,0.94994994994995,0.0
rtdetr,test,0.950950950950951,0.0,1.0,0.0,0.950950950950951,0.0
rtdetr,test,0.9519519519519519,0.0,1.0,0.0,0.9519519519519519,0.0
rtdetr,test,0.9529529529529529,0.0,1.0,0.0,0.9529529529529529,0.0
rtdetr,test,0.953953953953954,0.0,1.0,0.0,0.953953953953954,0.0
rtdetr,test,0.954954954954955,0.0,1.0,0.0,0.954954954954955,0.0
rtdetr,test,0.955955955955956,0.0,1.0,0.0,0.955955955955956,0.0
rtdetr,test,0.9569569569569569,0.0,1.0,0.0,0.9569569569569569,0.0
rtdetr,test,0.9579579579579579,0.0,1.0,0.0,0.9579579579579579,0.0
rtdetr,test,0.958958958958959,0.0,1.0,0.0,0.958958958958959,0.0
rtdetr,test,0.95995995995996,0.0,1.0,0.0,0.95995995995996,0.0
rtdetr,test,0.960960960960961,0.0,1.0,0.0,0.960960960960961,0.0
rtdetr,test,0.9619619619619619,0.0,1.0,0.0,0.9619619619619619,0.0
rtdetr,test,0.9629629629629629,0.0,1.0,0.0,0.9629629629629629,0.0
rtdetr,test,0.963963963963964,0.0,1.0,0.0,0.963963963963964,0.0
rtdetr,test,0.964964964964965,0.0,1.0,0.0,0.964964964964965,0.0
rtdetr,test,0.965965965965966,0.0,1.0,0.0,0.965965965965966,0.0
rtdetr,test,0.9669669669669669,0.0,1.0,0.0,0.9669669669669669,0.0
rtdetr,test,0.9679679679679679,0.0,1.0,0.0,0.9679679679679679,0.0
rtdetr,test,0.968968968968969,0.0,1.0,0.0,0.968968968968969,0.0
rtdetr,test,0.96996996996997,0.0,1.0,0.0,0.96996996996997,0.0
rtdetr,test,0.970970970970971,0.0,1.0,0.0,0.970970970970971,0.0
rtdetr,test,0.9719719719719719,0.0,1.0,0.0,0.9719719719719719,0.0
rtdetr,test,0.9729729729729729,0.0,1.0,0.0,0.9729729729729729,0.0
rtdetr,test,0.973973973973974,0.0,1.0,0.0,0.973973973973974,0.0
rtdetr,test,0.974974974974975,0.0,1.0,0.0,0.974974974974975,0.0
rtdetr,test,0.975975975975976,0.0,1.0,0.0,0.975975975975976,0.0
rtdetr,test,0.9769769769769769,0.0,1.0,0.0,0.9769769769769769,0.0
rtdetr,test,0.9779779779779779,0.0,1.0,0.0,0.9779779779779779,0.0
rtdetr,test,0.978978978978979,0.0,1.0,0.0,0.978978978978979,0.0
rtdetr,test,0.97997997997998,0.0,1.0,0.0,0.97997997997998,0.0
rtdetr,test,0.980980980980981,0.0,1.0,0.0,0.980980980980981,0.0
rtdetr,test,0.9819819819819819,0.0,1.0,0.0,0.9819819819819819,0.0
rtdetr,test,0.9829829829829829,0.0,1.0,0.0,0.9829829829829829,0.0
rtdetr,test,0.983983983983984,0.0,1.0,0.0,0.983983983983984,0.0
rtdetr,test,0.984984984984985,0.0,1.0,0.0,0.984984984984985,0.0
rtdetr,test,0.985985985985986,0.0,1.0,0.0,0.985985985985986,0.0
rtdetr,test,0.986986986986987,0.0,1.0,0.0,0.986986986986987,0.0
rtdetr,test,0.9879879879879879,0.0,1.0,0.0,0.9879879879879879,0.0
rtdetr,test,0.988988988988989,0.0,1.0,0.0,0.988988988988989,0.0
rtdetr,test,0.98998998998999,0.0,1.0,0.0,0.98998998998999,0.0
rtdetr,test,0.990990990990991,0.0,1.0,0.0,0.990990990990991,0.0
rtdetr,test,0.991991991991992,0.0,1.0,0.0,0.991991991991992,0.0
rtdetr,test,0.992992992992993,0.0,1.0,0.0,0.992992992992993,0.0
rtdetr,test,0.993993993993994,0.0,1.0,0.0,0.993993993993994,0.0
rtdetr,test,0.994994994994995,0.0,1.0,0.0,0.994994994994995,0.0
rtdetr,test,0.995995995995996,0.0,1.0,0.0,0.995995995995996,0.0
rtdetr,test,0.996996996996997,0.0,1.0,0.0,0.996996996996997,0.0
rtdetr,test,0.997997997997998,0.0,1.0,0.0,0.997997997997998,0.0
rtdetr,test,0.998998998998999,0.0,1.0,0.0,0.998998998998999,0.0
rtdetr,test,1.0,0.0,1.0,0.0,1.0,0.0
rtdetr,hawaii,0.0,0.006349752960173357,0.0031852568113304135,0.9742268041237113,0.0,1.0
rtdetr,hawaii,0.001001001001001001,0.006351120955459551,0.0031859452894621174,0.9742268041237113,0.001001001001001001,1.0
rtdetr,hawaii,0.002002002002002002,0.0074546281243430355,0.003741686489740564,0.970360824742268,0.002002002002002002,1.0
rtdetr,hawaii,0.003003003003003003,0.008315499141186832,0.0041757130072804065,0.9664948453608248,0.003003003003003003,1.0
rtdetr,hawaii,0.004004004004004004,0.009117052359523271,0.0045801575872069285,0.9652061855670103,0.004004004004004004,1.0
rtdetr,hawaii,0.005005005005005005,0.00989272838768571,0.004971911824391094,0.9626288659793815,0.005005005005005005,1.0
rtdetr,hawaii,0.006006006006006006,0.010677409192941969,0.005368518113208149,0.961340206185567,0.006006006006006006,1.0
rtdetr,hawaii,0.007007007007007007,0.011499583708699138,0.005784411721279469,0.9606958762886598,0.007007007007007007,1.0
rtdetr,hawaii,0.008008008008008008,0.012307632604667353,0.006193623558295833,0.9574742268041238,0.008008008008008008,1.0
rtdetr,hawaii,0.009009009009009009,0.01315500397771254,0.00662309227941435,0.9555412371134021,0.009009009009009009,0.9545454545454546
rtdetr,hawaii,0.01001001001001001,0.014048518512030584,0.007076383757076502,0.9536082474226805,0.01001001001001001,0.9545454545454546
rtdetr,hawaii,0.011011011011011011,0.014933736016239358,0.007526037671095835,0.9497422680412371,0.011011011011011011,0.9545454545454546
rtdetr,hawaii,0.012012012012012012,0.015902832694301424,0.008018549110026894,0.9497422680412371,0.012012012012012012,0.9545454545454546
rtdetr,hawaii,0.013013013013013013,0.016887326435007923,0.008519508636914242,0.9484536082474226,0.013013013013013013,0.9545454545454546
rtdetr,hawaii,0.014014014014014014,0.017870077370972383,0.009020188156665242,0.946520618556701,0.014014014014014014,0.9375
rtdetr,hawaii,0.015015015015015015,0.018916985044081593,0.009554095874793351,0.9452319587628866,0.015015015015015015,0.9375
rtdetr,hawaii,0.016016016016016016,0.019949772739154055,0.010081419263777423,0.9439432989690721,0.016016016016016016,0.9375
rtdetr,hawaii,0.017017017017017015,0.02105820931184282,0.010647875128377022,0.9439432989690721,0.017017017017017015,0.9375
rtdetr,hawaii,0.018018018018018018,0.0221530477118708,0.011208224438756685,0.9426546391752577,0.018018018018018018,0.9375
rtdetr,hawaii,0.01901901901901902,0.02328397575188815,0.01178766768746144,0.9420103092783505,0.01901901901901902,0.9375
rtdetr,hawaii,0.02002002002002002,0.024447939304324783,0.01238479053044829,0.9413659793814433,0.02002002002002002,0.9333333333333333
rtdetr,hawaii,0.02102102102102102,0.0255613738746718,0.012957207767641879,0.9381443298969072,0.02102102102102102,0.9333333333333333
rtdetr,hawaii,0.022022022022022022,0.026741010306370914,0.013563952509912226,0.9375,0.022022022022022022,0.9333333333333333
rtdetr,hawaii,0.023023023023023025,0.02792613394482608,0.014174471260102798,0.9362113402061856,0.023023023023023025,0.9333333333333333
rtdetr,hawaii,0.024024024024024024,0.02910952620408457,0.014784933151402169,0.9349226804123711,0.024024024024024024,0.9333333333333333
rtdetr,hawaii,0.025025025025025023,0.030306397025456403,0.015403022407402196,0.9342783505154639,0.025025025025025023,0.9333333333333333
rtdetr,hawaii,0.026026026026026026,0.031545127977291164,0.016043410159050905,0.9342783505154639,0.026026026026026026,0.9333333333333333
rtdetr,hawaii,0.02702702702702703,0.03274355209591839,0.016664399170960992,0.9323453608247423,0.02702702702702703,0.9333333333333333
rtdetr,hawaii,0.028028028028028028,0.03397326320507775,0.017302525539738826,0.9304123711340206,0.028028028028028028,0.9333333333333333
rtdetr,hawaii,0.029029029029029027,0.03518117493448221,0.01793004717456139,0.9291237113402062,0.029029029029029027,0.9333333333333333
rtdetr,hawaii,0.03003003003003003,0.03642541031311079,0.01857736487543335,0.9278350515463918,0.03003003003003003,0.9333333333333333
rtdetr,hawaii,0.031031031031031032,0.03773197927632567,0.01925783800745598,0.9271907216494846,0.031031031031031032,0.9333333333333333
rtdetr,hawaii,0.03203203203203203,0.03896417468721253,0.0199008245051171,0.9259020618556701,0.03203203203203203,0.9333333333333333
rtdetr,hawaii,0.03303303303303303,0.04013876062874429,0.020515619072705403,0.9226804123711341,0.03303303303303303,0.9333333333333333
rtdetr,hawaii,0.03403403403403403,0.04139540984929476,0.02117367306362526,0.9207474226804123,0.03403403403403403,0.9333333333333333
rtdetr,hawaii,0.035035035035035036,0.0426879196316425,0.021850841586374313,0.9201030927835051,0.035035035035035036,0.9333333333333333
rtdetr,hawaii,0.036036036036036036,0.0438670638788486,0.02247108258034029,0.916881443298969,0.036036036036036036,0.9333333333333333
rtdetr,hawaii,0.037037037037037035,0.045137782736606395,0.023140086538259576,0.9143041237113402,0.037037037037037035,0.925
rtdetr,hawaii,0.03803803803803804,0.046467282289995714,0.023840309057332292,0.9130154639175257,0.03803803803803804,0.925
rtdetr,hawaii,0.03903903903903904,0.04778156671183866,0.024534127444048915,0.9110824742268041,0.03903903903903904,0.925
rtdetr,hawaii,0.04004004004004004,0.04907027464845505,0.025215134006648914,0.9097938144329897,0.04004004004004004,0.925
rtdetr,hawaii,0.04104104104104104,0.05031992230341062,0.025877105171005766,0.907860824742268,0.04104104104104104,0.925
rtdetr,hawaii,0.04204204204204204,0.051817050774808804,0.02667017932792491,0.9072164948453608,0.04204204204204204,0.925
rtdetr,hawaii,0.043043043043043044,0.05309242282449038,0.027348159099411642,0.9052835051546392,0.043043043043043044,0.925
rtdetr,hawaii,0.044044044044044044,0.05447588057208516,0.02808413309813426,0.9039948453608248,0.044044044044044044,0.925
rtdetr,hawaii,0.04504504504504504,0.05585385694896701,0.0288178267157578,0.9033505154639175,0.04504504504504504,0.925
rtdetr,hawaii,0.04604604604604605,0.057272927882720905,0.029574658054227862,0.9027061855670103,0.04604604604604605,0.925
rtdetr,hawaii,0.04704704704704705,0.058662142483796954,0.03031756946776497,0.9014175257731959,0.04704704704704705,0.925
rtdetr,hawaii,0.04804804804804805,0.06013007085351118,0.031103163236130202,0.9007731958762887,0.04804804804804805,0.9186046511627907
rtdetr,hawaii,0.04904904904904905,0.06145949163411503,0.031819147672611785,0.8975515463917526,0.04904904904904905,0.9186046511627907
rtdetr,hawaii,0.050050050050050046,0.06275323537044623,0.03251745828583157,0.8943298969072165,0.050050050050050046,0.9186046511627907
rtdetr,hawaii,0.05105105105105105,0.0640888666167057,0.033237950776128636,0.8923969072164949,0.05105105105105105,0.9157894736842105
rtdetr,hawaii,0.05205205205205205,0.06547491509475968,0.03398603349999607,0.8911082474226805,0.05205205205205205,0.9157894736842105
rtdetr,hawaii,0.05305305305305305,0.06697845974342384,0.034796953341514426,0.8911082474226805,0.05305305305305305,0.9157894736842105
rtdetr,hawaii,0.05405405405405406,0.06843669786694259,0.03558582509531327,0.8904639175257731,0.05405405405405406,0.9157894736842105
rtdetr,hawaii,0.055055055055055056,0.06992571764245814,0.03639280778900314,0.8898195876288659,0.055055055055055056,0.9157894736842105
rtdetr,hawaii,0.056056056056056056,0.07130141416887621,0.03714317480475278,0.8872422680412371,0.056056056056056056,0.9157894736842105
rtdetr,hawaii,0.057057057057057055,0.0728026123326814,0.03796219984861631,0.8853092783505154,0.057057057057057055,0.9090909090909091
rtdetr,hawaii,0.058058058058058054,0.07436517953530149,0.03881394523795585,0.8846649484536082,0.058058058058058054,0.900990099009901
rtdetr,hawaii,0.05905905905905906,0.07575976741527521,0.03957956675121715,0.8820876288659794,0.05905905905905906,0.8785046728971962
rtdetr,hawaii,0.06006006006006006,0.0772666377731074,0.040405575126001604,0.8807989690721649,0.06006006006006006,0.8785046728971962
rtdetr,hawaii,0.06106106106106106,0.07887560840267076,0.041289240108144734,0.8795103092783505,0.06106106106106106,0.8727272727272727
rtdetr,hawaii,0.062062062062062065,0.08044569669480049,0.04215200923754327,0.8788659793814433,0.062062062062062065,0.872
rtdetr,hawaii,0.06306306306306306,0.08180977256910334,0.04290626604096783,0.8769329896907216,0.06306306306306306,0.872
rtdetr,hawaii,0.06406406406406406,0.08348524747909952,0.04382891054037655,0.8769329896907216,0.06406406406406406,0.872
rtdetr,hawaii,0.06506506506506507,0.08509194338608649,0.04471709682929925,0.8762886597938144,0.06506506506506507,0.872
rtdetr,hawaii,0.06606606606606606,0.08660073561875979,0.045552948398449415,0.8756443298969072,0.06606606606606606,0.872
rtdetr,hawaii,0.06706706706706707,0.0880365078522017,0.04635539835070108,0.8730670103092784,0.06706706706706707,0.872
rtdetr,hawaii,0.06806806806806806,0.08953159633705382,0.047192731316202996,0.8704896907216495,0.06806806806806806,0.872
rtdetr,hawaii,0.06906906906906907,0.0913047651618344,0.048179111203331605,0.8704896907216495,0.06906906906906907,0.872
rtdetr,hawaii,0.07007007007007007,0.09295611088814813,0.04910373833155175,0.8692010309278351,0.07007007007007007,0.872
rtdetr,hawaii,0.07107107107107107,0.09452366031873351,0.049983671526046394,0.8679123711340206,0.07107107107107107,0.8714285714285714
rtdetr,hawaii,0.07207207207207207,0.09594785573420839,0.050789693981154384,0.8653350515463918,0.07207207207207207,0.8714285714285714
rtdetr,hawaii,0.07307307307307308,0.09758634389214095,0.051708850477738856,0.8653350515463918,0.07307307307307308,0.8714285714285714
rtdetr,hawaii,0.07407407407407407,0.09918765122878821,0.05261370380169378,0.8640463917525774,0.07407407407407407,0.8714285714285714
rtdetr,hawaii,0.07507507507507508,0.10073365049724849,0.053494442136963555,0.8614690721649485,0.07507507507507508,0.8714285714285714
rtdetr,hawaii,0.07607607607607608,0.10243560331376632,0.0544605512868663,0.8601804123711341,0.07607607607607608,0.8714285714285714
rtdetr,hawaii,0.07707707707707707,0.10416103786573724,0.055439688867150665,0.8595360824742269,0.07707707707707707,0.8714285714285714
rtdetr,hawaii,0.07807807807807808,0.10580023526730044,0.05637770194994147,0.8576030927835051,0.07807807807807808,0.8714285714285714
rtdetr,hawaii,0.07907907907907907,0.10753413614451081,0.05736633039998002,0.8569587628865979,0.07907907907907907,0.8689655172413793
rtdetr,hawaii,0.08008008008008008,0.1093104862167109,0.05837851681412095,0.8569587628865979,0.08008008008008008,0.8689655172413793
rtdetr,hawaii,0.08108108108108109,0.11076026971494976,0.0592217237948237,0.8537371134020618,0.08108108108108109,0.8689655172413793
rtdetr,hawaii,0.08208208208208208,0.11255975294729499,0.06025821044318012,0.8524484536082474,0.08208208208208208,0.86
rtdetr,hawaii,0.08308308308308308,0.11395792356608102,0.06107692445628834,0.8492268041237113,0.08308308308308308,0.86
rtdetr,hawaii,0.08408408408408408,0.11563209858626648,0.062050108443961714,0.8472938144329897,0.08408408408408408,0.8578680203045685
rtdetr,hawaii,0.08508508508508508,0.11744777403589281,0.06309698670968943,0.8472938144329897,0.08508508508508508,0.8578680203045685
rtdetr,hawaii,0.08608608608608609,0.1193107479922228,0.06417734385453155,0.8466494845360825,0.08608608608608609,0.8578680203045685
rtdetr,hawaii,0.08708708708708708,0.12103516731917922,0.065180137297998,0.8460051546391752,0.08708708708708708,0.8578680203045685
rtdetr,hawaii,0.08808808808808809,0.12250438296821581,0.0660567676130058,0.842139175257732,0.08808808808808809,0.8578680203045685
rtdetr,hawaii,0.0890890890890891,0.12446742860600278,0.06720385209325673,0.8414948453608248,0.0890890890890891,0.8578680203045685
rtdetr,hawaii,0.09009009009009009,0.12597846941051713,0.0681026501257652,0.8389175257731959,0.09009009009009009,0.8578680203045685
rtdetr,hawaii,0.09109109109109109,0.12758523049784756,0.06906024899477928,0.836340206185567,0.09109109109109109,0.8578680203045685
rtdetr,hawaii,0.0920920920920921,0.12928749427836245,0.0700679056799548,0.8350515463917526,0.0920920920920921,0.8578680203045685
rtdetr,hawaii,0.09309309309309309,0.13114108741938996,0.07117353563076166,0.8329277455324143,0.09309309309309309,0.8578680203045685
rtdetr,hawaii,0.0940940940940941,0.1326798286029076,0.07209884731838502,0.8305412371134021,0.0940940940940941,0.8578680203045685
rtdetr,hawaii,0.09509509509509509,0.13455754478454213,0.07321917767305731,0.8292525773195877,0.09509509509509509,0.8578680203045685
rtdetr,hawaii,0.0960960960960961,0.13645083209504394,0.07435213910525913,0.8279639175257731,0.0960960960960961,0.8578680203045685
rtdetr,hawaii,0.0970970970970971,0.1379346405996473,0.07525548799987104,0.8253865979381443,0.0970970970970971,0.8578680203045685
rtdetr,hawaii,0.0980980980980981,0.13951184568336977,0.07621746867492439,0.8228092783505154,0.0980980980980981,0.8578680203045685
rtdetr,hawaii,0.0990990990990991,0.1410232702126461,0.07714899997555755,0.8195876288659794,0.0990990990990991,0.8578680203045685
rtdetr,hawaii,0.10010010010010009,0.14263224796273585,0.07813071204855962,0.8176546391752577,0.10010010010010009,0.8578680203045685
rtdetr,hawaii,0.1011011011011011,0.1444574030675286,0.07923948500149094,0.8163659793814433,0.1011011011011011,0.8578680203045685
rtdetr,hawaii,0.1021021021021021,0.1462395351324436,0.08032570595767313,0.8150773195876289,0.1021021021021021,0.8578680203045685
rtdetr,hawaii,0.1031031031031031,0.1478489203089144,0.08131071537776945,0.8137886597938144,0.1031031031031031,0.8578680203045685
rtdetr,hawaii,0.1041041041041041,0.14984689115251607,0.08254086616147238,0.8118556701030928,0.1041041041041041,0.8578680203045685
rtdetr,hawaii,0.10510510510510511,0.1512248593572606,0.08339829337342827,0.8099226804123711,0.10510510510510511,0.8578680203045685
rtdetr,hawaii,0.1061061061061061,0.15331498906297372,0.08469265488468558,0.8079896907216495,0.1061061061061061,0.8578680203045685
rtdetr,hawaii,0.10710710710710711,0.15485467329464636,0.08565510340137032,0.8060567010309279,0.10710710710710711,0.8578680203045685
rtdetr,hawaii,0.10810810810810811,0.15651862957618579,0.08671187542516653,0.8028350515463918,0.10810810810810811,0.8578680203045685
rtdetr,hawaii,0.1091091091091091,0.15876392296187025,0.08809226474052936,0.8028350515463918,0.1091091091091091,0.8557213930348259
rtdetr,hawaii,0.11011011011011011,0.16093508517059948,0.08943115920619318,0.8028350515463918,0.11011011011011011,0.8557213930348259
rtdetr,hawaii,0.1111111111111111,0.16272574565673698,0.09057133633427393,0.8002577319587629,0.1111111111111111,0.8529411764705882
rtdetr,hawaii,0.11211211211211211,0.16428495088550332,0.09155533247500544,0.7989690721649485,0.11211211211211211,0.8529411764705882
rtdetr,hawaii,0.11311311311311312,0.16611416288021857,0.09271229066441623,0.7975396594024873,0.11311311311311312,0.8504273504273504
rtdetr,hawaii,0.11411411411411411,0.16824157521962482,0.09404666093455427,0.7970360824742269,0.11411411411411411,0.8504273504273504
rtdetr,hawaii,0.11511511511511512,0.1698508106719352,0.09507186154510822,0.7957474226804123,0.11511511511511512,0.8504273504273504
rtdetr,hawaii,0.11611611611611611,0.17157267397046463,0.0961898774196405,0.7931701030927835,0.11611611611611611,0.8504273504273504
rtdetr,hawaii,0.11711711711711711,0.17390934095366864,0.09766119764762571,0.7931701030927835,0.11711711711711711,0.8504273504273504
rtdetr,hawaii,0.11811811811811812,0.17551441229678902,0.09870467906348775,0.7912371134020618,0.11811811811811812,0.8504273504273504
rtdetr,hawaii,0.11911911911911911,0.17757702693608912,0.10001125649095846,0.7912371134020618,0.11911911911911911,0.8504273504273504
rtdetr,hawaii,0.12012012012012012,0.17961902145255984,0.10134033321892727,0.7893041237113402,0.12012012012012012,0.8504273504273504
rtdetr,hawaii,0.12112112112112113,0.18138913789517136,0.10250134593559315,0.7873711340206185,0.12112112112112113,0.8504273504273504
rtdetr,hawaii,0.12212212212212212,0.18339011041894368,0.10381479129293801,0.7854381443298969,0.12212212212212212,0.8504273504273504
rtdetr,hawaii,0.12312312312312312,0.1852687594394709,0.10505512266845948,0.7835051546391752,0.12312312312312312,0.8504273504273504
rtdetr,hawaii,0.12412412412412413,0.18752121128651247,0.10652983502813192,0.7822164948453608,0.12412412412412413,0.8504273504273504
rtdetr,hawaii,0.12512512512512514,0.18931154521043486,0.10771140429675428,0.7809278350515464,0.12512512512512514,0.8504273504273504
rtdetr,hawaii,0.12612612612612611,0.19163421825713872,0.10923035842036732,0.7802835051546392,0.12612612612612611,0.8504273504273504
rtdetr,hawaii,0.12712712712712712,0.19385992437545083,0.11069192319520116,0.779639175257732,0.12712712712712712,0.8504273504273504
rtdetr,hawaii,0.12812812812812813,0.19581107605599413,0.1119793081978574,0.7789948453608248,0.12812812812812813,0.8504273504273504
rtdetr,hawaii,0.12912912912912913,0.19755496973692482,0.1131896759034903,0.7757731958762887,0.12912912912912913,0.8416666666666667
rtdetr,hawaii,0.13013013013013014,0.19975535319896864,0.11463668890006125,0.7757731958762887,0.13013013013013014,0.8416666666666667
rtdetr,hawaii,0.13113113113113112,0.20147208528150556,0.1157976722929122,0.7744845360824743,0.13113113113113112,0.8401639344262295
rtdetr,hawaii,0.13213213213213212,0.20309709010850693,0.11690199994505658,0.7731958762886598,0.13213213213213212,0.8393574297188755
rtdetr,hawaii,0.13313313313313313,0.2049251457609493,0.1181450926249066,0.7719072164948454,0.13313313313313313,0.8393574297188755
rtdetr,hawaii,0.13413413413413414,0.20685847191318513,0.11947857545723482,0.7699742268041238,0.13413413413413414,0.8393574297188755
rtdetr,hawaii,0.13513513513513514,0.20864442393563304,0.12073533101434636,0.7673969072164949,0.13513513513513514,0.8372093023255814
rtdetr,hawaii,0.13613613613613612,0.21092202406537233,0.12227965246723199,0.7667525773195877,0.13613613613613612,0.8372093023255814
rtdetr,hawaii,0.13713713713713713,0.21237697577909206,0.12330883790753214,0.7648195876288659,0.13713713713713713,0.8372093023255814
rtdetr,hawaii,0.13813813813813813,0.21428203323009692,0.1246465824446261,0.7628865979381443,0.13813813813813813,0.8372093023255814
rtdetr,hawaii,0.13913913913913914,0.21628006812240744,0.12605367346635257,0.7609536082474226,0.13913913913913914,0.8372093023255814
rtdetr,hawaii,0.14014014014014015,0.2181607236126945,0.12736933694656966,0.7596649484536082,0.14014014014014015,0.8371212121212122
rtdetr,hawaii,0.14114114114114115,0.2204181718425532,0.12891096132239158,0.7596649484536082,0.14114114114114115,0.8371212121212122
rtdetr,hawaii,0.14214214214214213,0.22168238936646567,0.12988471177551114,0.7559830757377534,0.14214214214214213,0.8371212121212122
rtdetr,hawaii,0.14314314314314314,0.2233572287724165,0.13109991351331884,0.7538659793814433,0.14314314314314314,0.8339483394833949
rtdetr,hawaii,0.14414414414414414,0.22543233122222883,0.13257193261793368,0.7525773195876289,0.14414414414414414,0.8339483394833949
rtdetr,hawaii,0.14514514514514515,0.2270461088382372,0.1337302963525788,0.7512886597938144,0.14514514514514515,0.8339483394833949
rtdetr,hawaii,0.14614614614614616,0.22883024412811817,0.13505346071800373,0.7487113402061856,0.14614614614614616,0.8339100346020761
rtdetr,hawaii,0.14714714714714713,0.23082997343738837,0.13653472220045426,0.7461340206185567,0.14714714714714713,0.8339100346020761
rtdetr,hawaii,0.14814814814814814,0.2328636343101632,0.13798208878458024,0.7454896907216495,0.14814814814814814,0.8339100346020761
rtdetr,hawaii,0.14914914914914915,0.23443271646691777,0.1391753836295471,0.7429123711340206,0.14914914914914915,0.8339100346020761
rtdetr,hawaii,0.15015015015015015,0.23592579725962787,0.14034446969343917,0.7396907216494846,0.15015015015015015,0.8339100346020761
rtdetr,hawaii,0.15115115115115116,0.23761170064964557,0.14161025643494426,0.7377577319587629,0.15115115115115116,0.8339100346020761
rtdetr,hawaii,0.15215215215215216,0.23942024345244586,0.1429453147193903,0.7364690721649485,0.15215215215215216,0.8339100346020761
rtdetr,hawaii,0.15315315315315314,0.2419550918153212,0.1447666097124679,0.7362000167844921,0.15315315315315314,0.8339100346020761
rtdetr,hawaii,0.15415415415415415,0.24324339511332596,0.14583166112040222,0.7326030927835051,0.15415415415415415,0.8339100346020761
rtdetr,hawaii,0.15515515515515516,0.24487608288771215,0.147085005880368,0.7306701030927835,0.15515515515515516,0.8339100346020761
rtdetr,hawaii,0.15615615615615616,0.24715200763904233,0.14875703197904433,0.7300257731958762,0.15615615615615616,0.8333333333333334
rtdetr,hawaii,0.15715715715715717,0.24859196337906192,0.14985594154929763,0.7287371134020618,0.15715715715715717,0.8333333333333334
rtdetr,hawaii,0.15815815815815815,0.25045072485383824,0.1512367056288903,0.7280927835051546,0.15815815815815815,0.8322147651006712
rtdetr,hawaii,0.15915915915915915,0.2527176164288106,0.1529214824107032,0.7274484536082474,0.15915915915915915,0.8322147651006712
rtdetr,hawaii,0.16016016016016016,0.2545711347518315,0.15430994467166065,0.7268041237113402,0.16016016016016016,0.8245033112582781
rtdetr,hawaii,0.16116116116116116,0.25655017010481124,0.15585571934198775,0.7248711340206185,0.16116116116116116,0.8227848101265823
rtdetr,hawaii,0.16216216216216217,0.2589160110555081,0.15763597188171724,0.7242268041237113,0.16216216216216217,0.8227848101265823
rtdetr,hawaii,0.16316316316316315,0.26118337406318765,0.15938258889592177,0.7229381443298969,0.16316316316316315,0.8227848101265823
rtdetr,hawaii,0.16416416416416416,0.26338744175972684,0.1610591685127011,0.7222938144329897,0.16416416416416416,0.8227848101265823
rtdetr,hawaii,0.16516516516516516,0.26589714502176426,0.1629400302768505,0.7222938144329897,0.16516516516516516,0.8227848101265823
rtdetr,hawaii,0.16616616616616617,0.26729739239448436,0.16412635430510092,0.7197164948453608,0.16616616616616617,0.8227848101265823
rtdetr,hawaii,0.16716716716716717,0.26962728091749866,0.16598972477182425,0.7177835051546392,0.16716716716716717,0.8227848101265823
rtdetr,hawaii,0.16816816816816815,0.2718450662483571,0.1677091917839769,0.717139175257732,0.16816816816816815,0.821875
rtdetr,hawaii,0.16916916916916916,0.2737004935098865,0.16919563767962725,0.7158505154639175,0.16916916916916916,0.821875
rtdetr,hawaii,0.17017017017017017,0.2752577511103788,0.17049731289023023,0.7139175257731959,0.17017017017017017,0.8209876543209876
rtdetr,hawaii,0.17117117117117117,0.27718103169194785,0.17201301446980571,0.7132731958762887,0.17117117117117117,0.8209876543209876
rtdetr,hawaii,0.17217217217217218,0.27868784937123986,0.17321317180551288,0.7126288659793815,0.17217217217217218,0.8195718654434251
rtdetr,hawaii,0.17317317317317318,0.28046046688402193,0.1746623381323467,0.711340206185567,0.17317317317317318,0.8194842406876791
rtdetr,hawaii,0.17417417417417416,0.2820084297793703,0.1759436435030751,0.7100515463917526,0.17417417417417416,0.8194842406876791
rtdetr,hawaii,0.17517517517517517,0.28459471559739885,0.17804275978178707,0.7087628865979382,0.17517517517517517,0.8194842406876791
rtdetr,hawaii,0.17617617617617617,0.28642464751083085,0.17960183794450188,0.7068298969072165,0.17617617617617617,0.8194842406876791
rtdetr,hawaii,0.17717717717717718,0.2875607601680105,0.1807499907983655,0.7029639175257731,0.17717717717717718,0.8194842406876791
rtdetr,hawaii,0.1781781781781782,0.2888096591149974,0.18195453061216818,0.6997422680412371,0.1781781781781782,0.8194842406876791
rtdetr,hawaii,0.17917917917917917,0.28941805444692864,0.1827468660858802,0.6952319587628866,0.17917917917917917,0.8194842406876791
rtdetr,hawaii,0.18018018018018017,0.29133158733602665,0.1843661292458539,0.6939432989690721,0.18018018018018017,0.8194842406876791
rtdetr,hawaii,0.18118118118118118,0.29374041220659064,0.186299777255896,0.6939432989690721,0.18118118118118118,0.8194842406876791
rtdetr,hawaii,0.18218218218218218,0.29629097675507343,0.18840403299630015,0.6932989690721649,0.18218218218218218,0.8194842406876791
rtdetr,hawaii,0.1831831831831832,0.2979747198217953,0.18981606941729756,0.6926546391752577,0.1831831831831832,0.8194842406876791
rtdetr,hawaii,0.1841841841841842,0.29930392180287096,0.19104350412443963,0.6907216494845361,0.1841841841841842,0.8194842406876791
rtdetr,hawaii,0.18518518518518517,0.30132473022743306,0.19279374204147717,0.6894329896907216,0.18518518518518517,0.8189415041782729
rtdetr,hawaii,0.18618618618618618,0.303093565246011,0.1943468800890893,0.6881443298969072,0.18618618618618618,0.8189415041782729
rtdetr,hawaii,0.1871871871871872,0.30479182684974643,0.19595512840166834,0.6855670103092784,0.1871871871871872,0.8189415041782729
rtdetr,hawaii,0.1881881881881882,0.30598778078482397,0.19710501046060191,0.6836340206185567,0.1881881881881882,0.8189415041782729
rtdetr,hawaii,0.1891891891891892,0.3083010672280791,0.19908364171340429,0.6829896907216495,0.1891891891891892,0.8189415041782729
rtdetr,hawaii,0.19019019019019018,0.30961063043296944,0.20039961489239147,0.6804123711340206,0.19019019019019018,0.8181818181818182
rtdetr,hawaii,0.19119119119119118,0.31082854902018087,0.20153449886139013,0.6791237113402062,0.19119119119119118,0.8181818181818182
rtdetr,hawaii,0.1921921921921922,0.3119278839725075,0.20268997205278844,0.6765463917525774,0.1921921921921922,0.8181818181818182
rtdetr,hawaii,0.1931931931931932,0.3141551847324211,0.20469302209488793,0.6752577319587629,0.1931931931931932,0.8181818181818182
rtdetr,hawaii,0.1941941941941942,0.3161662827113686,0.20646419757244103,0.6746134020618557,0.1941941941941942,0.8181818181818182
rtdetr,hawaii,0.19519519519519518,0.3181690684833552,0.20836041458375545,0.6726804123711341,0.19519519519519518,0.8181818181818182
rtdetr,hawaii,0.1961961961961962,0.3198177991607986,0.20996553197734155,0.6707474226804123,0.1961961961961962,0.8181818181818182
rtdetr,hawaii,0.1971971971971972,0.3219559445412316,0.21181253588663343,0.6707474226804123,0.1971971971971972,0.8164893617021277
rtdetr,hawaii,0.1981981981981982,0.324070160751839,0.21384336170588236,0.6688144329896907,0.1981981981981982,0.814621409921671
rtdetr,hawaii,0.1991991991991992,0.3249575517099485,0.21489538106328449,0.666123613181173,0.1991991991991992,0.814621409921671
rtdetr,hawaii,0.20020020020020018,0.3264916876124457,0.2163734081725135,0.664853734886481,0.20020020020020018,0.814621409921671
rtdetr,hawaii,0.2012012012012012,0.3280055800449037,0.21783873549378646,0.6636116461438685,0.2012012012012012,0.8081841432225064
rtdetr,hawaii,0.2022022022022022,0.3297293463051374,0.21956870221708585,0.6617268041237113,0.2022022022022022,0.8081841432225064
rtdetr,hawaii,0.2032032032032032,0.3310629068661871,0.22096893813300214,0.6597938144329897,0.2032032032032032,0.8081841432225064
rtdetr,hawaii,0.2042042042042042,0.33319697858740277,0.22302190981281703,0.6585051546391752,0.2042042042042042,0.806615776081425
rtdetr,hawaii,0.20520520520520522,0.3346268895570595,0.22468128571139673,0.6552835051546392,0.20520520520520522,0.8055555555555556
rtdetr,hawaii,0.2062062062062062,0.33696182094308136,0.22694641507089347,0.6539948453608248,0.2062062062062062,0.805
rtdetr,hawaii,0.2072072072072072,0.33856735183460357,0.22864212278569052,0.6520618556701031,0.2072072072072072,0.805
rtdetr,hawaii,0.2082082082082082,0.34095905085050543,0.23090991056469493,0.6514175257731959,0.2082082082082082,0.7960687960687961
rtdetr,hawaii,0.2092092092092092,0.3429281753835624,0.23288480361149366,0.6501288659793815,0.2092092092092092,0.7907542579075426
rtdetr,hawaii,0.21021021021021022,0.34466016284522616,0.23482232799033287,0.6475515463917526,0.21021021021021022,0.7903614457831325
rtdetr,hawaii,0.2112112112112112,0.34703883467467433,0.23712263703728337,0.6469072164948454,0.2112112112112112,0.7903614457831325
rtdetr,hawaii,0.2122122122122122,0.34861445865193924,0.23886032176306238,0.6449742268041238,0.2122122122122122,0.7867298578199052
rtdetr,hawaii,0.2132132132132132,0.34988099965703934,0.24041008800094518,0.6423969072164949,0.2132132132132132,0.7867298578199052
rtdetr,hawaii,0.21421421421421422,0.35125434120139243,0.24198359198357305,0.6404639175257731,0.21421421421421422,0.785377358490566
rtdetr,hawaii,0.21521521521521522,0.3529517713185149,0.24378468290207256,0.6391752577319587,0.21521521521521522,0.7845433255269321
rtdetr,hawaii,0.21621621621621623,0.3545640745094821,0.2456116854059527,0.6372422680412371,0.21621621621621623,0.7819025522041764
rtdetr,hawaii,0.2172172172172172,0.3558276940395578,0.24721491025095974,0.6346649484536082,0.2172172172172172,0.7788018433179723
rtdetr,hawaii,0.2182182182182182,0.35697104659474727,0.24871685960654574,0.6320876288659794,0.2182182182182182,0.7744874715261959
rtdetr,hawaii,0.21921921921921922,0.35843931438010945,0.2503471085107343,0.6307989690721649,0.21921921921921922,0.7732426303854876
rtdetr,hawaii,0.22022022022022023,0.3593272101620308,0.25155314959225533,0.6286720277962305,0.22022022022022023,0.7724288840262582
rtdetr,hawaii,0.22122122122122123,0.36140662529322093,0.2538801739834927,0.6269329896907216,0.22122122122122123,0.7724288840262582
rtdetr,hawaii,0.2222222222222222,0.36273020896337593,0.2556179298833137,0.6243556701030928,0.2222222222222222,0.7724288840262582
rtdetr,hawaii,0.22322322322322322,0.36570389764336647,0.25858140154486087,0.6243556701030928,0.22322322322322322,0.7724288840262582
rtdetr,hawaii,0.22422422422422422,0.36708359027004245,0.26029973035495524,0.6224226804123711,0.22422422422422422,0.7724288840262582
rtdetr,hawaii,0.22522522522522523,0.36884610122777683,0.26219016948814705,0.6217783505154639,0.22522522522522523,0.7724288840262582
rtdetr,hawaii,0.22622622622622623,0.3694714144244084,0.2633922000048437,0.6186131953575541,0.22622622622622623,0.7724288840262582
rtdetr,hawaii,0.2272272272272272,0.37120316881258514,0.26540381964836757,0.6172680412371134,0.2272272272272272,0.7724288840262582
rtdetr,hawaii,0.22822822822822822,0.3734913710702589,0.2677494954513929,0.6172680412371134,0.22822822822822822,0.7705627705627706
rtdetr,hawaii,0.22922922922922923,0.3744980917934704,0.26903053482389233,0.615979381443299,0.22922922922922923,0.7705627705627706
rtdetr,hawaii,0.23023023023023023,0.3768210599182278,0.27143465034639425,0.615979381443299,0.23023023023023023,0.7682403433476395
rtdetr,hawaii,0.23123123123123124,0.37768895679336173,0.27258887578412844,0.6146907216494846,0.23123123123123124,0.7654584221748401
rtdetr,hawaii,0.23223223223223222,0.37963473182349045,0.27474939603453047,0.6140463917525774,0.23223223223223222,0.7637130801687764
rtdetr,hawaii,0.23323323323323322,0.3811164616652198,0.276566004980131,0.6127577319587629,0.23323323323323322,0.7637130801687764
rtdetr,hawaii,0.23423423423423423,0.3820872271152879,0.2779881181695742,0.6108247422680413,0.23423423423423423,0.7551867219917012
rtdetr,hawaii,0.23523523523523523,0.3831824088891642,0.2795546393951867,0.6088917525773195,0.23523523523523523,0.7549019607843137
rtdetr,hawaii,0.23623623623623624,0.3848835558937965,0.2816452672313913,0.6076030927835051,0.23623623623623624,0.7549019607843137
rtdetr,hawaii,0.23723723723723725,0.38623956563073875,0.2833805122292693,0.6063144329896907,0.23723723723723725,0.7549019607843137
rtdetr,hawaii,0.23823823823823823,0.387640087848404,0.28517628425022257,0.6050257731958762,0.23823823823823823,0.7549019607843137
rtdetr,hawaii,0.23923923923923923,0.3879900058914341,0.28627852298385253,0.6018041237113402,0.23923923923923923,0.7549019607843137
rtdetr,hawaii,0.24024024024024024,0.3887905627955508,0.28759324913192447,0.5998711340206185,0.24024024024024024,0.7549019607843137
rtdetr,hawaii,0.24124124124124124,0.3899477760304498,0.28916122274116507,0.5985824742268041,0.24124124124124124,0.7549019607843137
rtdetr,hawaii,0.24224224224224225,0.39112992723277007,0.29107399555594216,0.5960051546391752,0.24224224224224225,0.7549019607843137
rtdetr,hawaii,0.24324324324324323,0.39293215077353233,0.2932307453661107,0.595360824742268,0.24324324324324323,0.7549019607843137
rtdetr,hawaii,0.24424424424424424,0.394248671093142,0.2950163021640179,0.5940721649484536,0.24424424424424424,0.7549019607843137
rtdetr,hawaii,0.24524524524524524,0.39534166884528443,0.2965635343427802,0.5927835051546392,0.24524524524524524,0.7549019607843137
rtdetr,hawaii,0.24624624624624625,0.3959158489995052,0.29786235687537616,0.5902061855670103,0.24624624624624625,0.7549019607843137
rtdetr,hawaii,0.24724724724724725,0.3968602143252658,0.2992643608465975,0.5889175257731959,0.24724724724724725,0.7549019607843137
rtdetr,hawaii,0.24824824824824826,0.3981562651271818,0.30107794740526334,0.5876288659793815,0.24824824824824826,0.7542857142857143
rtdetr,hawaii,0.24924924924924924,0.4002031902818664,0.3035971079709915,0.5869845360824743,0.24924924924924924,0.7542857142857143
rtdetr,hawaii,0.2502502502502503,0.40198956370913486,0.306184707050778,0.5850515463917526,0.2502502502502503,0.7542857142857143
rtdetr,hawaii,0.25125125125125125,0.4037505063187847,0.30841175662650466,0.5844072164948454,0.25125125125125125,0.7542857142857143
rtdetr,hawaii,0.25225225225225223,0.4052247012631934,0.31049959129586596,0.583118556701031,0.25225225225225223,0.7542857142857143
rtdetr,hawaii,0.25325325325325326,0.40673730244378437,0.31228150303793806,0.5831108727337004,0.25325325325325326,0.7542857142857143
rtdetr,hawaii,0.25425425425425424,0.4078877558340609,0.31401173766739826,0.5818298969072165,0.25425425425425424,0.7542857142857143
rtdetr,hawaii,0.2552552552552553,0.40949494800602004,0.31611114545217023,0.5811855670103093,0.2552552552552553,0.7533206831119544
rtdetr,hawaii,0.25625625625625625,0.4105458081656321,0.3179447099750992,0.5792525773195877,0.25625625625625625,0.7509433962264151
rtdetr,hawaii,0.25725725725725723,0.41102934671169017,0.3193098411147141,0.5766752577319587,0.25725725725725723,0.7504690431519699
rtdetr,hawaii,0.25825825825825827,0.4117834353655071,0.32102122135385847,0.5740979381443299,0.25825825825825827,0.7504621072088724
rtdetr,hawaii,0.25925925925925924,0.4130154819629282,0.3231389157855196,0.5721513792018056,0.25925925925925924,0.7504621072088724
rtdetr,hawaii,0.2602602602602603,0.41393236191186106,0.32467382125687144,0.5708762886597938,0.2602602602602603,0.7504621072088724
rtdetr,hawaii,0.26126126126126126,0.41487215731257543,0.3260419644663866,0.5702319587628866,0.26126126126126126,0.7504621072088724
rtdetr,hawaii,0.26226226226226224,0.4151507055123649,0.3271380308483151,0.5679514145791803,0.26226226226226224,0.7472727272727273
rtdetr,hawaii,0.26326326326326327,0.41571243977160977,0.32880150610008246,0.5650773195876289,0.26326326326326327,0.7472727272727273
rtdetr,hawaii,0.26426426426426425,0.4175722435813597,0.33135614443641426,0.5644329896907216,0.26426426426426425,0.7472727272727273
rtdetr,hawaii,0.2652652652652653,0.4187169570276832,0.33334884762026906,0.5628615194476762,0.2652652652652653,0.7468354430379747
rtdetr,hawaii,0.26626626626626626,0.41991811971613774,0.3354608979466213,0.5612113402061856,0.26626626626626626,0.7423971377459749
rtdetr,hawaii,0.26726726726726724,0.4207938076356312,0.3372791371814206,0.5592783505154639,0.26726726726726724,0.7423971377459749
rtdetr,hawaii,0.2682682682682683,0.4206721295430221,0.3380662467079774,0.5567010309278351,0.2682682682682683,0.7354497354497355
rtdetr,hawaii,0.26926926926926925,0.4207573738500476,0.33913456342853365,0.5541237113402062,0.26926926926926925,0.7346221441124781
rtdetr,hawaii,0.2702702702702703,0.42215098790551325,0.34094896913563677,0.5541237113402062,0.2702702702702703,0.7329842931937173
rtdetr,hawaii,0.27127127127127126,0.4224264443133212,0.3425423092509781,0.5509020618556701,0.27127127127127126,0.7326388888888888
rtdetr,hawaii,0.27227227227227224,0.4242846570013662,0.3452458992975442,0.5502577319587629,0.27227227227227224,0.7318339100346021
rtdetr,hawaii,0.2732732732732733,0.4242364708524745,0.34656544344918416,0.546778556469581,0.2732732732732733,0.7307032590051458
rtdetr,hawaii,0.27427427427427425,0.42463707688848934,0.3477790373745641,0.5451030927835051,0.27427427427427425,0.7307032590051458
rtdetr,hawaii,0.2752752752752753,0.4268274584259198,0.35072720627565085,0.5451030927835051,0.2752752752752753,0.7303754266211604
rtdetr,hawaii,0.27627627627627627,0.42911133922971584,0.3538220263832578,0.5451030927835051,0.27627627627627627,0.7295918367346939
rtdetr,hawaii,0.2772772772772773,0.43069532712284286,0.35598103026826894,0.5451030927835051,0.2772772772772773,0.7292724196277496
rtdetr,hawaii,0.2782782782782783,0.4322853793942916,0.3589981825270318,0.5431701030927835,0.2782782782782783,0.7277310924369748
rtdetr,hawaii,0.27927927927927926,0.43347527667714875,0.3609270634481115,0.5425257731958762,0.27927927927927926,0.7269681742043551
rtdetr,hawaii,0.2802802802802803,0.43368876670420126,0.36179672733376383,0.5412371134020618,0.2802802802802803,0.7262103505843072
rtdetr,hawaii,0.28128128128128127,0.43413708949348356,0.3630012950519927,0.5399484536082474,0.28128128128128127,0.7229508196721312
rtdetr,hawaii,0.2822822822822823,0.4358823513794011,0.3657440146710338,0.5393041237113402,0.2822822822822823,0.7229508196721312
rtdetr,hawaii,0.2832832832832833,0.43735300949475847,0.36781965680348944,0.5393041237113402,0.2832832832832833,0.7229508196721312
rtdetr,hawaii,0.28428428428428426,0.43775803056796625,0.36924277525242366,0.5374931769792044,0.28428428428428426,0.7222222222222222
rtdetr,hawaii,0.2852852852852853,0.4389883628067964,0.3710550142139553,0.5373711340206185,0.2852852852852853,0.7219512195121951
rtdetr,hawaii,0.2862862862862863,0.4401582582525654,0.37335226318622694,0.5360824742268041,0.2862862862862863,0.7184
rtdetr,hawaii,0.2872872872872873,0.4403653037826509,0.3745951412154783,0.5341494845360825,0.2872872872872873,0.7184
rtdetr,hawaii,0.2882882882882883,0.4418634815612229,0.3771594761991826,0.5333655986585069,0.2882882882882883,0.7184
rtdetr,hawaii,0.28928928928928926,0.4421138179175821,0.37875533395974736,0.5309278350515464,0.28928928928928926,0.7184
rtdetr,hawaii,0.2902902902902903,0.4431619467593886,0.3809603616400046,0.529639175257732,0.2902902902902903,0.7080062794348508
rtdetr,hawaii,0.2912912912912913,0.4423177203254102,0.38178985003919735,0.5256532884549943,0.2912912912912913,0.703416149068323
rtdetr,hawaii,0.2922922922922923,0.4426080784798847,0.38318709037516885,0.523840206185567,0.2922922922922923,0.7027863777089783
rtdetr,hawaii,0.2932932932932933,0.4434073879773904,0.38473454790095196,0.5231958762886598,0.2932932932932933,0.6998468606431854
rtdetr,hawaii,0.29429429429429427,0.4440179080071017,0.3867118042900878,0.5212628865979382,0.29429429429429427,0.6998468606431854
rtdetr,hawaii,0.2952952952952953,0.4444376386724429,0.388423338100368,0.5193298969072165,0.2952952952952953,0.6996951219512195
rtdetr,hawaii,0.2962962962962963,0.44620098545203085,0.39149136961690467,0.5186855670103093,0.2962962962962963,0.6980273141122914
rtdetr,hawaii,0.2972972972972973,0.44742121059816903,0.3938450336029083,0.5178687919884392,0.2972972972972973,0.6968325791855203
rtdetr,hawaii,0.2982982982982983,0.4481965931575917,0.3954590528551027,0.5171645015886628,0.2982982982982983,0.6962406015037594
rtdetr,hawaii,0.29929929929929927,0.446745476396761,0.3955548833117988,0.5131552829411912,0.29929929929929927,0.6928783382789317
rtdetr,hawaii,0.3003003003003003,0.4451956419778531,0.39570474693748153,0.5088358766733291,0.3003003003003003,0.6928783382789317
rtdetr,hawaii,0.3013013013013013,0.444536125334902,0.39611534199022047,0.5064432989690721,0.3013013013013013,0.6915204678362573
rtdetr,hawaii,0.3023023023023023,0.4448492722678804,0.3974068390382634,0.5051546391752577,0.3023023023023023,0.6915204678362573
rtdetr,hawaii,0.3033033033033033,0.4438178187321188,0.39776365728252644,0.5019329896907216,0.3033033033033033,0.6915204678362573
rtdetr,hawaii,0.30430430430430433,0.44452356179505625,0.39971650794599334,0.5006443298969072,0.30430430430430433,0.6915204678362573
rtdetr,hawaii,0.3053053053053053,0.4464220450030014,0.4032151578411589,0.5,0.3053053053053053,0.6909620991253644
rtdetr,hawaii,0.3063063063063063,0.44745959919222866,0.4057602846834622,0.49871134020618557,0.3063063063063063,0.6833810888252149
rtdetr,hawaii,0.3073073073073073,0.4486845125096241,0.4082110777479721,0.49806701030927836,0.3073073073073073,0.6833810888252149
rtdetr,hawaii,0.3083083083083083,0.44974051082054806,0.41040018334209427,0.49742268041237114,0.3083083083083083,0.6813655761024182
rtdetr,hawaii,0.30930930930930933,0.447958381690235,0.41096675241666714,0.49226804123711343,0.30930930930930933,0.6793785310734464
rtdetr,hawaii,0.3103103103103103,0.4490486771095759,0.4132600067735386,0.49162371134020616,0.3103103103103103,0.6792717086834734
rtdetr,hawaii,0.3113113113113113,0.4516598575823678,0.4177048336468876,0.49162371134020616,0.3113113113113113,0.6792717086834734
rtdetr,hawaii,0.3123123123123123,0.45309699128058095,0.42016984474062075,0.49162371134020616,0.3123123123123123,0.6792717086834734
rtdetr,hawaii,0.3133133133133133,0.4539616921433139,0.42213459725015456,0.49097938144329895,0.3133133133133133,0.6786703601108033
rtdetr,hawaii,0.31431431431431434,0.4534814952505347,0.4237063464921138,0.4877577319587629,0.31431431431431434,0.6786703601108033
rtdetr,hawaii,0.3153153153153153,0.45348699440177126,0.42518554772276557,0.48582474226804123,0.3153153153153153,0.6786703601108033
rtdetr,hawaii,0.3163163163163163,0.45358201651501123,0.4261740488871587,0.48475758988865414,0.3163163163163163,0.6763085399449036
rtdetr,hawaii,0.3173173173173173,0.454617973989014,0.4286840694210489,0.4838917525773196,0.3173173173173173,0.6761904761904762
rtdetr,hawaii,0.3183183183183183,0.4546075089119674,0.4291723810495552,0.4832474226804124,0.3183183183183183,0.6761904761904762
rtdetr,hawaii,0.31931931931931934,0.45556041523674157,0.4313875992741303,0.48260309278350516,0.31931931931931934,0.6761904761904762
rtdetr,hawaii,0.3203203203203203,0.45674995986834255,0.43457109062349597,0.48131443298969073,0.3203203203203203,0.6733870967741935
rtdetr,hawaii,0.3213213213213213,0.4558903179176597,0.4361602664345524,0.4774899500294036,0.3213213213213213,0.6733870967741935
rtdetr,hawaii,0.32232232232232233,0.4571471363942134,0.4385018459823374,0.47744845360824745,0.32232232232232233,0.6733870967741935
rtdetr,hawaii,0.3233233233233233,0.45722704653554946,0.4404825952172782,0.47529484650197446,0.3233233233233233,0.6729222520107239
rtdetr,hawaii,0.32432432432432434,0.45626286520288595,0.44072344110207295,0.4729381443298969,0.32432432432432434,0.6675496688741722
rtdetr,hawaii,0.3253253253253253,0.45656353537584793,0.44298116733493703,0.47100515463917525,0.3253253253253253,0.667107001321004
rtdetr,hawaii,0.3263263263263263,0.4574698662434852,0.44526665196740484,0.47036082474226804,0.3263263263263263,0.6632124352331606
rtdetr,hawaii,0.32732732732732733,0.45823274542387554,0.44729711085622376,0.4697164948453608,0.32732732732732733,0.6632124352331606
rtdetr,hawaii,0.3283283283283283,0.4594328639813153,0.44958987076748563,0.4697164948453608,0.3283283283283283,0.6632124352331606
rtdetr,hawaii,0.32932932932932935,0.46043460664601515,0.45210940293799584,0.4690721649484536,0.32932932932932935,0.6632124352331606
rtdetr,hawaii,0.3303303303303303,0.45998885450468935,0.4530541281820587,0.46713917525773196,0.3303303303303303,0.6627906976744186
rtdetr,hawaii,0.3313313313313313,0.4604343533646883,0.4557594209394036,0.4652061855670103,0.3313313313313313,0.6594110115236875
rtdetr,hawaii,0.33233233233233234,0.4621705286996381,0.4598036943116943,0.4645618556701031,0.33233233233233234,0.6590038314176245
rtdetr,hawaii,0.3333333333333333,0.46235535357762536,0.462082164393193,0.46262886597938147,0.3333333333333333,0.6565656565656566
rtdetr,hawaii,0.33433433433433435,0.46305147030942895,0.4646826543607624,0.46143169814935914,0.33433433433433435,0.6565656565656566
rtdetr,hawaii,0.3353353353353353,0.4621244152976414,0.4648242065204267,0.4594558048171575,0.3353353353353353,0.6545226130653267
rtdetr,hawaii,0.3363363363363363,0.46278226729880795,0.46688093147988885,0.45875493974557274,0.3363363363363363,0.6533166458072591
rtdetr,hawaii,0.33733733733733734,0.46292429672636126,0.46918350144503396,0.4568298969072165,0.33733733733733734,0.6485148514851485
rtdetr,hawaii,0.3383383383383383,0.4628382342021459,0.4703728078697221,0.45554123711340205,0.3383383383383383,0.6477832512315271
rtdetr,hawaii,0.33933933933933935,0.4636868310168602,0.4728231415060175,0.45489690721649484,0.33933933933933935,0.645909645909646
rtdetr,hawaii,0.34034034034034033,0.46312172024937165,0.4737455551831064,0.4529639175257732,0.34034034034034033,0.645909645909646
rtdetr,hawaii,0.34134134134134136,0.4638839250872959,0.476055102286379,0.452319587628866,0.34134134134134136,0.6408706166868199
rtdetr,hawaii,0.34234234234234234,0.4643807653870345,0.4778217675710382,0.45167525773195877,0.34234234234234234,0.6394230769230769
rtdetr,hawaii,0.3433433433433433,0.46427681699225304,0.4797821810457728,0.4497422680412371,0.3433433433433433,0.636038186157518
rtdetr,hawaii,0.34434434434434436,0.4626141258577604,0.479911093491482,0.44652061855670105,0.34434434434434436,0.6225319396051103
rtdetr,hawaii,0.34534534534534533,0.4617143606720013,0.47946402720378833,0.44523195876288657,0.34534534534534533,0.6225319396051103
rtdetr,hawaii,0.34634634634634637,0.4619823042239147,0.4807935513128361,0.44458762886597936,0.34634634634634637,0.6176808266360505
rtdetr,hawaii,0.34734734734734735,0.46201933696656333,0.48239052839813246,0.44329896907216493,0.34734734734734735,0.6164383561643836
rtdetr,hawaii,0.3483483483483483,0.4620615236632557,0.4840183786809857,0.4420103092783505,0.3483483483483483,0.6154721274175199
rtdetr,hawaii,0.34934934934934936,0.4622599938279875,0.485394509548181,0.4412303955894478,0.34934934934934936,0.6096196868008948
rtdetr,hawaii,0.35035035035035034,0.4618087893616576,0.4865855854565618,0.43943298969072164,0.35035035035035034,0.6096196868008948
rtdetr,hawaii,0.35135135135135137,0.46146907554699745,0.4882167417560482,0.4375,0.35135135135135137,0.6084538375973304
rtdetr,hawaii,0.35235235235235235,0.46166295103177807,0.49026864171127577,0.43621134020618557,0.35235235235235235,0.6084538375973304
rtdetr,hawaii,0.3533533533533533,0.4628532143224245,0.4929611156462173,0.43621134020618557,0.3533533533533533,0.6068281938325991
rtdetr,hawaii,0.35435435435435436,0.46172334074513643,0.4937037727724084,0.4336340206185567,0.35435435435435436,0.6068281938325991
rtdetr,hawaii,0.35535535535535534,0.46171692212377985,0.4957623322122062,0.4320470235862264,0.35535535535535534,0.605927552140505
rtdetr,hawaii,0.3563563563563564,0.4620024699363471,0.4977351143618145,0.43105670103092786,0.3563563563563564,0.6008676789587852
rtdetr,hawaii,0.35735735735735735,0.4617953554296079,0.49898054652350265,0.42976804123711343,0.35735735735735735,0.6
rtdetr,hawaii,0.35835835835835833,0.4611536919164323,0.5018724785348609,0.4265463917525773,0.35835835835835833,0.5970307529162248
rtdetr,hawaii,0.35935935935935936,0.46222775518141845,0.5053277608227507,0.4259020618556701,0.35935935935935936,0.5970307529162248
rtdetr,hawaii,0.36036036036036034,0.4632996067623417,0.507896946286743,0.4259020618556701,0.36036036036036034,0.5970307529162248
rtdetr,hawaii,0.3613613613613614,0.4641525893311882,0.5108784782520823,0.4252577319587629,0.3613613613613614,0.5970307529162248
rtdetr,hawaii,0.36236236236236236,0.4637782831865014,0.5131376191532442,0.4230815507233034,0.36236236236236236,0.5970307529162248
rtdetr,hawaii,0.36336336336336333,0.46394932254300686,0.5151054677839495,0.4220360824742268,0.36336336336336333,0.5918580375782881
rtdetr,hawaii,0.36436436436436437,0.463278317647622,0.5168509191512207,0.41976849766666724,0.36436436436436437,0.5918580375782881
rtdetr,hawaii,0.36536536536536535,0.4630791961178533,0.5197899770444266,0.4175257731958763,0.36536536536536535,0.5898234683281413
rtdetr,hawaii,0.3663663663663664,0.4641506040629797,0.5235101290541183,0.4168814432989691,0.3663663663663664,0.5897959183673469
rtdetr,hawaii,0.36736736736736736,0.46429732524375084,0.5238835748534432,0.4168814432989691,0.36736736736736736,0.5897959183673469
rtdetr,hawaii,0.3683683683683684,0.46515686152649777,0.5260773036903073,0.4168814432989691,0.3683683683683684,0.5897959183673469
rtdetr,hawaii,0.36936936936936937,0.46627782326936024,0.5289536673468277,0.4168814432989691,0.36936936936936937,0.5897959183673469
rtdetr,hawaii,0.37037037037037035,0.4666690705906761,0.5310066945675963,0.4162371134020619,0.37037037037037035,0.5897959183673469
rtdetr,hawaii,0.3713713713713714,0.4668346542391007,0.5324897141501698,0.41559278350515466,0.3713713713713714,0.5897959183673469
rtdetr,hawaii,0.37237237237237236,0.46550644742036895,0.5322120168113145,0.41365979381443296,0.37237237237237236,0.5897959183673469
rtdetr,hawaii,0.3733733733733734,0.46373010799985126,0.5318437234748559,0.4110824742268041,0.3733733733733734,0.5888888888888889
rtdetr,hawaii,0.3743743743743744,0.4639938388607016,0.5347163264502196,0.4097938144329897,0.3743743743743744,0.5888888888888889
rtdetr,hawaii,0.37537537537537535,0.4623900250858589,0.5343979151854391,0.4074833440822443,0.37537537537537535,0.5888888888888889
rtdetr,hawaii,0.3763763763763764,0.4620623187997179,0.5350934293340894,0.4065721649484536,0.3763763763763764,0.5838323353293413
rtdetr,hawaii,0.37737737737737737,0.4610464200539123,0.5351323417136725,0.40497940596196985,0.37737737737737737,0.5813492063492064
rtdetr,hawaii,0.3783783783783784,0.4612851607365366,0.5375090633716331,0.40399484536082475,0.3783783783783784,0.5798816568047337
rtdetr,hawaii,0.3793793793793794,0.4604121069666213,0.539734535141556,0.4014175257731959,0.3793793793793794,0.5769980506822612
rtdetr,hawaii,0.38038038038038036,0.46102814616600024,0.5441422327919421,0.3999399879582062,0.38038038038038036,0.5769980506822612
rtdetr,hawaii,0.3813813813813814,0.4607791544550547,0.5454929260449465,0.39884020618556704,0.3813813813813814,0.5769980506822612
rtdetr,hawaii,0.38238238238238237,0.4602305114332306,0.5475947713146765,0.39690721649484534,0.38238238238238237,0.5766990291262136
rtdetr,hawaii,0.3833833833833834,0.4601136370455719,0.5484936864528718,0.3962628865979381,0.3833833833833834,0.5758454106280193
rtdetr,hawaii,0.3843843843843844,0.45968139529862445,0.5493958062536923,0.3951541126863532,0.3843843843843844,0.5672348484848485
rtdetr,hawaii,0.38538538538538536,0.4599266302922077,0.5517022340088544,0.3943298969072165,0.38538538538538536,0.5672348484848485
rtdetr,hawaii,0.3863863863863864,0.4590019910428594,0.5523017672270003,0.392668842571587,0.3863863863863864,0.5644402634054563
rtdetr,hawaii,0.38738738738738737,0.4588659080481074,0.5550206136203509,0.3911082474226804,0.38738738738738737,0.5636704119850188
rtdetr,hawaii,0.3883883883883884,0.4592879111848709,0.5588847125644201,0.389819587628866,0.3883883883883884,0.5604089219330854
rtdetr,hawaii,0.3893893893893894,0.45952856899019023,0.5636610832926673,0.38787189924209486,0.3893893893893894,0.5591497227356746
rtdetr,hawaii,0.39039039039039036,0.45861214830272257,0.564972230316099,0.3859536082474227,0.39039039039039036,0.559040590405904
rtdetr,hawaii,0.3913913913913914,0.4577283075838393,0.5664511242755421,0.38402061855670105,0.3913913913913914,0.5547445255474452
rtdetr,hawaii,0.3923923923923924,0.4590523513937575,0.5705239770083134,0.38402061855670105,0.3923923923923924,0.5529411764705883
rtdetr,hawaii,0.3933933933933934,0.46030406019176895,0.5744065494043917,0.38402061855670105,0.3933933933933934,0.5529411764705883
rtdetr,hawaii,0.3943943943943944,0.4600191060740593,0.5766374224973786,0.38263546442337876,0.3943943943943944,0.549686660698299
rtdetr,hawaii,0.39539539539539537,0.45841682972789494,0.576408404726664,0.3805232160689144,0.39539539539539537,0.549686660698299
rtdetr,hawaii,0.3963963963963964,0.458213986804565,0.5796035868630421,0.3788659793814433,0.3963963963963964,0.5485307212822796
rtdetr,hawaii,0.3973973973973974,0.4575068791513631,0.5803645930646526,0.37757731958762886,0.3973973973973974,0.5469858156028369
rtdetr,hawaii,0.3983983983983984,0.4575487354665691,0.5820289447554686,0.37693298969072164,0.3983983983983984,0.5468197879858657
rtdetr,hawaii,0.3993993993993994,0.45854339618460194,0.5868189561620895,0.37628865979381443,0.3993993993993994,0.544259421560035
rtdetr,hawaii,0.40040040040040037,0.45648485348410045,0.5879507309673317,0.37306701030927836,0.40040040040040037,0.5441819772528433
rtdetr,hawaii,0.4014014014014014,0.4563203778282563,0.5886803483736308,0.3725545325851601,0.4014014014014014,0.5398613518197574
rtdetr,hawaii,0.4024024024024024,0.45505170092127595,0.5892402644230442,0.3706443180404701,0.4024024024024024,0.5396551724137931
rtdetr,hawaii,0.4034034034034034,0.4530884937850476,0.5878858135227457,0.3685768845398315,0.4034034034034034,0.5381974248927038
rtdetr,hawaii,0.4044044044044044,0.4521699563619453,0.5881285282544364,0.36726804123711343,0.4044044044044044,0.5367521367521367
rtdetr,hawaii,0.40540540540540543,0.45236031571756413,0.5887730509128463,0.36726804123711343,0.40540540540540543,0.5356536502546689
rtdetr,hawaii,0.4064064064064064,0.45176206663987584,0.5917524643663346,0.36533505154639173,0.4064064064064064,0.5356536502546689
rtdetr,hawaii,0.4074074074074074,0.450310563573103,0.5913271001222531,0.3636009468483695,0.4074074074074074,0.5353535353535354
rtdetr,hawaii,0.4084084084084084,0.4508036004670032,0.5952873298233359,0.3627577319587629,0.4084084084084084,0.5353535353535354
rtdetr,hawaii,0.4094094094094094,0.4488888508463116,0.5953647235165237,0.36025608189618635,0.4094094094094094,0.5353535353535354
rtdetr,hawaii,0.41041041041041043,0.44761932593399,0.5964041285708478,0.3582474226804124,0.41041041041041043,0.5330578512396694
rtdetr,hawaii,0.4114114114114114,0.4477889364842014,0.5988047111777772,0.35760309278350516,0.4114114114114114,0.5330578512396694
rtdetr,hawaii,0.4124124124124124,0.4480356168049355,0.5996877687126202,0.35760309278350516,0.4124124124124124,0.5330578512396694
rtdetr,hawaii,0.4134134134134134,0.447261062344963,0.6005459955773714,0.35631443298969073,0.4134134134134134,0.5330578512396694
rtdetr,hawaii,0.4144144144144144,0.448489094476507,0.6049946075565431,0.35631443298969073,0.4144144144144144,0.5330578512396694
rtdetr,hawaii,0.41541541541541543,0.4476412902944553,0.6056325601170952,0.3550257731958763,0.41541541541541543,0.5330578512396694
rtdetr,hawaii,0.4164164164164164,0.44679281009665045,0.6062848703547566,0.3537371134020619,0.4164164164164164,0.5311986863711001
rtdetr,hawaii,0.4174174174174174,0.4454719392127135,0.6078509302372009,0.3515580545111271,0.4174174174174174,0.5209003215434084
rtdetr,hawaii,0.4184184184184184,0.44479595441041125,0.6090490439408431,0.3503191560669331,0.4184184184184184,0.5191693290734825
rtdetr,hawaii,0.4194194194194194,0.4432886596705155,0.6086533662726313,0.3485824742268041,0.4194194194194194,0.5170499603489295
rtdetr,hawaii,0.42042042042042044,0.4443795398000607,0.6127842595993125,0.3485824742268041,0.42042042042042044,0.5170229612034838
rtdetr,hawaii,0.4214214214214214,0.4440982880390008,0.6171118699390513,0.34685419173699455,0.4214214214214214,0.515748031496063
rtdetr,hawaii,0.4224224224224224,0.44360352516350593,0.6178941805861484,0.34600515463917525,0.4224224224224224,0.5149136577708007
rtdetr,hawaii,0.42342342342342343,0.44375866732976854,0.6205661188505376,0.34536082474226804,0.42342342342342343,0.5132605304212169
rtdetr,hawaii,0.4244244244244244,0.4431235511412935,0.6217579039193596,0.344225681882212,0.4244244244244244,0.5112316034082107
rtdetr,hawaii,0.42542542542542544,0.443188232351511,0.6246348570873547,0.3434278350515464,0.42542542542542544,0.5112142304717711
rtdetr,hawaii,0.4264264264264264,0.4442884017460565,0.6290255275727268,0.3434278350515464,0.4264264264264264,0.5030395136778115
rtdetr,hawaii,0.4274274274274274,0.44538510942747706,0.6334422029207663,0.3434278350515464,0.4274274274274274,0.5007541478129713
rtdetr,hawaii,0.42842842842842843,0.4454273645038176,0.6358181831420844,0.3427835051546392,0.42842842842842843,0.5003762227238525
rtdetr,hawaii,0.4294294294294294,0.4457112939680553,0.6390254717330207,0.3421930819425187,0.4294294294294294,0.4992526158445441
rtdetr,hawaii,0.43043043043043044,0.4454815156340335,0.6405238103338127,0.34149484536082475,0.43043043043043044,0.49850968703427717
rtdetr,hawaii,0.4314314314314314,0.44613095332519437,0.645514774001997,0.34085051546391754,0.4314314314314314,0.49777117384843983
rtdetr,hawaii,0.43243243243243246,0.44482656484590855,0.6470129946363573,0.3389175257731959,0.43243243243243246,0.4952170713760118
rtdetr,hawaii,0.43343343343343343,0.4440472718069416,0.6484273104381644,0.33762886597938147,0.43343343343343343,0.4952170713760118
rtdetr,hawaii,0.4344344344344344,0.44361993144044276,0.6489846514000599,0.33698453608247425,0.4344344344344344,0.49343065693430654
rtdetr,hawaii,0.43543543543543545,0.4437759086781476,0.6496527370547165,0.33698453608247425,0.43543543543543545,0.49343065693430654
rtdetr,hawaii,0.4364364364364364,0.4438450615983658,0.6531714202646224,0.3361248183398241,0.4364364364364364,0.4905933429811867
rtdetr,hawaii,0.43743743743743746,0.44358582830181464,0.6561271083246851,0.33505154639175255,0.43743743743743746,0.48848920863309353
rtdetr,hawaii,0.43843843843843844,0.44183747942690055,0.6553554883844965,0.33325981055028736,0.43843843843843844,0.48679514632405424
rtdetr,hawaii,0.4394394394394394,0.4417042845327685,0.6578236335769608,0.3324742268041237,0.4394394394394394,0.48646723646723644
rtdetr,hawaii,0.44044044044044045,0.44138177403539,0.6589210607530203,0.3318298969072165,0.44044044044044045,0.48579545454545453
rtdetr,hawaii,0.44144144144144143,0.4413532805119347,0.661348547810696,0.33118556701030927,0.44144144144144143,0.48480565371024736
rtdetr,hawaii,0.44244244244244246,0.4397915640098748,0.6626733998818343,0.32910219396274915,0.44244244244244246,0.4838255977496484
rtdetr,hawaii,0.44344344344344344,0.4379832547820215,0.6614924842375413,0.3273695709030976,0.44344344344344344,0.4828551434569629
rtdetr,hawaii,0.4444444444444444,0.4373939319916586,0.6643002225626934,0.32603092783505155,0.4444444444444444,0.4828551434569629
rtdetr,hawaii,0.44544544544544545,0.43710742817806597,0.6656606742416218,0.32538659793814434,0.44544544544544545,0.4803854094975912
rtdetr,hawaii,0.44644644644644643,0.43731997880104034,0.6666475308371104,0.32538659793814434,0.44644644644644643,0.4803854094975912
rtdetr,hawaii,0.44744744744744747,0.436298225355677,0.6673191261498556,0.3240979381443299,0.44744744744744747,0.4803854094975912
rtdetr,hawaii,0.44844844844844844,0.436622089891558,0.6688367282727833,0.3240979381443299,0.44844844844844844,0.4803854094975912
rtdetr,hawaii,0.4494494494494494,0.43642358832497236,0.6695155758539084,0.3237202987293033,0.4494494494494494,0.4803854094975912
rtdetr,hawaii,0.45045045045045046,0.4362663722486706,0.6726981768190619,0.3228092783505155,0.45045045045045046,0.4791238877481177
rtdetr,hawaii,0.45145145145145144,0.4343996220651394,0.6722283670972123,0.32087628865979384,0.45145145145145144,0.47882513661202186
rtdetr,hawaii,0.45245245245245247,0.4340291791005894,0.6726324329766994,0.3203804536339084,0.45245245245245247,0.47564276048714477
rtdetr,hawaii,0.45345345345345345,0.4345332767723685,0.6757199504618673,0.32023195876288657,0.45345345345345345,0.4740740740740741
rtdetr,hawaii,0.4544544544544544,0.4312600599098845,0.674262716002726,0.3170103092783505,0.4544544544544544,0.47287340924313465
rtdetr,hawaii,0.45545545545545546,0.43056172263731707,0.6767054488434352,0.31572164948453607,0.45545545545545546,0.47070572569906793
rtdetr,hawaii,0.45645645645645644,0.4303018888171818,0.6782463246074778,0.3151086007774114,0.45645645645645644,0.46984758117958914
rtdetr,hawaii,0.4574574574574575,0.42798654786565915,0.6792194998993356,0.3124252167867733,0.4574574574574575,0.46961690885072654
rtdetr,hawaii,0.45845845845845845,0.4257974381634188,0.6777972954131325,0.31039496212100864,0.45845845845845845,0.4668852459016393
rtdetr,hawaii,0.45945945945945943,0.42557438339738907,0.679320387046345,0.309840068969896,0.45945945945945943,0.4654947916666667
rtdetr,hawaii,0.46046046046046046,0.42480202001459694,0.6788175805249371,0.30912610920789474,0.46046046046046046,0.4654947916666667
rtdetr,hawaii,0.46146146146146144,0.4245796790834848,0.6800604456017729,0.3086340206185567,0.46146146146146144,0.4649805447470817
rtdetr,hawaii,0.4624624624624625,0.4237838460054067,0.6822593404391573,0.3073453608247423,0.4624624624624625,0.4629271437782076
rtdetr,hawaii,0.46346346346346345,0.42339528600834075,0.6866482517821079,0.30605670103092786,0.46346346346346345,0.4601148691767709
rtdetr,hawaii,0.46446446446446443,0.4235511492779712,0.6909356237359018,0.30537455914990286,0.46446446446446443,0.4601148691767709
rtdetr,hawaii,0.46546546546546547,0.4229733131564452,0.6909671668021038,0.30476804123711343,0.46546546546546547,0.4547169811320755
rtdetr,hawaii,0.46646646646646645,0.42206479478157594,0.6908721377156888,0.30384395301214795,0.46646646646646645,0.45363408521303256
rtdetr,hawaii,0.4674674674674675,0.4197202135018179,0.6911568904481888,0.30136552689351154,0.4674674674674675,0.4533001245330012
rtdetr,hawaii,0.46846846846846846,0.4193337978674916,0.6927158251414264,0.30067260482282887,0.46846846846846846,0.4533001245330012
rtdetr,hawaii,0.4694694694694695,0.41769680576264834,0.691661902781707,0.29918899069645233,0.4694694694694695,0.4516728624535316
rtdetr,hawaii,0.47047047047047047,0.4174990037056277,0.6952271749441625,0.29832474226804123,0.47047047047047047,0.4449178332318929
rtdetr,hawaii,0.47147147147147145,0.41714082402340386,0.6967492537944869,0.297680412371134,0.47147147147147145,0.44256348246674726
rtdetr,hawaii,0.4724724724724725,0.4152930256109474,0.6993962767877548,0.2953274380205743,0.4724724724724725,0.44137101623571856
rtdetr,hawaii,0.47347347347347346,0.4125879465393942,0.698612895895227,0.29273632080418055,0.47347347347347346,0.44093078758949883
rtdetr,hawaii,0.4744744744744745,0.41276150452762295,0.7008146086159527,0.2925257731958763,0.4744744744744745,0.44093078758949883
rtdetr,hawaii,0.4754754754754755,0.4125192116435418,0.7024140408328888,0.29200513582554694,0.4754754754754755,0.44093078758949883
rtdetr,hawaii,0.47647647647647645,0.41150267052798273,0.7047245711118919,0.29059278350515466,0.47647647647647645,0.44002375296912116
rtdetr,hawaii,0.4774774774774775,0.41188561848849153,0.7069759288608898,0.29059278350515466,0.4774774774774775,0.4364705882352941
rtdetr,hawaii,0.47847847847847846,0.4115449666783285,0.7087938891419373,0.28994845360824745,0.47847847847847846,0.43618266978922715
rtdetr,hawaii,0.4794794794794795,0.41204544003803617,0.7117717834919878,0.28994845360824745,0.4794794794794795,0.43618266978922715
rtdetr,hawaii,0.4804804804804805,0.41184451870378624,0.7144738157645798,0.28930412371134023,0.4804804804804805,0.43498542274052476
rtdetr,hawaii,0.48148148148148145,0.40974309110180396,0.7166926768863743,0.28687744098335255,0.48148148148148145,0.43194925028835063
rtdetr,hawaii,0.4824824824824825,0.4094251392048282,0.7197338953206924,0.2860824742268041,0.4824824824824825,0.43194925028835063
rtdetr,hawaii,0.48348348348348347,0.4078567480593576,0.722889764412505,0.2840630092936065,0.48348348348348347,0.4288977727013135
rtdetr,hawaii,0.4844844844844845,0.40634312486836704,0.7219536126287187,0.2827400127428796,0.4844844844844845,0.42703009653605906
rtdetr,hawaii,0.4854854854854855,0.40485441593490057,0.7244201658275164,0.2809278350515464,0.4854854854854855,0.42526790750141
rtdetr,hawaii,0.48648648648648646,0.40385997462372364,0.7266519777690492,0.27963917525773196,0.48648648648648646,0.4251968503937008
rtdetr,hawaii,0.4874874874874875,0.4019032209284825,0.7270642193100858,0.2777061855670103,0.4874874874874875,0.42432735426008966
rtdetr,hawaii,0.48848848848848847,0.40121266299567226,0.7286400756071626,0.2768190748801751,0.48848848848848847,0.4235686492495831
rtdetr,hawaii,0.4894894894894895,0.4008051588771583,0.7287354374116286,0.2764175257731959,0.4894894894894895,0.4235686492495831
rtdetr,hawaii,0.4904904904904905,0.4003735358835754,0.7303750289867338,0.27577263998655155,0.4904904904904905,0.4235686492495831
rtdetr,hawaii,0.49149149149149146,0.3990042030940034,0.7295309194559044,0.2745944119589063,0.49149149149149146,0.42154696132596686
rtdetr,hawaii,0.4924924924924925,0.39682052255114664,0.7293780171993324,0.27255154639175255,0.4924924924924925,0.41084854994629433
rtdetr,hawaii,0.4934934934934935,0.3958095751972475,0.7321410408278043,0.27121749282541513,0.4934934934934935,0.4106666666666667
rtdetr,hawaii,0.4944944944944945,0.394378993818744,0.7324185852995827,0.2698381973159966,0.4944944944944945,0.4106666666666667
rtdetr,hawaii,0.4954954954954955,0.3939059503636038,0.7329038488612293,0.2693298969072165,0.4954954954954955,0.4106666666666667
rtdetr,hawaii,0.4964964964964965,0.3933478199320244,0.7353054647279206,0.2684866853583063,0.4964964964964965,0.4106382978723404
rtdetr,hawaii,0.4974974974974975,0.39306142698428187,0.7366515151561691,0.26804123711340205,0.4974974974974975,0.41029723991507433
rtdetr,hawaii,0.4984984984984985,0.39359931785254304,0.7404443498364629,0.26804123711340205,0.4984984984984985,0.4073684210526316
rtdetr,hawaii,0.4994994994994995,0.3934223077385082,0.7413322773820198,0.2677610569780276,0.4994994994994995,0.4035361414456578
rtdetr,hawaii,0.5005005005005005,0.3930507102295592,0.7423195945284926,0.26728868021780344,0.5005005005005005,0.40279937791601866
rtdetr,hawaii,0.5015015015015015,0.3917682339222604,0.7415410933577483,0.266204096247442,0.5015015015015015,0.39826175869120656
rtdetr,hawaii,0.5025025025025025,0.3910533649820859,0.747252483132719,0.264819587628866,0.5025025025025025,0.3979591836734694
rtdetr,hawaii,0.5035035035035035,0.3893405182125137,0.746239561149192,0.2633769649365738,0.5035035035035035,0.3977619532044761
rtdetr,hawaii,0.5045045045045045,0.3874279811542276,0.746497255105951,0.2615979381443299,0.5045045045045045,0.3976697061803445
rtdetr,hawaii,0.5055055055055055,0.3875924657214559,0.7477200569580067,0.2615979381443299,0.5055055055055055,0.3976697061803445
rtdetr,hawaii,0.5065065065065065,0.38784407983382385,0.7495963427413245,0.2615979381443299,0.5065065065065065,0.3968015992003998
rtdetr,hawaii,0.5075075075075075,0.38768613754588443,0.7502979192832291,0.26136900601089424,0.5075075075075075,0.3968015992003998
rtdetr,hawaii,0.5085085085085085,0.3855459395318356,0.7490101517769179,0.2595815526406177,0.5085085085085085,0.3968015992003998
rtdetr,hawaii,0.5095095095095095,0.38383545376604244,0.7479736751169679,0.25815641025459013,0.5095095095095095,0.3968015992003998
rtdetr,hawaii,0.5105105105105106,0.38359678547424675,0.749733078723464,0.25773195876288657,0.5105105105105106,0.3968015992003998
rtdetr,hawaii,0.5115115115115115,0.3824651621194125,0.7497256573316688,0.256712175368856,0.5115115115115115,0.3968015992003998
rtdetr,hawaii,0.5125125125125125,0.3815720419739385,0.7504875500051121,0.25581944311803584,0.5125125125125125,0.39633844631370607
rtdetr,hawaii,0.5135135135135135,0.38146214257937217,0.7530482748736328,0.2554247020793059,0.5135135135135135,0.39633844631370607
rtdetr,hawaii,0.5145145145145145,0.37972183290059586,0.7533235707952193,0.2538352851460463,0.5145145145145145,0.39633844631370607
rtdetr,hawaii,0.5155155155155156,0.37916141097167805,0.7529845790955316,0.25337303204944206,0.5155155155155156,0.39633844631370607
rtdetr,hawaii,0.5165165165165165,0.37702518311468586,0.7516863574578927,0.25161389230568254,0.5165165165165165,0.3955665024630542
rtdetr,hawaii,0.5175175175175175,0.3750964619737278,0.7505056708182969,0.2500295776350836,0.5175175175175175,0.3939245467907888
rtdetr,hawaii,0.5185185185185185,0.37309932147262187,0.7522563461251951,0.24806701030927836,0.5185185185185185,0.3926829268292683
rtdetr,hawaii,0.5195195195195195,0.3715460675331562,0.7537537049001194,0.246534995975542,0.5195195195195195,0.38760806916426516
rtdetr,hawaii,0.5205205205205206,0.3698985603399985,0.752739747541626,0.24519375097583346,0.5205205205205206,0.38734419942473636
rtdetr,hawaii,0.5215215215215215,0.3685922978603613,0.7533157422162394,0.2439866603137146,0.5215215215215215,0.3868194842406877
rtdetr,hawaii,0.5225225225225225,0.3669139252717395,0.752275055323886,0.2426260670863478,0.5225225225225225,0.386558627264061
rtdetr,hawaii,0.5235235235235235,0.36425477925680766,0.751990272964829,0.24033505154639176,0.5235235235235235,0.38403401039206425
rtdetr,hawaii,0.5245245245245245,0.36257322570376427,0.7523703289461064,0.23883480600310444,0.5245245245245245,0.38235294117647056
rtdetr,hawaii,0.5255255255255256,0.361373377226007,0.7527400019568599,0.23775773195876287,0.5255255255255256,0.38235294117647056
rtdetr,hawaii,0.5265265265265265,0.36068488468274634,0.753230353163803,0.23711340206185566,0.5265265265265265,0.38235294117647056
rtdetr,hawaii,0.5275275275275275,0.35955664461315323,0.7533264120940977,0.23612973511198038,0.5275275275275275,0.38235294117647056
rtdetr,hawaii,0.5285285285285285,0.35749720723664663,0.7549231377030803,0.23420239653239958,0.5285285285285285,0.3812615955473098
rtdetr,hawaii,0.5295295295295295,0.35708499631329327,0.7590711838465223,0.233453520529528,0.5295295295295295,0.3812615955473098
rtdetr,hawaii,0.5305305305305306,0.3558417515059881,0.7637290875072051,0.23195876288659795,0.5305305305305306,0.37937384898710863
rtdetr,hawaii,0.5315315315315315,0.35458734079348453,0.7650384229056603,0.2307744465815909,0.5315315315315315,0.37751371115173676
rtdetr,hawaii,0.5325325325325325,0.35479783257757136,0.7681568360667964,0.23067010309278352,0.5325325325325325,0.37722095671981776
rtdetr,hawaii,0.5335335335335335,0.3532614778299104,0.7680620438417152,0.22938144329896906,0.5335335335335335,0.37664697864606994
rtdetr,hawaii,0.5345345345345345,0.3535086732113381,0.7705526359781786,0.22936832277222588,0.5345345345345345,0.3747178329571106
rtdetr,hawaii,0.5355355355355356,0.3497369305305672,0.7714047843405513,0.22612935109305402,0.5355355355355356,0.37376460017969454
rtdetr,hawaii,0.5365365365365365,0.34658883426446957,0.7694684299005159,0.22366721830442096,0.5365365365365365,0.3727069351230425
rtdetr,hawaii,0.5375375375375375,0.3446926154964651,0.7682898185124641,0.22218869928020407,0.5375375375375375,0.3698630136986301
rtdetr,hawaii,0.5385385385385385,0.3421001854907014,0.7722478999731636,0.21971649484536082,0.5385385385385385,0.3698630136986301
rtdetr,hawaii,0.5395395395395395,0.33987256911508734,0.7734894366287318,0.21778350515463918,0.5395395395395395,0.36482368306486723
rtdetr,hawaii,0.5405405405405406,0.34009998625708476,0.775850801315626,0.21778350515463918,0.5405405405405406,0.3630463003028992
rtdetr,hawaii,0.5415415415415415,0.3397147939955624,0.7800615047248391,0.21713917525773196,0.5415415415415415,0.36172043010752686
rtdetr,hawaii,0.5425425425425425,0.3394934482130676,0.7816629450592233,0.21683478838441717,0.5425425425425425,0.36118251928020567
rtdetr,hawaii,0.5435435435435435,0.3385360101391194,0.7843412868156385,0.21585051546391754,0.5435435435435435,0.35793044953350295
rtdetr,hawaii,0.5445445445445445,0.33704093487360737,0.7836302378698187,0.21468970309229793,0.5445445445445445,0.35651074589127685
rtdetr,hawaii,0.5455455455455456,0.3362921113423533,0.7858473437171377,0.21391752577319587,0.5455455455455456,0.34727347273472736
rtdetr,hawaii,0.5465465465465466,0.3341324787031942,0.7853794396737913,0.21220700024193723,0.5465465465465466,0.3469387755102041
rtdetr,hawaii,0.5475475475475475,0.3341287421619156,0.7884001138088341,0.21198453608247422,0.5475475475475475,0.3469387755102041
rtdetr,hawaii,0.5485485485485485,0.3333436428292599,0.7885769159490692,0.211340206185567,0.5485485485485485,0.34648230988206585
rtdetr,hawaii,0.5495495495495496,0.33176828179530726,0.789323163100811,0.21002245630837169,0.5495495495495496,0.34618506493506496
rtdetr,hawaii,0.5505505505505506,0.3310952381504138,0.7904054790153114,0.20940721649484537,0.5505505505505506,0.34475806451612906
rtdetr,hawaii,0.5515515515515516,0.33029284519683344,0.790445642116856,0.20876288659793815,0.5515515515515516,0.34197924980047884
rtdetr,hawaii,0.5525525525525525,0.33039935972195145,0.791667203038353,0.20876288659793815,0.5525525525525525,0.3416865552903739
rtdetr,hawaii,0.5535535535535535,0.3302131023593194,0.7957341457792279,0.20833360542829443,0.5535535535535535,0.34167659912594356
rtdetr,hawaii,0.5545545545545546,0.33020222603408567,0.7987598148150861,0.20811855670103094,0.5545545545545546,0.33936295713723946
rtdetr,hawaii,0.5555555555555556,0.33006404624334235,0.8031730378090385,0.20771156890979892,0.5555555555555556,0.33936295713723946
rtdetr,hawaii,0.5565565565565566,0.3277161065802314,0.8037386181146848,0.20581816757392352,0.5565565565565566,0.3388235294117647
rtdetr,hawaii,0.5575575575575575,0.32748953330964026,0.8052426805375508,0.20554123711340205,0.5575575575575575,0.3385457388584832
rtdetr,hawaii,0.5585585585585585,0.3258514602195696,0.805239270192996,0.20425257731958762,0.5585585585585585,0.33840749414519905
rtdetr,hawaii,0.5595595595595596,0.3259533065529387,0.8064847061901128,0.20425257731958762,0.5595595595595596,0.3370830100853375
rtdetr,hawaii,0.5605605605605606,0.32501371378237026,0.8080378208733492,0.20341655760289537,0.5605605605605606,0.336687306501548
rtdetr,hawaii,0.5615615615615616,0.3231259074255752,0.8069571542171255,0.20200736426373875,0.5615615615615616,0.3342276734380989
rtdetr,hawaii,0.5625625625625625,0.3221194075227824,0.810032277828764,0.20103092783505155,0.5625625625625625,0.3334605112552461
rtdetr,hawaii,0.5635635635635635,0.32242279423489345,0.8138839447893587,0.20103092783505155,0.5635635635635635,0.3334603658536585
rtdetr,hawaii,0.5645645645645646,0.32122055923434656,0.8139154564808347,0.20009513727978126,0.5645645645645646,0.32895723930982745
rtdetr,hawaii,0.5655655655655656,0.32031861380036797,0.8134076983881803,0.19942615228547214,0.5655655655655656,0.3284698840254396
rtdetr,hawaii,0.5665665665665666,0.3191436016299929,0.8127430181890554,0.19855569805056403,0.5665665665665666,0.3276310896243957
rtdetr,hawaii,0.5675675675675675,0.3187538528534237,0.8125215655834178,0.19826724742823074,0.5675675675675675,0.3276310896243957
rtdetr,hawaii,0.5685685685685685,0.318484818187997,0.8123684757404545,0.1980682134050474,0.5685685685685685,0.32656826568265684
rtdetr,hawaii,0.5695695695695696,0.3182157166106444,0.8122153858974911,0.19786917938186407,0.5695695695695696,0.32656826568265684
rtdetr,hawaii,0.5705705705705706,0.3182770776935396,0.8140283824669531,0.19780927835051546,0.5705705705705706,0.32513761467889907
rtdetr,hawaii,0.5715715715715716,0.3183846625155467,0.8154378462236,0.19780927835051546,0.5715715715715716,0.3231552162849873
rtdetr,hawaii,0.5725725725725725,0.31830905550727906,0.8164020306659091,0.19769429183375517,0.5725725725725725,0.3231552162849873
rtdetr,hawaii,0.5735735735735735,0.31715461059644645,0.8178457638833405,0.19672073750429964,0.5735735735735735,0.32270916334661354
rtdetr,hawaii,0.5745745745745746,0.31475510666911305,0.8164982185485307,0.19495442749542155,0.5745745745745746,0.3212230215827338
rtdetr,hawaii,0.5755755755755756,0.3132443436478656,0.8156416832912388,0.19384490086306003,0.5755755755755756,0.3198568872987478
rtdetr,hawaii,0.5765765765765766,0.3125224777253533,0.8155234191526345,0.19329896907216496,0.5765765765765766,0.3197570560914612
rtdetr,hawaii,0.5775775775775776,0.31260911425865984,0.8167046904561618,0.19329896907216496,0.5775775775775776,0.31934566145092463
rtdetr,hawaii,0.5785785785785785,0.3099717735439177,0.8159058410528647,0.19133011415214948,0.5785785785785785,0.31934566145092463
rtdetr,hawaii,0.5795795795795796,0.30880318361515247,0.815233486830689,0.19047710773266574,0.5795795795795796,0.31626928471248245
rtdetr,hawaii,0.5805805805805806,0.3076064323062922,0.817726304917774,0.18943298969072164,0.5805805805805806,0.31626928471248245
rtdetr,hawaii,0.5815815815815816,0.30719128623541675,0.8186554660962826,0.18906857467908833,0.5815815815815816,0.3140869565217391
rtdetr,hawaii,0.5825825825825826,0.30592636569392667,0.8179312038146764,0.18814943928170638,0.5825825825825826,0.31228433402346445
rtdetr,hawaii,0.5835835835835835,0.3040759214147202,0.8168626132660153,0.1868073414863217,0.5835835835835835,0.31006160164271046
rtdetr,hawaii,0.5845845845845846,0.3007136724185891,0.819379451773134,0.1841481874565401,0.5845845845845846,0.30706797429827526
rtdetr,hawaii,0.5855855855855856,0.30013277013966233,0.8190425040377899,0.18372964940678346,0.5855855855855856,0.3061911170928668
rtdetr,hawaii,0.5865865865865866,0.29918873613443137,0.8184927069986067,0.1830500872026237,0.5865865865865866,0.3056021469305602
rtdetr,hawaii,0.5875875875875876,0.2976751451937863,0.8176051616360483,0.18196211897086292,0.5875875875875876,0.3033932135728543
rtdetr,hawaii,0.5885885885885885,0.29527464352370114,0.8161833409171503,0.1802405804044676,0.5885885885885885,0.29937766131673765
rtdetr,hawaii,0.5895895895895896,0.2947504314869219,0.8178772137765667,0.1797680412371134,0.5895895895895896,0.2982741777922501
rtdetr,hawaii,0.5905905905905906,0.29208422605456186,0.8168923008654582,0.17783505154639176,0.5905905905905906,0.29772727272727273
rtdetr,hawaii,0.5915915915915916,0.2921001100676269,0.8189207987194561,0.17775097051505684,0.5915915915915916,0.29693053311793216
rtdetr,hawaii,0.5925925925925926,0.2917118436430463,0.8186895303606986,0.17747436308309344,0.5925925925925926,0.2968699580509842
rtdetr,hawaii,0.5935935935935935,0.29132343811415157,0.8184582620019409,0.17719775565113005,0.5935935935935935,0.29513444302176695
rtdetr,hawaii,0.5945945945945946,0.2896557473034781,0.817457952369708,0.1760116010081823,0.5945945945945946,0.2937062937062937
rtdetr,hawaii,0.5955955955955956,0.2853120575140858,0.8148098678620701,0.1729329406137501,0.5955955955955956,0.29216677195198987
rtdetr,hawaii,0.5965965965965966,0.28493845931552325,0.8193780511159143,0.17245477683315896,0.5965965965965966,0.29055538123627234
rtdetr,hawaii,0.5975975975975976,0.2833786640462266,0.8208644555001731,0.17124852245160982,0.5975975975975976,0.29018136335209505
rtdetr,hawaii,0.5985985985985985,0.28227585236738834,0.8201955553592185,0.1704725707728723,0.5985985985985985,0.28855103940428173
rtdetr,hawaii,0.5995995995995996,0.2809505032204338,0.8213208581615047,0.16945876288659795,0.5995995995995996,0.2876119864071671
rtdetr,hawaii,0.6006006006006006,0.2791737512105461,0.8207726501008344,0.16819066706828598,0.6006006006006006,0.28667894413750766
rtdetr,hawaii,0.6016016016016016,0.27834673308555785,0.822769027891348,0.16750769785880854,0.6016016016016016,0.28667894413750766
rtdetr,hawaii,0.6026026026026026,0.2776984006802269,0.8223734447856146,0.16705463795517397,0.6026026026026026,0.285496648385131
rtdetr,hawaii,0.6036036036036035,0.27519982062937853,0.8208361502822751,0.1653117531752331,0.6036036036036035,0.285496648385131
rtdetr,hawaii,0.6046046046046046,0.2739371319603043,0.8200510152084589,0.16443287587107863,0.6046046046046046,0.28541033434650454
rtdetr,hawaii,0.6056056056056056,0.2709814745151553,0.8184322892157269,0.16237113402061856,0.6056056056056056,0.2849348287359806
rtdetr,hawaii,0.6066066066066066,0.27103362119137253,0.8207966257821175,0.16231579919427935,0.6066066066066066,0.2826282628262826
rtdetr,hawaii,0.6076076076076076,0.26912315453062347,0.8195904712726693,0.16099377338802592,0.6076076076076076,0.2815852205005959
rtdetr,hawaii,0.6086086086086087,0.2685056032724315,0.8225697336701988,0.16043814432989692,0.6086086086086087,0.2815852205005959
rtdetr,hawaii,0.6096096096096096,0.2679448103660891,0.8240891727860684,0.1599804754011767,0.6096096096096096,0.2788235294117647
rtdetr,hawaii,0.6106106106106106,0.2679994652483615,0.8321492137173959,0.1597190503772144,0.6106106106106106,0.2788235294117647
rtdetr,hawaii,0.6116116116116116,0.26683738233362003,0.8314471489511186,0.15891986802307656,0.6116116116116116,0.2773722627737226
rtdetr,hawaii,0.6126126126126126,0.26530994003495423,0.8307999550804154,0.15786082474226804,0.6126126126126126,0.2766143106457243
rtdetr,hawaii,0.6136136136136137,0.26510389948401025,0.8331306544116279,0.15763124385028476,0.6136136136136137,0.27479815455594003
rtdetr,hawaii,0.6146146146146146,0.2645039994358978,0.8327677433939679,0.157220162942394,0.6146146146146146,0.2735091743119266
rtdetr,hawaii,0.6156156156156156,0.261728793712317,0.8321795372452808,0.15528350515463918,0.6156156156156156,0.2717453098351336
rtdetr,hawaii,0.6166166166166166,0.2617421013762815,0.8338659826899393,0.15523428736105332,0.6166166166166166,0.26895002807411567
rtdetr,hawaii,0.6176176176176176,0.2587692671188663,0.8320386208170361,0.15320913851477405,0.6176176176176176,0.2653569452130603
rtdetr,hawaii,0.6186186186186187,0.2578198629726037,0.8314479355720774,0.15256384108145324,0.6186186186186187,0.2636338722937791
rtdetr,hawaii,0.6196196196196196,0.2564923623239886,0.8306159782646475,0.15166273900727884,0.6196196196196196,0.2636338722937791
rtdetr,hawaii,0.6206206206206206,0.2541009127929865,0.8291000761026592,0.15004287462088203,0.6206206206206206,0.2633879781420765
rtdetr,hawaii,0.6216216216216216,0.25306869217108663,0.8313222773435501,0.14925173386872717,0.6216216216216216,0.26337336244541487
rtdetr,hawaii,0.6226226226226226,0.2517929387179739,0.8305097097575554,0.1483909671746862,0.6226226226226226,0.26041386723998927
rtdetr,hawaii,0.6236236236236237,0.2510436246388315,0.8329548526190075,0.14779349666324884,0.6236236236236237,0.26041386723998927
rtdetr,hawaii,0.6246246246246246,0.24781836893989329,0.8311376493273308,0.14561855670103094,0.6246246246246246,0.25559947299077734
rtdetr,hawaii,0.6256256256256256,0.24639403934474735,0.8329552783034713,0.14458106906043985,0.6256256256256256,0.25498426023084997
rtdetr,hawaii,0.6266266266266266,0.24557122909593462,0.8324238788581475,0.14403067403553213,0.6266266266266266,0.25404699738903397
rtdetr,hawaii,0.6276276276276276,0.24482444533401526,0.8319392543633024,0.14353157624886118,0.6276276276276276,0.2527216174183515
rtdetr,hawaii,0.6286286286286287,0.24417169645481196,0.8333565585202519,0.14304123711340205,0.6286286286286287,0.25161124001031193
rtdetr,hawaii,0.6296296296296297,0.2428677731087877,0.8367856464619088,0.14204778538035312,0.6296296296296297,0.25051177072671443
rtdetr,hawaii,0.6306306306306306,0.2412288171323202,0.8357309543081188,0.14095771573809907,0.6306306306306306,0.25051177072671443
rtdetr,hawaii,0.6316316316316316,0.23964647401219502,0.8347015707539178,0.13990722535604266,0.6316316316316316,0.2487322515212982
rtdetr,hawaii,0.6326326326326326,0.23680092427377394,0.835986769914657,0.13793632741508827,0.6326326326326326,0.24854467223487725
rtdetr,hawaii,0.6336336336336337,0.23276218564167847,0.836531470043751,0.13518905181740906,0.6336336336336337,0.248234106962664
rtdetr,hawaii,0.6346346346346347,0.2289754100577265,0.8372851313318355,0.132622017805569,0.6346346346346347,0.24811083123425692
rtdetr,hawaii,0.6356356356356356,0.2281815059572179,0.8373662812807532,0.13208762886597938,0.6356356356356356,0.24681170292573143
rtdetr,hawaii,0.6366366366366366,0.22662941705967538,0.839057343126819,0.13100723830154182,0.6366366366366366,0.2458975634012929
rtdetr,hawaii,0.6376376376376376,0.2238963819503024,0.8406274741618349,0.12914697479099108,0.6376376376376376,0.24547483263079595
rtdetr,hawaii,0.6386386386386387,0.22326614996035543,0.843667093862327,0.1286567967036025,0.6386386386386387,0.2445759368836292
rtdetr,hawaii,0.6396396396396397,0.22276587345033008,0.8481470095381474,0.12822164948453607,0.6396396396396397,0.24326310632043116
rtdetr,hawaii,0.6406406406406406,0.22072907650851803,0.8490574334641998,0.12685357095385483,0.6406406406406406,0.24191587648918064
rtdetr,hawaii,0.6416416416416416,0.21729331737233679,0.8467853357483679,0.12463836432425963,0.6416416416416416,0.24175557710960233
rtdetr,hawaii,0.6426426426426426,0.21471264773431603,0.8450398699975958,0.12298006976026785,0.6426426426426426,0.24060693641618497
rtdetr,hawaii,0.6436436436436437,0.2111001385497315,0.8462625353964909,0.12059074650588679,0.6436436436436437,0.24060693641618497
rtdetr,hawaii,0.6446446446446447,0.20729133135590408,0.8435979746888143,0.11816339051374024,0.6446446446446447,0.23924474187380498
rtdetr,hawaii,0.6456456456456456,0.20308811334872484,0.8405626143805438,0.11549660947342982,0.6456456456456456,0.2388663967611336
rtdetr,hawaii,0.6466466466466466,0.20173418116248926,0.8434600031238854,0.11456796193414864,0.6466466466466466,0.23870660960532572
rtdetr,hawaii,0.6476476476476476,0.19893517194025592,0.8439139349557225,0.11275773195876289,0.6476476476476476,0.2342405210514073
rtdetr,hawaii,0.6486486486486487,0.19902322069057707,0.8470934975174076,0.11275773195876289,0.6486486486486487,0.2342405210514073
rtdetr,hawaii,0.6496496496496497,0.19907866914339695,0.8491066865619363,0.11275773195876289,0.6496496496496497,0.23394389056341294
rtdetr,hawaii,0.6506506506506506,0.19772927831067663,0.852624700585477,0.11183191796919621,0.6506506506506506,0.23092736409319323
rtdetr,hawaii,0.6516516516516516,0.19619870943845388,0.8543422085744244,0.11082474226804123,0.6516516516516516,0.23083941605839417
rtdetr,hawaii,0.6526526526526526,0.1940072352730833,0.8541518237143405,0.10943143792197929,0.6526526526526526,0.22825597115817936
rtdetr,hawaii,0.6536536536536537,0.19339892170506162,0.8537179259390809,0.10905158455944869,0.6536536536536537,0.22706935123042504
rtdetr,hawaii,0.6546546546546547,0.19227907617993042,0.8571845099048435,0.10828443244766707,0.6546546546546547,0.2254489026823321
rtdetr,hawaii,0.6556556556556556,0.18828224486188258,0.8543185893315272,0.10579965128564688,0.6556556556556556,0.22457533642179572
rtdetr,hawaii,0.6566566566566566,0.1835031636840244,0.8507549590116462,0.10284290636536804,0.6566566566566566,0.2235861464270057
rtdetr,hawaii,0.6576576576576576,0.1818475596146405,0.853997001179593,0.10175777778143716,0.6576576576576576,0.22358346094946402
rtdetr,hawaii,0.6586586586586587,0.18084017695673765,0.8532337847116142,0.10113802975394884,0.6586586586586587,0.2221498371335505
rtdetr,hawaii,0.6596596596596597,0.17988023845386578,0.852499644702164,0.1005481108345568,0.6596596596596597,0.22107081174438686
rtdetr,hawaii,0.6606606606606606,0.17882855107715584,0.8516878418853948,0.09990252152145285,0.6606606606606606,0.2199828473413379
rtdetr,hawaii,0.6616616616616616,0.17671581688153634,0.8519228506987211,0.09858247422680412,0.6616616616616616,0.21958520419072056
rtdetr,hawaii,0.6626626626626626,0.17604850515791234,0.8541848902310812,0.09813736549719249,0.6626626626626626,0.21865703357416064
rtdetr,hawaii,0.6636636636636637,0.17159365217216677,0.8506544093833158,0.09542096465409317,0.6636636636636637,0.21646021415074532
rtdetr,hawaii,0.6646646646646647,0.17044844762577582,0.8497221120966676,0.09472479724261222,0.6646646646646647,0.2163975676242399
rtdetr,hawaii,0.6656656656656657,0.16713594680019278,0.8469640812832329,0.09271605014044612,0.6656656656656657,0.21492413219704842
rtdetr,hawaii,0.6666666666666666,0.1658636749843356,0.8458799512790274,0.09194646056488269,0.6666666666666666,0.21490863787375417
rtdetr,hawaii,0.6676676676676676,0.16367064787058225,0.843979338924406,0.09062240368909552,0.6676676676676676,0.21447776628748708
rtdetr,hawaii,0.6686686686686687,0.16303971838859221,0.8465714077905957,0.09020618556701031,0.6686686686686687,0.21424148606811144
rtdetr,hawaii,0.6696696696696697,0.16211298335371765,0.8476544219464655,0.08962702726472563,0.6696696696696697,0.21311475409836064
rtdetr,hawaii,0.6706706706706707,0.15771076027159767,0.843777472558496,0.08698453608247422,0.6706706706706707,0.21214591400040758
rtdetr,hawaii,0.6716716716716716,0.1577070194779744,0.8489719358464849,0.08692743160264695,0.6716716716716716,0.20926966292134833
rtdetr,hawaii,0.6726726726726726,0.1567466725597579,0.8481203458725635,0.0863530747693981,0.6726726726726726,0.20838323353293414
rtdetr,hawaii,0.6736736736736737,0.15500476487382772,0.8519187166097155,0.08525870034802,0.6736736736736737,0.20799363690594552
rtdetr,hawaii,0.6746746746746747,0.15437643691025782,0.8568222355939421,0.08483029273267532,0.6746746746746747,0.20617745425929568
rtdetr,hawaii,0.6756756756756757,0.1539108139603226,0.8564205479228783,0.08455309718131615,0.6756756756756757,0.20297987616099072
rtdetr,hawaii,0.6766766766766766,0.15093634241605156,0.8594378334571245,0.08273305037330426,0.6766766766766766,0.202541393916057
rtdetr,hawaii,0.6776776776776777,0.14965217723818772,0.8583184638277526,0.08197222521875303,0.6776776776776777,0.202541393916057
rtdetr,hawaii,0.6786786786786787,0.14842038037953087,0.8637234264899928,0.08118556701030928,0.6786786786786787,0.2018383761011107
rtdetr,hawaii,0.6796796796796797,0.1472180497907291,0.8678971087222271,0.08043059084400779,0.6796796796796797,0.2014512125262555
rtdetr,hawaii,0.6806806806806807,0.1449018460253888,0.8659228750070807,0.07906632539988366,0.6806806806806807,0.20053120849933598
rtdetr,hawaii,0.6816816816816816,0.14365416497409944,0.8709616287782218,0.0782829788095717,0.6816816816816816,0.19969828399019424
rtdetr,hawaii,0.6826826826826827,0.14158049508508008,0.8691917843525059,0.07706686264921521,0.6826826826826827,0.19962335216572505
rtdetr,hawaii,0.6836836836836837,0.13968339442212396,0.8675340619715223,0.07595666444004685,0.6836836836836837,0.19710467706013363
rtdetr,hawaii,0.6846846846846847,0.13544940316823495,0.8683373619432186,0.07345360824742268,0.6846846846846847,0.19605311693102176
rtdetr,hawaii,0.6856856856856857,0.13078122730009972,0.8659039970491854,0.07073210130310278,0.6856856856856857,0.19495706194043486
rtdetr,hawaii,0.6866866866866866,0.12995901771729385,0.8688589648250497,0.0702319587628866,0.6866866866866866,0.19495706194043486
rtdetr,hawaii,0.6876876876876877,0.12970514827264568,0.8717326283264469,0.07006506681136948,0.6876876876876877,0.19481940897482672
rtdetr,hawaii,0.6886886886886887,0.1287914966828534,0.870886204663096,0.0695375480638507,0.6886886886886887,0.19425767763038343
rtdetr,hawaii,0.6896896896896897,0.12644628215555317,0.8686621875738411,0.06818585748087312,0.6896896896896897,0.1917367197281345
rtdetr,hawaii,0.6906906906906907,0.12585690551423284,0.8680916681428167,0.06784669801563543,0.6906906906906907,0.1917367197281345
rtdetr,hawaii,0.6916916916916916,0.12407129304104285,0.8663365132963221,0.06682044981763367,0.6916916916916916,0.19029057406094968
rtdetr,hawaii,0.6926926926926927,0.1225056634069964,0.8647615042703893,0.06592223916578634,0.6926926926926927,0.18963694043003174
rtdetr,hawaii,0.6936936936936937,0.12123325234108281,0.8634565571320313,0.06519334841192108,0.6936936936936937,0.18789253314724355
rtdetr,hawaii,0.6946946946946947,0.11920380158743903,0.8687821437741131,0.06399200622330853,0.6946946946946947,0.18319185059422752
rtdetr,hawaii,0.6956956956956957,0.11801767007312187,0.8675656566004051,0.06331532595903858,0.6956956956956957,0.1824449302169161
rtdetr,hawaii,0.6966966966966966,0.11615456432204656,0.8656110734521426,0.062254160874443146,0.6966966966966966,0.1824449302169161
rtdetr,hawaii,0.6976976976976977,0.11525317882428819,0.8724489909643578,0.06170210795575527,0.6976976976976977,0.1824449302169161
rtdetr,hawaii,0.6986986986986987,0.11460295965149364,0.8717798211306941,0.0613328449630441,0.6986986986986987,0.1824449302169161
rtdetr,hawaii,0.6996996996996997,0.11379727047358745,0.8709400376858623,0.060875650020157,0.6996996996996997,0.18209255533199195
rtdetr,hawaii,0.7007007007007007,0.11083330525881444,0.8759704305130058,0.059159253628173245,0.7007007007007007,0.1816057419462527
rtdetr,hawaii,0.7017017017017017,0.10993889666695468,0.8795241343986763,0.0586340206185567,0.7017017017017017,0.181545636242505
rtdetr,hawaii,0.7027027027027027,0.10998813847019025,0.8858699058673698,0.0586340206185567,0.7027027027027027,0.18080875041431885
rtdetr,hawaii,0.7037037037037037,0.11009256939488585,0.8996160985345991,0.0586340206185567,0.7037037037037037,0.18069102330963796
rtdetr,hawaii,0.7047047047047047,0.10935409317675115,0.9003419592615403,0.058212228643141545,0.7047047047047047,0.17996380983714427
rtdetr,hawaii,0.7057057057057057,0.10899106117505483,0.9044173258181037,0.05798969072164949,0.7057057057057057,0.1796887796887797
rtdetr,hawaii,0.7067067067067067,0.10830915418644202,0.908511497680321,0.05758723872383121,0.7067067067067067,0.1796887796887797
rtdetr,hawaii,0.7077077077077077,0.1063428050639145,0.9068894965409218,0.05648303205820898,0.7077077077077077,0.17963386727688788
rtdetr,hawaii,0.7087087087087087,0.10561993645391747,0.9117943419096352,0.05605670103092784,0.7087087087087087,0.17921146953405018
rtdetr,hawaii,0.7097097097097097,0.10447790269357858,0.9148794374617418,0.055402387426751555,0.7097097097097097,0.17648942985265856
rtdetr,hawaii,0.7107107107107107,0.10150977177432122,0.9124808014271563,0.05374430328190662,0.7107107107107107,0.17515468824369348
rtdetr,hawaii,0.7117117117117117,0.09962888380201569,0.9108959724587227,0.05269625800534544,0.7117117117117117,0.17467594056275687
rtdetr,hawaii,0.7127127127127127,0.097530284882024,0.9090632653743952,0.0515293459815053,0.7127127127127127,0.17313106036909603
rtdetr,hawaii,0.7137137137137137,0.09640550873331537,0.9089811347439266,0.0509020618556701,0.7137137137137137,0.17207640938033855
rtdetr,hawaii,0.7147147147147147,0.09643288484527812,0.9138734641518256,0.0509020618556701,0.7147147147147147,0.17008573178199632
rtdetr,hawaii,0.7157157157157157,0.0964364664960594,0.9185860050400048,0.05088951554146128,0.7157157157157157,0.17008573178199632
rtdetr,hawaii,0.7167167167167167,0.09574918035681765,0.9180199034020485,0.05050860584213686,0.7167167167167167,0.16815228886538752
rtdetr,hawaii,0.7177177177177178,0.09408877522034932,0.9166293909366398,0.049589480266039467,0.7177177177177178,0.16756919374247894
rtdetr,hawaii,0.7187187187187187,0.09183781162647908,0.9146680967605185,0.048346011280567834,0.7187187187187187,0.16443200235744806
rtdetr,hawaii,0.7197197197197197,0.09067835341168394,0.9233545661165187,0.04768041237113402,0.7197197197197197,0.16426893716970054
rtdetr,hawaii,0.7207207207207207,0.08938923048758274,0.9239455690571855,0.04696655890575356,0.7207207207207207,0.16426893716970054
rtdetr,hawaii,0.7217217217217217,0.0892236224214159,0.9238079391896863,0.04687548553338131,0.7217217217217217,0.1638888888888889
rtdetr,hawaii,0.7227227227227228,0.08905798796294316,0.9236703093221871,0.04678441216100906,0.7227227227227228,0.1607680183407365
rtdetr,hawaii,0.7237237237237237,0.08889232709350084,0.9235326794546879,0.046693338788636816,0.7237237237237237,0.15771011645853794
rtdetr,hawaii,0.7247247247247247,0.08872663979440758,0.9233950495871885,0.04660226541626457,0.7247247247247247,0.15707902820441216
rtdetr,hawaii,0.7257257257257257,0.08856092604696444,0.9232574197196893,0.04651119204389233,0.7257257257257257,0.15458407564752638
rtdetr,hawaii,0.7267267267267267,0.08839518583245488,0.9231197898521901,0.04642011867152008,0.7267267267267267,0.15458407564752638
rtdetr,hawaii,0.7277277277277278,0.08721634604687885,0.9221173180302603,0.04577283205431095,0.7277277277277278,0.15192255982791072
rtdetr,hawaii,0.7287287287287287,0.08664685757487542,0.9216212374825377,0.04546042544542637,0.7287287287287287,0.15100133511348465
rtdetr,hawaii,0.7297297297297297,0.08610817856228983,0.9211512680818348,0.04516507955486443,0.7297297297297297,0.14919673426389254
rtdetr,hawaii,0.7307307307307307,0.08522524477365655,0.92036365156107,0.044681358880809596,0.7307307307307307,0.14717323651452283
rtdetr,hawaii,0.7317317317317317,0.08353067688370011,0.9188151143067849,0.0437542147213543,0.7317317317317317,0.14673211056574528
rtdetr,hawaii,0.7327327327327328,0.08309733682180225,0.9184068786732882,0.04351739246059948,0.7327327327327328,0.14550568980948728
rtdetr,hawaii,0.7337337337337337,0.08266381747618468,0.9179986430397915,0.04328057019984468,0.7337337337337337,0.1453547728432874
rtdetr,hawaii,0.7347347347347347,0.08151294067195429,0.9168910108730679,0.04265240046701513,0.7347347347347347,0.1452208221967672
rtdetr,hawaii,0.7357357357357357,0.07950845562983226,0.9148909047090922,0.041560115593233256,0.7357357357357357,0.1451448906964921
rtdetr,hawaii,0.7367367367367368,0.07772436972121602,0.9130376266964042,0.0405898351008944,0.7367367367367368,0.14257228315054835
rtdetr,hawaii,0.7377377377377378,0.07721041716344272,0.9124835719474211,0.04031066576216712,0.7377377377377378,0.14174300569447884
rtdetr,hawaii,0.7387387387387387,0.07669621483187913,0.9119295171984381,0.04003149642343983,0.7387387387387387,0.14137803525206458
rtdetr,hawaii,0.7397397397397397,0.07538032366409265,0.9178523993362836,0.039304123711340205,0.7397397397397397,0.14039799780246612
rtdetr,hawaii,0.7407407407407407,0.07180127061350038,0.9206077377074611,0.03735745148007002,0.7407407407407407,0.14039799780246612
rtdetr,hawaii,0.7417417417417418,0.07103570154473868,0.9197872771065082,0.03694447221366252,0.7417417417417418,0.13983976693372177
rtdetr,hawaii,0.7427427427427428,0.0701767460084145,0.918851516848358,0.03648149957738272,0.7427427427427428,0.13940273243864104
rtdetr,hawaii,0.7437437437437437,0.06944054724815034,0.9196834707593784,0.03608247422680412,0.7437437437437437,0.13908959537572255
rtdetr,hawaii,0.7447447447447447,0.06946079095753442,0.9268384711828406,0.03608247422680412,0.7447447447447447,0.1384928716904277
rtdetr,hawaii,0.7457457457457457,0.0682050102798507,0.932129736398605,0.035397544773844464,0.7457457457457457,0.13754602684404324
rtdetr,hawaii,0.7467467467467468,0.06541255447655295,0.9293379837918603,0.03389929836720649,0.7467467467467468,0.13635829317033032
rtdetr,hawaii,0.7477477477477478,0.06219180633659491,0.9258394106578727,0.0321766097459458,0.7477477477477478,0.13563674565192016
rtdetr,hawaii,0.7487487487487487,0.060714692061425275,0.924114506629854,0.031388463316990536,0.7487487487487487,0.13499709808473592
rtdetr,hawaii,0.7497497497497497,0.05989447052278414,0.9231298386868442,0.030951326581981724,0.7497497497497497,0.13467545990975355
rtdetr,hawaii,0.7507507507507507,0.058695702286363505,0.9216379429926816,0.030313116110920104,0.7507507507507507,0.13373093244638146
rtdetr,hawaii,0.7517517517517518,0.05571144440142216,0.9176623757360975,0.028727755755686438,0.7517517517517518,0.13284804367606914
rtdetr,hawaii,0.7527527527527528,0.05475351645136377,0.9163072192890186,0.028219891545751608,0.7527527527527528,0.1319562027316853
rtdetr,hawaii,0.7537537537537538,0.05152185123089628,0.9113892024151329,0.026510252738293334,0.7537537537537538,0.1318755635707845
rtdetr,hawaii,0.7547547547547547,0.048813834377226424,0.906815640347393,0.02508199846446392,0.7547547547547547,0.1305704099821747
rtdetr,hawaii,0.7557557557557557,0.048313807471156336,0.905910627319179,0.024818716646011162,0.7557557557557557,0.13004980630879912
rtdetr,hawaii,0.7567567567567568,0.04781354898932025,0.9050056142909648,0.024555434827558377,0.7567567567567568,0.13004980630879912
rtdetr,hawaii,0.7577577577577578,0.047686202208521246,0.9101269639694443,0.024484536082474227,0.7577577577577578,0.12918083123149468
rtdetr,hawaii,0.7587587587587588,0.04769620178461552,0.9174692031775753,0.024484536082474227,0.7587587587587588,0.12918083123149468
rtdetr,hawaii,0.7597597597597597,0.047706046679174566,0.9248114423857062,0.024484536082474227,0.7597597597597597,0.1272648835202761
rtdetr,hawaii,0.7607607607607607,0.046891300675400295,0.9256096952513723,0.02405496138579263,0.7607607607607607,0.12703022480370013
rtdetr,hawaii,0.7617617617617618,0.04584346153314388,0.9239989922600415,0.023504816994343786,0.7617617617617618,0.12523799449968268
rtdetr,hawaii,0.7627627627627628,0.04515719221643714,0.9229165200689766,0.02314482017659435,0.7627627627627628,0.12523799449968268
rtdetr,hawaii,0.7637637637637638,0.04492129334118641,0.9225279502703689,0.023021138810284964,0.7637637637637638,0.12401965910279202
rtdetr,hawaii,0.7647647647647647,0.04468534214673401,0.9221393804717614,0.022897457443975578,0.7647647647647647,0.12373605754195768
rtdetr,hawaii,0.7657657657657657,0.04444933854795593,0.9217508106731537,0.02277377607766619,0.7657657657657657,0.12291946655639409
rtdetr,hawaii,0.7667667667667668,0.04421328245954339,0.921362240874546,0.02265009471135679,0.7667667667667668,0.1218663665200041
rtdetr,hawaii,0.7677677677677678,0.04371798781493542,0.9205199561169534,0.022390691215729477,0.7677677677677678,0.11996779388083736
rtdetr,hawaii,0.7687687687687688,0.04011763962409083,0.9138570009832498,0.020508984357832334,0.7687687687687688,0.1196752530820888
rtdetr,hawaii,0.7697697697697697,0.03919640154016432,0.9119774910675361,0.02002861133384191,0.7697697697697697,0.11964357228674409
rtdetr,hawaii,0.7707707707707707,0.03850437095282294,0.9104942038695657,0.019668062014959777,0.7707707707707707,0.11896243291592129
rtdetr,hawaii,0.7717717717717718,0.03785523443382027,0.9094888415159653,0.019329896907216496,0.7717717717717718,0.11888458866726208
rtdetr,hawaii,0.7727727727727728,0.03787168405376168,0.928875373702172,0.019329896907216496,0.7727727727727728,0.1177740700755717
rtdetr,hawaii,0.7737737737737738,0.03760053680084481,0.9370471972485381,0.019185186749532818,0.7737737737737738,0.11657930498932247
rtdetr,hawaii,0.7747747747747747,0.037099108387225334,0.9362315169028572,0.018924505401944083,0.7747747747747747,0.11517472474868358
rtdetr,hawaii,0.7757757757757757,0.03659816482329512,0.9354125635402417,0.018664202349363664,0.7757757757757757,0.11284884809889492
rtdetr,hawaii,0.7767767767767768,0.03610495083864245,0.9345576422345448,0.01840805646846866,0.7767767767767768,0.1128157156220767
rtdetr,hawaii,0.7777777777777778,0.03561150567429331,0.9337027209288481,0.01815191058757368,0.7777777777777778,0.1122363653256527
rtdetr,hawaii,0.7787787787787788,0.03502213160010826,0.9326372714623034,0.017846142452385295,0.7787787787787788,0.11219376391982183
rtdetr,hawaii,0.7797797797797797,0.0343595767354162,0.9314116549682323,0.017502622365451703,0.7797797797797797,0.11011092925986543
rtdetr,hawaii,0.7807807807807807,0.03276152014474226,0.9282530004590331,0.016675022019017088,0.7807807807807807,0.10918918918918918
rtdetr,hawaii,0.7817817817817818,0.03138937474439515,0.9252947077441599,0.015965491248840287,0.7817817817817818,0.1075764288879043
rtdetr,hawaii,0.7827827827827828,0.02833648004304893,0.917779627762018,0.014390391964307615,0.7827827827827828,0.10607647983237296
rtdetr,hawaii,0.7837837837837838,0.026670149036238752,0.9212809555949439,0.013530927835051547,0.7837837837837838,0.10486923606331727
rtdetr,hawaii,0.7847847847847848,0.0266826237047339,0.9520311808291496,0.013530927835051547,0.7847847847847848,0.10486923606331727
rtdetr,hawaii,0.7857857857857857,0.024525136269568478,0.9506671411062427,0.012422808804524453,0.7857857857857857,0.1038032842678465
rtdetr,hawaii,0.7867867867867868,0.022578934841465493,0.946586967711877,0.01142573644166364,0.7867867867867868,0.1030875653787751
rtdetr,hawaii,0.7877877877877878,0.02002468742824371,0.9400971917113872,0.010120126382408062,0.7877877877877878,0.10196765049191263
rtdetr,hawaii,0.7887887887887888,0.019509001630995167,0.9385954846978805,0.009856940617154303,0.7887887887887888,0.10151653269246706
rtdetr,hawaii,0.7897897897897898,0.018885442051647966,0.9366847736232724,0.00953888251906274,0.7897897897897898,0.10084724849880727
rtdetr,hawaii,0.7907907907907907,0.01797106182086779,0.933671076146707,0.009072846826810347,0.7907907907907907,0.10031860142145249
rtdetr,hawaii,0.7917917917917918,0.016607889847496133,0.9614687255349884,0.008376288659793814,0.7917917917917918,0.09874658524827254
rtdetr,hawaii,0.7927927927927928,0.0164448096155378,1.0,0.008290573257177879,0.7927927927927928,0.097822631913541
rtdetr,hawaii,0.7937937937937938,0.015651904585242012,1.0,0.007887680907099383,0.7937937937937938,0.09609234849075735
rtdetr,hawaii,0.7947947947947948,0.014423549902579382,1.0,0.007264162456132929,0.7947947947947948,0.09537058505294072
rtdetr,hawaii,0.7957957957957957,0.012603730883438996,1.0,0.006341830806113779,0.7957957957957957,0.09406844106463878
rtdetr,hawaii,0.7967967967967968,0.012041843025861037,1.0,0.006057392598338119,0.7967967967967968,0.09406844106463878
rtdetr,hawaii,0.7977977977977978,0.011276106220632486,1.0,0.005670020989793305,0.7977977977977978,0.0922973778307509
rtdetr,hawaii,0.7987987987987988,0.009584299756190318,1.0,0.004815225158752677,0.7987987987987988,0.09207692878889136
rtdetr,hawaii,0.7997997997997998,0.008672531992924708,1.0,0.004355151090043565,0.7997997997997998,0.09129667744780946
rtdetr,hawaii,0.8008008008008007,0.007956910853858495,1.0,0.003994346757463516,0.8008008008008007,0.09041315100378237
rtdetr,hawaii,0.8018018018018018,0.007020563417000876,1.0,0.0035226471925057915,0.8018018018018018,0.09001518328392741
rtdetr,hawaii,0.8028028028028028,0.006045847687880602,1.0,0.00303208961994941,0.8028028028028028,0.08993143269577769
rtdetr,hawaii,0.8038038038038038,0.005179623835243109,1.0,0.0025965364586868003,0.8038038038038038,0.0862295308505493
rtdetr,hawaii,0.8048048048048048,0.0034734993016971062,1.0,0.0017397711978690085,0.8048048048048048,0.08608222574202878
rtdetr,hawaii,0.8058058058058059,0.0024963719490747886,1.0,0.0012497458898288144,0.8058058058058059,0.08578481793869575
rtdetr,hawaii,0.8068068068068068,0.0023457226428799873,1.0,0.00117423854040618,0.8068068068068068,0.08524969383589603
rtdetr,hawaii,0.8078078078078078,0.0021950506113945657,1.0,0.0010987311909835462,0.8078078078078078,0.0848730964467005
rtdetr,hawaii,0.8088088088088088,0.002044355849476006,1.0,0.001023223841560912,0.8088088088088088,0.08390113560454242
rtdetr,hawaii,0.8098098098098098,0.0018936383519802386,1.0,0.000947716492138278,0.8098098098098098,0.0837441705529647
rtdetr,hawaii,0.8108108108108109,0.0017428981137616263,1.0,0.0008722091427156355,0.8108108108108109,0.08280212919760793
rtdetr,hawaii,0.8118118118118118,0.0015921351296730275,1.0,0.0007967017932930014,0.8118118118118118,0.08280212919760793
rtdetr,hawaii,0.8128128128128128,0.001441349394565698,1.0,0.0007211944438703673,0.8128128128128128,0.08150348747093775
rtdetr,hawaii,0.8138138138138138,0.0012905409032893556,1.0,0.0006456870944477333,0.8138138138138138,0.0812914013762943
rtdetr,hawaii,0.8148148148148148,0.0,1.0,0.0,0.8148148148148148,0.08077905491698595
rtdetr,hawaii,0.8158158158158159,0.0,1.0,0.0,0.8158158158158159,0.0802051022346015
rtdetr,hawaii,0.8168168168168168,0.0,1.0,0.0,0.8168168168168168,0.07824262618783166
rtdetr,hawaii,0.8178178178178178,0.0,1.0,0.0,0.8178178178178178,0.07817790089258234
rtdetr,hawaii,0.8188188188188188,0.0,1.0,0.0,0.8188188188188188,0.07789422075136361
rtdetr,hawaii,0.8198198198198198,0.0,1.0,0.0,0.8198198198198198,0.07708610875620686
rtdetr,hawaii,0.8208208208208209,0.0,1.0,0.0,0.8208208208208209,0.07671463840549166
rtdetr,hawaii,0.8218218218218218,0.0,1.0,0.0,0.8218218218218218,0.07642549113560135
rtdetr,hawaii,0.8228228228228228,0.0,1.0,0.0,0.8228228228228228,0.07618479880774963
rtdetr,hawaii,0.8238238238238238,0.0,1.0,0.0,0.8238238238238238,0.0759275749480558
rtdetr,hawaii,0.8248248248248248,0.0,1.0,0.0,0.8248248248248248,0.07589312163042834
rtdetr,hawaii,0.8258258258258259,0.0,1.0,0.0,0.8258258258258259,0.07506294279524563
rtdetr,hawaii,0.8268268268268268,0.0,1.0,0.0,0.8268268268268268,0.07445390810591575
rtdetr,hawaii,0.8278278278278278,0.0,1.0,0.0,0.8278278278278278,0.07445390810591575
rtdetr,hawaii,0.8288288288288288,0.0,1.0,0.0,0.8288288288288288,0.07328322514519986
rtdetr,hawaii,0.8298298298298298,0.0,1.0,0.0,0.8298298298298298,0.07314441478789256
rtdetr,hawaii,0.8308308308308309,0.0,1.0,0.0,0.8308308308308309,0.07195849835443745
rtdetr,hawaii,0.8318318318318318,0.0,1.0,0.0,0.8318318318318318,0.07144832162804844
rtdetr,hawaii,0.8328328328328328,0.0,1.0,0.0,0.8328328328328328,0.07118868028409404
rtdetr,hawaii,0.8338338338338338,0.0,1.0,0.0,0.8338338338338338,0.07017448791589899
rtdetr,hawaii,0.8348348348348348,0.0,1.0,0.0,0.8348348348348348,0.07013366524162563
rtdetr,hawaii,0.8358358358358359,0.0,1.0,0.0,0.8358358358358359,0.06937095825984715
rtdetr,hawaii,0.8368368368368369,0.0,1.0,0.0,0.8368368368368369,0.06903698979591837
rtdetr,hawaii,0.8378378378378378,0.0,1.0,0.0,0.8378378378378378,0.06866002214839424
rtdetr,hawaii,0.8388388388388388,0.0,1.0,0.0,0.8388388388388388,0.06866002214839424
rtdetr,hawaii,0.8398398398398398,0.0,1.0,0.0,0.8398398398398398,0.06810822103833698
rtdetr,hawaii,0.8408408408408409,0.0,1.0,0.0,0.8408408408408409,0.06781686847165203
rtdetr,hawaii,0.8418418418418419,0.0,1.0,0.0,0.8418418418418419,0.0666598663742541
rtdetr,hawaii,0.8428428428428428,0.0,1.0,0.0,0.8428428428428428,0.06555900310279252
rtdetr,hawaii,0.8438438438438438,0.0,1.0,0.0,0.8438438438438438,0.06555900310279252
rtdetr,hawaii,0.8448448448448448,0.0,1.0,0.0,0.8448448448448448,0.06534939279315151
rtdetr,hawaii,0.8458458458458459,0.0,1.0,0.0,0.8458458458458459,0.06534939279315151
rtdetr,hawaii,0.8468468468468469,0.0,1.0,0.0,0.8468468468468469,0.06360338573155985
rtdetr,hawaii,0.8478478478478478,0.0,1.0,0.0,0.8478478478478478,0.06176663850558528
rtdetr,hawaii,0.8488488488488488,0.0,1.0,0.0,0.8488488488488488,0.0615169194865811
rtdetr,hawaii,0.8498498498498498,0.0,1.0,0.0,0.8498498498498498,0.06103655714946784
rtdetr,hawaii,0.8508508508508509,0.0,1.0,0.0,0.8508508508508509,0.06082512201860208
rtdetr,hawaii,0.8518518518518519,0.0,1.0,0.0,0.8518518518518519,0.06039716959598265
rtdetr,hawaii,0.8528528528528528,0.0,1.0,0.0,0.8528528528528528,0.06006441954361929
rtdetr,hawaii,0.8538538538538538,0.0,1.0,0.0,0.8538538538538538,0.059183218031689355
rtdetr,hawaii,0.8548548548548548,0.0,1.0,0.0,0.8548548548548548,0.05914074338176308
rtdetr,hawaii,0.8558558558558559,0.0,1.0,0.0,0.8558558558558559,0.05853336269544153
rtdetr,hawaii,0.8568568568568569,0.0,1.0,0.0,0.8568568568568569,0.05847181922096193
rtdetr,hawaii,0.8578578578578578,0.0,1.0,0.0,0.8578578578578578,0.05618119701379223
rtdetr,hawaii,0.8588588588588588,0.0,1.0,0.0,0.8588588588588588,0.055757575757575756
rtdetr,hawaii,0.8598598598598598,0.0,1.0,0.0,0.8598598598598598,0.054699664017044985
rtdetr,hawaii,0.8608608608608609,0.0,1.0,0.0,0.8608608608608609,0.05358717434869739
rtdetr,hawaii,0.8618618618618619,0.0,1.0,0.0,0.8618618618618619,0.05343816099293611
rtdetr,hawaii,0.8628628628628628,0.0,1.0,0.0,0.8628628628628628,0.05329727149789197
rtdetr,hawaii,0.8638638638638638,0.0,1.0,0.0,0.8638638638638638,0.052685341610026325
rtdetr,hawaii,0.8648648648648649,0.0,1.0,0.0,0.8648648648648649,0.051941522277227724
rtdetr,hawaii,0.8658658658658659,0.0,1.0,0.0,0.8658658658658659,0.05018670649738611
rtdetr,hawaii,0.8668668668668669,0.0,1.0,0.0,0.8668668668668669,0.050121020294172404
rtdetr,hawaii,0.8678678678678678,0.0,1.0,0.0,0.8678678678678678,0.050001856045139015
rtdetr,hawaii,0.8688688688688688,0.0,1.0,0.0,0.8688688688688688,0.04919049008168028
rtdetr,hawaii,0.8698698698698699,0.0,1.0,0.0,0.8698698698698699,0.0485779008306066
rtdetr,hawaii,0.8708708708708709,0.0,1.0,0.0,0.8708708708708709,0.04714086471408647
rtdetr,hawaii,0.8718718718718719,0.0,1.0,0.0,0.8718718718718719,0.0467186529570078
rtdetr,hawaii,0.8728728728728729,0.0,1.0,0.0,0.8728728728728729,0.0466838931955211
rtdetr,hawaii,0.8738738738738738,0.0,1.0,0.0,0.8738738738738738,0.04637255236988689
rtdetr,hawaii,0.8748748748748749,0.0,1.0,0.0,0.8748748748748749,0.04618105148609127
rtdetr,hawaii,0.8758758758758759,0.0,1.0,0.0,0.8758758758758759,0.04529860440329081
rtdetr,hawaii,0.8768768768768769,0.0,1.0,0.0,0.8768768768768769,0.04442776000522296
rtdetr,hawaii,0.8778778778778779,0.0,1.0,0.0,0.8778778778778779,0.04235944929608105
rtdetr,hawaii,0.8788788788788788,0.0,1.0,0.0,0.8788788788788788,0.04164378546586125
rtdetr,hawaii,0.8798798798798799,0.0,1.0,0.0,0.8798798798798799,0.04095706404413529
rtdetr,hawaii,0.8808808808808809,0.0,1.0,0.0,0.8808808808808809,0.03963723814214933
rtdetr,hawaii,0.8818818818818819,0.0,1.0,0.0,0.8818818818818819,0.039595083152566886
rtdetr,hawaii,0.8828828828828829,0.0,1.0,0.0,0.8828828828828829,0.038986133212093654
rtdetr,hawaii,0.8838838838838838,0.0,1.0,0.0,0.8838838838838838,0.038986133212093654
rtdetr,hawaii,0.8848848848848849,0.0,1.0,0.0,0.8848848848848849,0.03881027031607491
rtdetr,hawaii,0.8858858858858859,0.0,1.0,0.0,0.8858858858858859,0.037805883970305196
rtdetr,hawaii,0.8868868868868869,0.0,1.0,0.0,0.8868868868868869,0.03728776842048255
rtdetr,hawaii,0.8878878878878879,0.0,1.0,0.0,0.8878878878878879,0.03666631265930331
rtdetr,hawaii,0.8888888888888888,0.0,1.0,0.0,0.8888888888888888,0.03666631265930331
rtdetr,hawaii,0.8898898898898899,0.0,1.0,0.0,0.8898898898898899,0.03596055267882699
rtdetr,hawaii,0.8908908908908909,0.0,1.0,0.0,0.8908908908908909,0.03553899524604908
rtdetr,hawaii,0.8918918918918919,0.0,1.0,0.0,0.8918918918918919,0.03350914545630504
rtdetr,hawaii,0.8928928928928929,0.0,1.0,0.0,0.8928928928928929,0.03323581602800825
rtdetr,hawaii,0.8938938938938938,0.0,1.0,0.0,0.8938938938938938,0.03252108716026242
rtdetr,hawaii,0.8948948948948949,0.0,1.0,0.0,0.8948948948948949,0.03244038582805895
rtdetr,hawaii,0.8958958958958959,0.0,1.0,0.0,0.8958958958958959,0.032116552376994296
rtdetr,hawaii,0.8968968968968969,0.0,1.0,0.0,0.8968968968968969,0.03205157725074833
rtdetr,hawaii,0.8978978978978979,0.0,1.0,0.0,0.8978978978978979,0.03180107220257785
rtdetr,hawaii,0.8988988988988988,0.0,1.0,0.0,0.8988988988988988,0.031774211903949016
rtdetr,hawaii,0.8998998998998999,0.0,1.0,0.0,0.8998998998998999,0.03174494966709841
rtdetr,hawaii,0.9009009009009009,0.0,1.0,0.0,0.9009009009009009,0.031015141774004034
rtdetr,hawaii,0.9019019019019019,0.0,1.0,0.0,0.9019019019019019,0.02989664303408217
rtdetr,hawaii,0.9029029029029029,0.0,1.0,0.0,0.9029029029029029,0.029008897165321745
rtdetr,hawaii,0.9039039039039038,0.0,1.0,0.0,0.9039039039039038,0.028117359413202935
rtdetr,hawaii,0.9049049049049049,0.0,1.0,0.0,0.9049049049049049,0.02735804969234364
rtdetr,hawaii,0.9059059059059059,0.0,1.0,0.0,0.9059059059059059,0.027133428538345748
rtdetr,hawaii,0.9069069069069069,0.0,1.0,0.0,0.9069069069069069,0.026751785985712113
rtdetr,hawaii,0.9079079079079079,0.0,1.0,0.0,0.9079079079079079,0.025579623380864263
rtdetr,hawaii,0.9089089089089089,0.0,1.0,0.0,0.9089089089089089,0.025289457647775748
rtdetr,hawaii,0.9099099099099099,0.0,1.0,0.0,0.9099099099099099,0.025216832637327338
rtdetr,hawaii,0.9109109109109109,0.0,1.0,0.0,0.9109109109109109,0.024663794456751147
rtdetr,hawaii,0.9119119119119119,0.0,1.0,0.0,0.9119119119119119,0.02422583404619333
rtdetr,hawaii,0.9129129129129129,0.0,1.0,0.0,0.9129129129129129,0.02392570704938793
rtdetr,hawaii,0.9139139139139139,0.0,1.0,0.0,0.9139139139139139,0.02348054870683236
rtdetr,hawaii,0.914914914914915,0.0,1.0,0.0,0.914914914914915,0.02313381773158255
rtdetr,hawaii,0.9159159159159159,0.0,1.0,0.0,0.9159159159159159,0.02265593881940572
rtdetr,hawaii,0.9169169169169169,0.0,1.0,0.0,0.9169169169169169,0.022280984494062055
rtdetr,hawaii,0.9179179179179179,0.0,1.0,0.0,0.9179179179179179,0.022041207474844275
rtdetr,hawaii,0.9189189189189189,0.0,1.0,0.0,0.9189189189189189,0.021940681744799274
rtdetr,hawaii,0.91991991991992,0.0,1.0,0.0,0.91991991991992,0.021876005331127348
rtdetr,hawaii,0.9209209209209209,0.0,1.0,0.0,0.9209209209209209,0.020826658122396667
rtdetr,hawaii,0.9219219219219219,0.0,1.0,0.0,0.9219219219219219,0.02074965562241717
rtdetr,hawaii,0.9229229229229229,0.0,1.0,0.0,0.9229229229229229,0.0201433792521788
rtdetr,hawaii,0.9239239239239239,0.0,1.0,0.0,0.9239239239239239,0.020142429733260293
rtdetr,hawaii,0.924924924924925,0.0,1.0,0.0,0.924924924924925,0.020011697860962567
rtdetr,hawaii,0.9259259259259259,0.0,1.0,0.0,0.9259259259259259,0.019710240278520225
rtdetr,hawaii,0.9269269269269269,0.0,1.0,0.0,0.9269269269269269,0.019599030263408788
rtdetr,hawaii,0.9279279279279279,0.0,1.0,0.0,0.9279279279279279,0.018431116738933016
rtdetr,hawaii,0.9289289289289289,0.0,1.0,0.0,0.9289289289289289,0.01840412497447417
rtdetr,hawaii,0.92992992992993,0.0,1.0,0.0,0.92992992992993,0.017822979794862935
rtdetr,hawaii,0.9309309309309309,0.0,1.0,0.0,0.9309309309309309,0.01712653486938795
rtdetr,hawaii,0.9319319319319319,0.0,1.0,0.0,0.9319319319319319,0.01688349571203547
rtdetr,hawaii,0.9329329329329329,0.0,1.0,0.0,0.9329329329329329,0.016604362085177626
rtdetr,hawaii,0.933933933933934,0.0,1.0,0.0,0.933933933933934,0.016107531659631195
rtdetr,hawaii,0.934934934934935,0.0,1.0,0.0,0.934934934934935,0.014401904384050784
rtdetr,hawaii,0.9359359359359359,0.0,1.0,0.0,0.9359359359359359,0.014186405264493957
rtdetr,hawaii,0.9369369369369369,0.0,1.0,0.0,0.9369369369369369,0.013701081020000753
rtdetr,hawaii,0.9379379379379379,0.0,1.0,0.0,0.9379379379379379,0.013273650527390579
rtdetr,hawaii,0.938938938938939,0.0,1.0,0.0,0.938938938938939,0.01253266400770183
rtdetr,hawaii,0.93993993993994,0.0,1.0,0.0,0.93993993993994,0.012517051157762887
rtdetr,hawaii,0.9409409409409409,0.0,1.0,0.0,0.9409409409409409,0.012486645869834622
rtdetr,hawaii,0.9419419419419419,0.0,1.0,0.0,0.9419419419419419,0.01225769669327252
rtdetr,hawaii,0.9429429429429429,0.0,1.0,0.0,0.9429429429429429,0.010977392869193567
rtdetr,hawaii,0.943943943943944,0.0,1.0,0.0,0.943943943943944,0.009906677208560559
rtdetr,hawaii,0.944944944944945,0.0,1.0,0.0,0.944944944944945,0.009607827727129833
rtdetr,hawaii,0.9459459459459459,0.0,1.0,0.0,0.9459459459459459,0.009267671032376915
rtdetr,hawaii,0.9469469469469469,0.0,1.0,0.0,0.9469469469469469,0.008844289991702841
rtdetr,hawaii,0.9479479479479479,0.0,1.0,0.0,0.9479479479479479,0.008564562957101547
rtdetr,hawaii,0.948948948948949,0.0,1.0,0.0,0.948948948948949,0.008430680120650874
rtdetr,hawaii,0.94994994994995,0.0,1.0,0.0,0.94994994994995,0.007488640113725789
rtdetr,hawaii,0.950950950950951,0.0,1.0,0.0,0.950950950950951,0.007368505131994089
rtdetr,hawaii,0.9519519519519519,0.0,1.0,0.0,0.9519519519519519,0.007200799006114346
rtdetr,hawaii,0.9529529529529529,0.0,1.0,0.0,0.9529529529529529,0.007187252467428966
rtdetr,hawaii,0.953953953953954,0.0,1.0,0.0,0.953953953953954,0.007054026891989083
rtdetr,hawaii,0.954954954954955,0.0,1.0,0.0,0.954954954954955,0.0066312819435066644
rtdetr,hawaii,0.955955955955956,0.0,1.0,0.0,0.955955955955956,0.006556855537096603
rtdetr,hawaii,0.9569569569569569,0.0,1.0,0.0,0.9569569569569569,0.006438614354730389
rtdetr,hawaii,0.9579579579579579,0.0,1.0,0.0,0.9579579579579579,0.006126829911455565
rtdetr,hawaii,0.958958958958959,0.0,1.0,0.0,0.958958958958959,0.006041205157541972
rtdetr,hawaii,0.95995995995996,0.0,1.0,0.0,0.95995995995996,0.005956497579423299
rtdetr,hawaii,0.960960960960961,0.0,1.0,0.0,0.960960960960961,0.005718994959464898
rtdetr,hawaii,0.9619619619619619,0.0,1.0,0.0,0.9619619619619619,0.005226712597322579
rtdetr,hawaii,0.9629629629629629,0.0,1.0,0.0,0.9629629629629629,0.0049217782928178255
rtdetr,hawaii,0.963963963963964,0.0,1.0,0.0,0.963963963963964,0.0046554732131472805
rtdetr,hawaii,0.964964964964965,0.0,1.0,0.0,0.964964964964965,0.004619849315195233
rtdetr,hawaii,0.965965965965966,0.0,1.0,0.0,0.965965965965966,0.004417858752219974
rtdetr,hawaii,0.9669669669669669,0.0,1.0,0.0,0.9669669669669669,0.004089104891942474
rtdetr,hawaii,0.9679679679679679,0.0,1.0,0.0,0.9679679679679679,0.004024279552215228
rtdetr,hawaii,0.968968968968969,0.0,1.0,0.0,0.968968968968969,0.003957873905926811
rtdetr,hawaii,0.96996996996997,0.0,1.0,0.0,0.96996996996997,0.00377643315136576
rtdetr,hawaii,0.970970970970971,0.0,1.0,0.0,0.970970970970971,0.0037103056385812696
rtdetr,hawaii,0.9719719719719719,0.0,1.0,0.0,0.9719719719719719,0.0034549550787152787
rtdetr,hawaii,0.9729729729729729,0.0,1.0,0.0,0.9729729729729729,0.00326200530210789
rtdetr,hawaii,0.973973973973974,0.0,1.0,0.0,0.973973973973974,0.0031882523864448665
rtdetr,hawaii,0.974974974974975,0.0,1.0,0.0,0.974974974974975,0.0
rtdetr,hawaii,0.975975975975976,0.0,1.0,0.0,0.975975975975976,0.0
rtdetr,hawaii,0.9769769769769769,0.0,1.0,0.0,0.9769769769769769,0.0
rtdetr,hawaii,0.9779779779779779,0.0,1.0,0.0,0.9779779779779779,0.0
rtdetr,hawaii,0.978978978978979,0.0,1.0,0.0,0.978978978978979,0.0
rtdetr,hawaii,0.97997997997998,0.0,1.0,0.0,0.97997997997998,0.0
rtdetr,hawaii,0.980980980980981,0.0,1.0,0.0,0.980980980980981,0.0
rtdetr,hawaii,0.9819819819819819,0.0,1.0,0.0,0.9819819819819819,0.0
rtdetr,hawaii,0.9829829829829829,0.0,1.0,0.0,0.9829829829829829,0.0
rtdetr,hawaii,0.983983983983984,0.0,1.0,0.0,0.983983983983984,0.0
rtdetr,hawaii,0.984984984984985,0.0,1.0,0.0,0.984984984984985,0.0
rtdetr,hawaii,0.985985985985986,0.0,1.0,0.0,0.985985985985986,0.0
rtdetr,hawaii,0.986986986986987,0.0,1.0,0.0,0.986986986986987,0.0
rtdetr,hawaii,0.9879879879879879,0.0,1.0,0.0,0.9879879879879879,0.0
rtdetr,hawaii,0.988988988988989,0.0,1.0,0.0,0.988988988988989,0.0
rtdetr,hawaii,0.98998998998999,0.0,1.0,0.0,0.98998998998999,0.0
rtdetr,hawaii,0.990990990990991,0.0,1.0,0.0,0.990990990990991,0.0
rtdetr,hawaii,0.991991991991992,0.0,1.0,0.0,0.991991991991992,0.0
rtdetr,hawaii,0.992992992992993,0.0,1.0,0.0,0.992992992992993,0.0
rtdetr,hawaii,0.993993993993994,0.0,1.0,0.0,0.993993993993994,0.0
rtdetr,hawaii,0.994994994994995,0.0,1.0,0.0,0.994994994994995,0.0
rtdetr,hawaii,0.995995995995996,0.0,1.0,0.0,0.995995995995996,0.0
rtdetr,hawaii,0.996996996996997,0.0,1.0,0.0,0.996996996996997,0.0
rtdetr,hawaii,0.997997997997998,0.0,1.0,0.0,0.997997997997998,0.0
rtdetr,hawaii,0.998998998998999,0.0,1.0,0.0,0.998998998998999,0.0
rtdetr,hawaii,1.0,0.0,1.0,0.0,1.0,0.0
