conf,f1,precision_at_conf,recall_at_conf,recall_axis,precision_at_recall
0.0,0.006349752960173357,0.0031852568113304135,0.9742268041237113,0.0,1.0
0.001001001001001001,0.006351120955459551,0.0031859452894621174,0.9742268041237113,0.001001001001001001,1.0
0.002002002002002002,0.0074546281243430355,0.003741686489740564,0.970360824742268,0.002002002002002002,1.0
0.003003003003003003,0.008315499141186832,0.0041757130072804065,0.9664948453608248,0.003003003003003003,1.0
0.004004004004004004,0.009117052359523271,0.0045801575872069285,0.9652061855670103,0.004004004004004004,1.0
0.005005005005005005,0.00989272838768571,0.004971911824391094,0.9626288659793815,0.005005005005005005,1.0
0.006006006006006006,0.010677409192941969,0.005368518113208149,0.961340206185567,0.006006006006006006,1.0
0.007007007007007007,0.011499583708699138,0.005784411721279469,0.9606958762886598,0.007007007007007007,1.0
0.008008008008008008,0.012307632604667353,0.006193623558295833,0.9574742268041238,0.008008008008008008,1.0
0.009009009009009009,0.01315500397771254,0.00662309227941435,0.9555412371134021,0.009009009009009009,0.9545454545454546
0.01001001001001001,0.014048518512030584,0.007076383757076502,0.9536082474226805,0.01001001001001001,0.9545454545454546
0.011011011011011011,0.014933736016239358,0.007526037671095835,0.9497422680412371,0.011011011011011011,0.9545454545454546
0.012012012012012012,0.015902832694301424,0.008018549110026894,0.9497422680412371,0.012012012012012012,0.9545454545454546
0.013013013013013013,0.016887326435007923,0.008519508636914242,0.9484536082474226,0.013013013013013013,0.9545454545454546
0.014014014014014014,0.017870077370972383,0.009020188156665242,0.946520618556701,0.014014014014014014,0.9375
0.015015015015015015,0.018916985044081593,0.009554095874793351,0.9452319587628866,0.015015015015015015,0.9375
0.016016016016016016,0.019949772739154055,0.010081419263777423,0.9439432989690721,0.016016016016016016,0.9375
0.017017017017017015,0.02105820931184282,0.010647875128377022,0.9439432989690721,0.017017017017017015,0.9375
0.018018018018018018,0.0221530477118708,0.011208224438756685,0.9426546391752577,0.018018018018018018,0.9375
0.01901901901901902,0.02328397575188815,0.01178766768746144,0.9420103092783505,0.01901901901901902,0.9375
0.02002002002002002,0.024447939304324783,0.01238479053044829,0.9413659793814433,0.02002002002002002,0.9333333333333333
0.02102102102102102,0.0255613738746718,0.012957207767641879,0.9381443298969072,0.02102102102102102,0.9333333333333333
0.022022022022022022,0.026741010306370914,0.013563952509912226,0.9375,0.022022022022022022,0.9333333333333333
0.023023023023023025,0.02792613394482608,0.014174471260102798,0.9362113402061856,0.023023023023023025,0.9333333333333333
0.024024024024024024,0.02910952620408457,0.014784933151402169,0.9349226804123711,0.024024024024024024,0.9333333333333333
0.025025025025025023,0.030306397025456403,0.015403022407402196,0.9342783505154639,0.025025025025025023,0.9333333333333333
0.026026026026026026,0.031545127977291164,0.016043410159050905,0.9342783505154639,0.026026026026026026,0.9333333333333333
0.02702702702702703,0.03274355209591839,0.016664399170960992,0.9323453608247423,0.02702702702702703,0.9333333333333333
0.028028028028028028,0.03397326320507775,0.017302525539738826,0.9304123711340206,0.028028028028028028,0.9333333333333333
0.029029029029029027,0.03518117493448221,0.01793004717456139,0.9291237113402062,0.029029029029029027,0.9333333333333333
0.03003003003003003,0.03642541031311079,0.01857736487543335,0.9278350515463918,0.03003003003003003,0.9333333333333333
0.031031031031031032,0.03773197927632567,0.01925783800745598,0.9271907216494846,0.031031031031031032,0.9333333333333333
0.03203203203203203,0.03896417468721253,0.0199008245051171,0.9259020618556701,0.03203203203203203,0.9333333333333333
0.03303303303303303,0.04013876062874429,0.020515619072705403,0.9226804123711341,0.03303303303303303,0.9333333333333333
0.03403403403403403,0.04139540984929476,0.02117367306362526,0.9207474226804123,0.03403403403403403,0.9333333333333333
0.035035035035035036,0.0426879196316425,0.021850841586374313,0.9201030927835051,0.035035035035035036,0.9333333333333333
0.036036036036036036,0.0438670638788486,0.02247108258034029,0.916881443298969,0.036036036036036036,0.9333333333333333
0.037037037037037035,0.045137782736606395,0.023140086538259576,0.9143041237113402,0.037037037037037035,0.925
0.03803803803803804,0.046467282289995714,0.023840309057332292,0.9130154639175257,0.03803803803803804,0.925
0.03903903903903904,0.04778156671183866,0.024534127444048915,0.9110824742268041,0.03903903903903904,0.925
0.04004004004004004,0.04907027464845505,0.025215134006648914,0.9097938144329897,0.04004004004004004,0.925
0.04104104104104104,0.05031992230341062,0.025877105171005766,0.907860824742268,0.04104104104104104,0.925
0.04204204204204204,0.051817050774808804,0.02667017932792491,0.9072164948453608,0.04204204204204204,0.925
0.043043043043043044,0.05309242282449038,0.027348159099411642,0.9052835051546392,0.043043043043043044,0.925
0.044044044044044044,0.05447588057208516,0.02808413309813426,0.9039948453608248,0.044044044044044044,0.925
0.04504504504504504,0.05585385694896701,0.0288178267157578,0.9033505154639175,0.04504504504504504,0.925
0.04604604604604605,0.057272927882720905,0.029574658054227862,0.9027061855670103,0.04604604604604605,0.925
0.04704704704704705,0.058662142483796954,0.03031756946776497,0.9014175257731959,0.04704704704704705,0.925
0.04804804804804805,0.06013007085351118,0.031103163236130202,0.9007731958762887,0.04804804804804805,0.9186046511627907
0.04904904904904905,0.06145949163411503,0.031819147672611785,0.8975515463917526,0.04904904904904905,0.9186046511627907
0.050050050050050046,0.06275323537044623,0.03251745828583157,0.8943298969072165,0.050050050050050046,0.9186046511627907
0.05105105105105105,0.0640888666167057,0.033237950776128636,0.8923969072164949,0.05105105105105105,0.9157894736842105
0.05205205205205205,0.06547491509475968,0.03398603349999607,0.8911082474226805,0.05205205205205205,0.9157894736842105
0.05305305305305305,0.06697845974342384,0.034796953341514426,0.8911082474226805,0.05305305305305305,0.9157894736842105
0.05405405405405406,0.06843669786694259,0.03558582509531327,0.8904639175257731,0.05405405405405406,0.9157894736842105
0.055055055055055056,0.06992571764245814,0.03639280778900314,0.8898195876288659,0.055055055055055056,0.9157894736842105
0.056056056056056056,0.07130141416887621,0.03714317480475278,0.8872422680412371,0.056056056056056056,0.9157894736842105
0.057057057057057055,0.0728026123326814,0.03796219984861631,0.8853092783505154,0.057057057057057055,0.9090909090909091
0.058058058058058054,0.07436517953530149,0.03881394523795585,0.8846649484536082,0.058058058058058054,0.900990099009901
0.05905905905905906,0.07575976741527521,0.03957956675121715,0.8820876288659794,0.05905905905905906,0.8785046728971962
0.06006006006006006,0.0772666377731074,0.040405575126001604,0.8807989690721649,0.06006006006006006,0.8785046728971962
0.06106106106106106,0.07887560840267076,0.041289240108144734,0.8795103092783505,0.06106106106106106,0.8727272727272727
0.062062062062062065,0.08044569669480049,0.04215200923754327,0.8788659793814433,0.062062062062062065,0.872
0.06306306306306306,0.08180977256910334,0.04290626604096783,0.8769329896907216,0.06306306306306306,0.872
0.06406406406406406,0.08348524747909952,0.04382891054037655,0.8769329896907216,0.06406406406406406,0.872
0.06506506506506507,0.08509194338608649,0.04471709682929925,0.8762886597938144,0.06506506506506507,0.872
0.06606606606606606,0.08660073561875979,0.045552948398449415,0.8756443298969072,0.06606606606606606,0.872
0.06706706706706707,0.0880365078522017,0.04635539835070108,0.8730670103092784,0.06706706706706707,0.872
0.06806806806806806,0.08953159633705382,0.047192731316202996,0.8704896907216495,0.06806806806806806,0.872
0.06906906906906907,0.0913047651618344,0.048179111203331605,0.8704896907216495,0.06906906906906907,0.872
0.07007007007007007,0.09295611088814813,0.04910373833155175,0.8692010309278351,0.07007007007007007,0.872
0.07107107107107107,0.09452366031873351,0.049983671526046394,0.8679123711340206,0.07107107107107107,0.8714285714285714
0.07207207207207207,0.09594785573420839,0.050789693981154384,0.8653350515463918,0.07207207207207207,0.8714285714285714
0.07307307307307308,0.09758634389214095,0.051708850477738856,0.8653350515463918,0.07307307307307308,0.8714285714285714
0.07407407407407407,0.09918765122878821,0.05261370380169378,0.8640463917525774,0.07407407407407407,0.8714285714285714
0.07507507507507508,0.10073365049724849,0.053494442136963555,0.8614690721649485,0.07507507507507508,0.8714285714285714
0.07607607607607608,0.10243560331376632,0.0544605512868663,0.8601804123711341,0.07607607607607608,0.8714285714285714
0.07707707707707707,0.10416103786573724,0.055439688867150665,0.8595360824742269,0.07707707707707707,0.8714285714285714
0.07807807807807808,0.10580023526730044,0.05637770194994147,0.8576030927835051,0.07807807807807808,0.8714285714285714
0.07907907907907907,0.10753413614451081,0.05736633039998002,0.8569587628865979,0.07907907907907907,0.8689655172413793
0.08008008008008008,0.1093104862167109,0.05837851681412095,0.8569587628865979,0.08008008008008008,0.8689655172413793
0.08108108108108109,0.11076026971494976,0.0592217237948237,0.8537371134020618,0.08108108108108109,0.8689655172413793
0.08208208208208208,0.11255975294729499,0.06025821044318012,0.8524484536082474,0.08208208208208208,0.86
0.08308308308308308,0.11395792356608102,0.06107692445628834,0.8492268041237113,0.08308308308308308,0.86
0.08408408408408408,0.11563209858626648,0.062050108443961714,0.8472938144329897,0.08408408408408408,0.8578680203045685
0.08508508508508508,0.11744777403589281,0.06309698670968943,0.8472938144329897,0.08508508508508508,0.8578680203045685
0.08608608608608609,0.1193107479922228,0.06417734385453155,0.8466494845360825,0.08608608608608609,0.8578680203045685
0.08708708708708708,0.12103516731917922,0.065180137297998,0.8460051546391752,0.08708708708708708,0.8578680203045685
0.08808808808808809,0.12250438296821581,0.0660567676130058,0.842139175257732,0.08808808808808809,0.8578680203045685
0.0890890890890891,0.12446742860600278,0.06720385209325673,0.8414948453608248,0.0890890890890891,0.8578680203045685
0.09009009009009009,0.12597846941051713,0.0681026501257652,0.8389175257731959,0.09009009009009009,0.8578680203045685
0.09109109109109109,0.12758523049784756,0.06906024899477928,0.836340206185567,0.09109109109109109,0.8578680203045685
0.0920920920920921,0.12928749427836245,0.0700679056799548,0.8350515463917526,0.0920920920920921,0.8578680203045685
0.09309309309309309,0.13114108741938996,0.07117353563076166,0.8329277455324143,0.09309309309309309,0.8578680203045685
0.0940940940940941,0.1326798286029076,0.07209884731838502,0.8305412371134021,0.0940940940940941,0.8578680203045685
0.09509509509509509,0.13455754478454213,0.07321917767305731,0.8292525773195877,0.09509509509509509,0.8578680203045685
0.0960960960960961,0.13645083209504394,0.07435213910525913,0.8279639175257731,0.0960960960960961,0.8578680203045685
0.0970970970970971,0.1379346405996473,0.07525548799987104,0.8253865979381443,0.0970970970970971,0.8578680203045685
0.0980980980980981,0.13951184568336977,0.07621746867492439,0.8228092783505154,0.0980980980980981,0.8578680203045685
0.0990990990990991,0.1410232702126461,0.07714899997555755,0.8195876288659794,0.0990990990990991,0.8578680203045685
0.10010010010010009,0.14263224796273585,0.07813071204855962,0.8176546391752577,0.10010010010010009,0.8578680203045685
0.1011011011011011,0.1444574030675286,0.07923948500149094,0.8163659793814433,0.1011011011011011,0.8578680203045685
0.1021021021021021,0.1462395351324436,0.08032570595767313,0.8150773195876289,0.1021021021021021,0.8578680203045685
0.1031031031031031,0.1478489203089144,0.08131071537776945,0.8137886597938144,0.1031031031031031,0.8578680203045685
0.1041041041041041,0.14984689115251607,0.08254086616147238,0.8118556701030928,0.1041041041041041,0.8578680203045685
0.10510510510510511,0.1512248593572606,0.08339829337342827,0.8099226804123711,0.10510510510510511,0.8578680203045685
0.1061061061061061,0.15331498906297372,0.08469265488468558,0.8079896907216495,0.1061061061061061,0.8578680203045685
0.10710710710710711,0.15485467329464636,0.08565510340137032,0.8060567010309279,0.10710710710710711,0.8578680203045685
0.10810810810810811,0.15651862957618579,0.08671187542516653,0.8028350515463918,0.10810810810810811,0.8578680203045685
0.1091091091091091,0.15876392296187025,0.08809226474052936,0.8028350515463918,0.1091091091091091,0.8557213930348259
0.11011011011011011,0.16093508517059948,0.08943115920619318,0.8028350515463918,0.11011011011011011,0.8557213930348259
0.1111111111111111,0.16272574565673698,0.09057133633427393,0.8002577319587629,0.1111111111111111,0.8529411764705882
0.11211211211211211,0.16428495088550332,0.09155533247500544,0.7989690721649485,0.11211211211211211,0.8529411764705882
0.11311311311311312,0.16611416288021857,0.09271229066441623,0.7975396594024873,0.11311311311311312,0.8504273504273504
0.11411411411411411,0.16824157521962482,0.09404666093455427,0.7970360824742269,0.11411411411411411,0.8504273504273504
0.11511511511511512,0.1698508106719352,0.09507186154510822,0.7957474226804123,0.11511511511511512,0.8504273504273504
0.11611611611611611,0.17157267397046463,0.0961898774196405,0.7931701030927835,0.11611611611611611,0.8504273504273504
0.11711711711711711,0.17390934095366864,0.09766119764762571,0.7931701030927835,0.11711711711711711,0.8504273504273504
0.11811811811811812,0.17551441229678902,0.09870467906348775,0.7912371134020618,0.11811811811811812,0.8504273504273504
0.11911911911911911,0.17757702693608912,0.10001125649095846,0.7912371134020618,0.11911911911911911,0.8504273504273504
0.12012012012012012,0.17961902145255984,0.10134033321892727,0.7893041237113402,0.12012012012012012,0.8504273504273504
0.12112112112112113,0.18138913789517136,0.10250134593559315,0.7873711340206185,0.12112112112112113,0.8504273504273504
0.12212212212212212,0.18339011041894368,0.10381479129293801,0.7854381443298969,0.12212212212212212,0.8504273504273504
0.12312312312312312,0.1852687594394709,0.10505512266845948,0.7835051546391752,0.12312312312312312,0.8504273504273504
0.12412412412412413,0.18752121128651247,0.10652983502813192,0.7822164948453608,0.12412412412412413,0.8504273504273504
0.12512512512512514,0.18931154521043486,0.10771140429675428,0.7809278350515464,0.12512512512512514,0.8504273504273504
0.12612612612612611,0.19163421825713872,0.10923035842036732,0.7802835051546392,0.12612612612612611,0.8504273504273504
0.12712712712712712,0.19385992437545083,0.11069192319520116,0.779639175257732,0.12712712712712712,0.8504273504273504
0.12812812812812813,0.19581107605599413,0.1119793081978574,0.7789948453608248,0.12812812812812813,0.8504273504273504
0.12912912912912913,0.19755496973692482,0.1131896759034903,0.7757731958762887,0.12912912912912913,0.8416666666666667
0.13013013013013014,0.19975535319896864,0.11463668890006125,0.7757731958762887,0.13013013013013014,0.8416666666666667
0.13113113113113112,0.20147208528150556,0.1157976722929122,0.7744845360824743,0.13113113113113112,0.8401639344262295
0.13213213213213212,0.20309709010850693,0.11690199994505658,0.7731958762886598,0.13213213213213212,0.8393574297188755
0.13313313313313313,0.2049251457609493,0.1181450926249066,0.7719072164948454,0.13313313313313313,0.8393574297188755
0.13413413413413414,0.20685847191318513,0.11947857545723482,0.7699742268041238,0.13413413413413414,0.8393574297188755
0.13513513513513514,0.20864442393563304,0.12073533101434636,0.7673969072164949,0.13513513513513514,0.8372093023255814
0.13613613613613612,0.21092202406537233,0.12227965246723199,0.7667525773195877,0.13613613613613612,0.8372093023255814
0.13713713713713713,0.21237697577909206,0.12330883790753214,0.7648195876288659,0.13713713713713713,0.8372093023255814
0.13813813813813813,0.21428203323009692,0.1246465824446261,0.7628865979381443,0.13813813813813813,0.8372093023255814
0.13913913913913914,0.21628006812240744,0.12605367346635257,0.7609536082474226,0.13913913913913914,0.8372093023255814
0.14014014014014015,0.2181607236126945,0.12736933694656966,0.7596649484536082,0.14014014014014015,0.8371212121212122
0.14114114114114115,0.2204181718425532,0.12891096132239158,0.7596649484536082,0.14114114114114115,0.8371212121212122
0.14214214214214213,0.22168238936646567,0.12988471177551114,0.7559830757377534,0.14214214214214213,0.8371212121212122
0.14314314314314314,0.2233572287724165,0.13109991351331884,0.7538659793814433,0.14314314314314314,0.8339483394833949
0.14414414414414414,0.22543233122222883,0.13257193261793368,0.7525773195876289,0.14414414414414414,0.8339483394833949
0.14514514514514515,0.2270461088382372,0.1337302963525788,0.7512886597938144,0.14514514514514515,0.8339483394833949
0.14614614614614616,0.22883024412811817,0.13505346071800373,0.7487113402061856,0.14614614614614616,0.8339100346020761
0.14714714714714713,0.23082997343738837,0.13653472220045426,0.7461340206185567,0.14714714714714713,0.8339100346020761
0.14814814814814814,0.2328636343101632,0.13798208878458024,0.7454896907216495,0.14814814814814814,0.8339100346020761
0.14914914914914915,0.23443271646691777,0.1391753836295471,0.7429123711340206,0.14914914914914915,0.8339100346020761
0.15015015015015015,0.23592579725962787,0.14034446969343917,0.7396907216494846,0.15015015015015015,0.8339100346020761
0.15115115115115116,0.23761170064964557,0.14161025643494426,0.7377577319587629,0.15115115115115116,0.8339100346020761
0.15215215215215216,0.23942024345244586,0.1429453147193903,0.7364690721649485,0.15215215215215216,0.8339100346020761
0.15315315315315314,0.2419550918153212,0.1447666097124679,0.7362000167844921,0.15315315315315314,0.8339100346020761
0.15415415415415415,0.24324339511332596,0.14583166112040222,0.7326030927835051,0.15415415415415415,0.8339100346020761
0.15515515515515516,0.24487608288771215,0.147085005880368,0.7306701030927835,0.15515515515515516,0.8339100346020761
0.15615615615615616,0.24715200763904233,0.14875703197904433,0.7300257731958762,0.15615615615615616,0.8333333333333334
0.15715715715715717,0.24859196337906192,0.14985594154929763,0.7287371134020618,0.15715715715715717,0.8333333333333334
0.15815815815815815,0.25045072485383824,0.1512367056288903,0.7280927835051546,0.15815815815815815,0.8322147651006712
0.15915915915915915,0.2527176164288106,0.1529214824107032,0.7274484536082474,0.15915915915915915,0.8322147651006712
0.16016016016016016,0.2545711347518315,0.15430994467166065,0.7268041237113402,0.16016016016016016,0.8245033112582781
0.16116116116116116,0.25655017010481124,0.15585571934198775,0.7248711340206185,0.16116116116116116,0.8227848101265823
0.16216216216216217,0.2589160110555081,0.15763597188171724,0.7242268041237113,0.16216216216216217,0.8227848101265823
0.16316316316316315,0.26118337406318765,0.15938258889592177,0.7229381443298969,0.16316316316316315,0.8227848101265823
0.16416416416416416,0.26338744175972684,0.1610591685127011,0.7222938144329897,0.16416416416416416,0.8227848101265823
0.16516516516516516,0.26589714502176426,0.1629400302768505,0.7222938144329897,0.16516516516516516,0.8227848101265823
0.16616616616616617,0.26729739239448436,0.16412635430510092,0.7197164948453608,0.16616616616616617,0.8227848101265823
0.16716716716716717,0.26962728091749866,0.16598972477182425,0.7177835051546392,0.16716716716716717,0.8227848101265823
0.16816816816816815,0.2718450662483571,0.1677091917839769,0.717139175257732,0.16816816816816815,0.821875
0.16916916916916916,0.2737004935098865,0.16919563767962725,0.7158505154639175,0.16916916916916916,0.821875
0.17017017017017017,0.2752577511103788,0.17049731289023023,0.7139175257731959,0.17017017017017017,0.8209876543209876
0.17117117117117117,0.27718103169194785,0.17201301446980571,0.7132731958762887,0.17117117117117117,0.8209876543209876
0.17217217217217218,0.27868784937123986,0.17321317180551288,0.7126288659793815,0.17217217217217218,0.8195718654434251
0.17317317317317318,0.28046046688402193,0.1746623381323467,0.711340206185567,0.17317317317317318,0.8194842406876791
0.17417417417417416,0.2820084297793703,0.1759436435030751,0.7100515463917526,0.17417417417417416,0.8194842406876791
0.17517517517517517,0.28459471559739885,0.17804275978178707,0.7087628865979382,0.17517517517517517,0.8194842406876791
0.17617617617617617,0.28642464751083085,0.17960183794450188,0.7068298969072165,0.17617617617617617,0.8194842406876791
0.17717717717717718,0.2875607601680105,0.1807499907983655,0.7029639175257731,0.17717717717717718,0.8194842406876791
0.1781781781781782,0.2888096591149974,0.18195453061216818,0.6997422680412371,0.1781781781781782,0.8194842406876791
0.17917917917917917,0.28941805444692864,0.1827468660858802,0.6952319587628866,0.17917917917917917,0.8194842406876791
0.18018018018018017,0.29133158733602665,0.1843661292458539,0.6939432989690721,0.18018018018018017,0.8194842406876791
0.18118118118118118,0.29374041220659064,0.186299777255896,0.6939432989690721,0.18118118118118118,0.8194842406876791
0.18218218218218218,0.29629097675507343,0.18840403299630015,0.6932989690721649,0.18218218218218218,0.8194842406876791
0.1831831831831832,0.2979747198217953,0.18981606941729756,0.6926546391752577,0.1831831831831832,0.8194842406876791
0.1841841841841842,0.29930392180287096,0.19104350412443963,0.6907216494845361,0.1841841841841842,0.8194842406876791
0.18518518518518517,0.30132473022743306,0.19279374204147717,0.6894329896907216,0.18518518518518517,0.8189415041782729
0.18618618618618618,0.303093565246011,0.1943468800890893,0.6881443298969072,0.18618618618618618,0.8189415041782729
0.1871871871871872,0.30479182684974643,0.19595512840166834,0.6855670103092784,0.1871871871871872,0.8189415041782729
0.1881881881881882,0.30598778078482397,0.19710501046060191,0.6836340206185567,0.1881881881881882,0.8189415041782729
0.1891891891891892,0.3083010672280791,0.19908364171340429,0.6829896907216495,0.1891891891891892,0.8189415041782729
0.19019019019019018,0.30961063043296944,0.20039961489239147,0.6804123711340206,0.19019019019019018,0.8181818181818182
0.19119119119119118,0.31082854902018087,0.20153449886139013,0.6791237113402062,0.19119119119119118,0.8181818181818182
0.1921921921921922,0.3119278839725075,0.20268997205278844,0.6765463917525774,0.1921921921921922,0.8181818181818182
0.1931931931931932,0.3141551847324211,0.20469302209488793,0.6752577319587629,0.1931931931931932,0.8181818181818182
0.1941941941941942,0.3161662827113686,0.20646419757244103,0.6746134020618557,0.1941941941941942,0.8181818181818182
0.19519519519519518,0.3181690684833552,0.20836041458375545,0.6726804123711341,0.19519519519519518,0.8181818181818182
0.1961961961961962,0.3198177991607986,0.20996553197734155,0.6707474226804123,0.1961961961961962,0.8181818181818182
0.1971971971971972,0.3219559445412316,0.21181253588663343,0.6707474226804123,0.1971971971971972,0.8164893617021277
0.1981981981981982,0.324070160751839,0.21384336170588236,0.6688144329896907,0.1981981981981982,0.814621409921671
0.1991991991991992,0.3249575517099485,0.21489538106328449,0.666123613181173,0.1991991991991992,0.814621409921671
0.20020020020020018,0.3264916876124457,0.2163734081725135,0.664853734886481,0.20020020020020018,0.814621409921671
0.2012012012012012,0.3280055800449037,0.21783873549378646,0.6636116461438685,0.2012012012012012,0.8081841432225064
0.2022022022022022,0.3297293463051374,0.21956870221708585,0.6617268041237113,0.2022022022022022,0.8081841432225064
0.2032032032032032,0.3310629068661871,0.22096893813300214,0.6597938144329897,0.2032032032032032,0.8081841432225064
0.2042042042042042,0.33319697858740277,0.22302190981281703,0.6585051546391752,0.2042042042042042,0.806615776081425
0.20520520520520522,0.3346268895570595,0.22468128571139673,0.6552835051546392,0.20520520520520522,0.8055555555555556
0.2062062062062062,0.33696182094308136,0.22694641507089347,0.6539948453608248,0.2062062062062062,0.805
0.2072072072072072,0.33856735183460357,0.22864212278569052,0.6520618556701031,0.2072072072072072,0.805
0.2082082082082082,0.34095905085050543,0.23090991056469493,0.6514175257731959,0.2082082082082082,0.7960687960687961
0.2092092092092092,0.3429281753835624,0.23288480361149366,0.6501288659793815,0.2092092092092092,0.7907542579075426
0.21021021021021022,0.34466016284522616,0.23482232799033287,0.6475515463917526,0.21021021021021022,0.7903614457831325
0.2112112112112112,0.34703883467467433,0.23712263703728337,0.6469072164948454,0.2112112112112112,0.7903614457831325
0.2122122122122122,0.34861445865193924,0.23886032176306238,0.6449742268041238,0.2122122122122122,0.7867298578199052
0.2132132132132132,0.34988099965703934,0.24041008800094518,0.6423969072164949,0.2132132132132132,0.7867298578199052
0.21421421421421422,0.35125434120139243,0.24198359198357305,0.6404639175257731,0.21421421421421422,0.785377358490566
0.21521521521521522,0.3529517713185149,0.24378468290207256,0.6391752577319587,0.21521521521521522,0.7845433255269321
0.21621621621621623,0.3545640745094821,0.2456116854059527,0.6372422680412371,0.21621621621621623,0.7819025522041764
0.2172172172172172,0.3558276940395578,0.24721491025095974,0.6346649484536082,0.2172172172172172,0.7788018433179723
0.2182182182182182,0.35697104659474727,0.24871685960654574,0.6320876288659794,0.2182182182182182,0.7744874715261959
0.21921921921921922,0.35843931438010945,0.2503471085107343,0.6307989690721649,0.21921921921921922,0.7732426303854876
0.22022022022022023,0.3593272101620308,0.25155314959225533,0.6286720277962305,0.22022022022022023,0.7724288840262582
0.22122122122122123,0.36140662529322093,0.2538801739834927,0.6269329896907216,0.22122122122122123,0.7724288840262582
0.2222222222222222,0.36273020896337593,0.2556179298833137,0.6243556701030928,0.2222222222222222,0.7724288840262582
0.22322322322322322,0.36570389764336647,0.25858140154486087,0.6243556701030928,0.22322322322322322,0.7724288840262582
0.22422422422422422,0.36708359027004245,0.26029973035495524,0.6224226804123711,0.22422422422422422,0.7724288840262582
0.22522522522522523,0.36884610122777683,0.26219016948814705,0.6217783505154639,0.22522522522522523,0.7724288840262582
0.22622622622622623,0.3694714144244084,0.2633922000048437,0.6186131953575541,0.22622622622622623,0.7724288840262582
0.2272272272272272,0.37120316881258514,0.26540381964836757,0.6172680412371134,0.2272272272272272,0.7724288840262582
0.22822822822822822,0.3734913710702589,0.2677494954513929,0.6172680412371134,0.22822822822822822,0.7705627705627706
0.22922922922922923,0.3744980917934704,0.26903053482389233,0.615979381443299,0.22922922922922923,0.7705627705627706
0.23023023023023023,0.3768210599182278,0.27143465034639425,0.615979381443299,0.23023023023023023,0.7682403433476395
0.23123123123123124,0.37768895679336173,0.27258887578412844,0.6146907216494846,0.23123123123123124,0.7654584221748401
0.23223223223223222,0.37963473182349045,0.27474939603453047,0.6140463917525774,0.23223223223223222,0.7637130801687764
0.23323323323323322,0.3811164616652198,0.276566004980131,0.6127577319587629,0.23323323323323322,0.7637130801687764
0.23423423423423423,0.3820872271152879,0.2779881181695742,0.6108247422680413,0.23423423423423423,0.7551867219917012
0.23523523523523523,0.3831824088891642,0.2795546393951867,0.6088917525773195,0.23523523523523523,0.7549019607843137
0.23623623623623624,0.3848835558937965,0.2816452672313913,0.6076030927835051,0.23623623623623624,0.7549019607843137
0.23723723723723725,0.38623956563073875,0.2833805122292693,0.6063144329896907,0.23723723723723725,0.7549019607843137
0.23823823823823823,0.387640087848404,0.28517628425022257,0.6050257731958762,0.23823823823823823,0.7549019607843137
0.23923923923923923,0.3879900058914341,0.28627852298385253,0.6018041237113402,0.23923923923923923,0.7549019607843137
0.24024024024024024,0.3887905627955508,0.28759324913192447,0.5998711340206185,0.24024024024024024,0.7549019607843137
0.24124124124124124,0.3899477760304498,0.28916122274116507,0.5985824742268041,0.24124124124124124,0.7549019607843137
0.24224224224224225,0.39112992723277007,0.29107399555594216,0.5960051546391752,0.24224224224224225,0.7549019607843137
0.24324324324324323,0.39293215077353233,0.2932307453661107,0.595360824742268,0.24324324324324323,0.7549019607843137
0.24424424424424424,0.394248671093142,0.2950163021640179,0.5940721649484536,0.24424424424424424,0.7549019607843137
0.24524524524524524,0.39534166884528443,0.2965635343427802,0.5927835051546392,0.24524524524524524,0.7549019607843137
0.24624624624624625,0.3959158489995052,0.29786235687537616,0.5902061855670103,0.24624624624624625,0.7549019607843137
0.24724724724724725,0.3968602143252658,0.2992643608465975,0.5889175257731959,0.24724724724724725,0.7549019607843137
0.24824824824824826,0.3981562651271818,0.30107794740526334,0.5876288659793815,0.24824824824824826,0.7542857142857143
0.24924924924924924,0.4002031902818664,0.3035971079709915,0.5869845360824743,0.24924924924924924,0.7542857142857143
0.2502502502502503,0.40198956370913486,0.306184707050778,0.5850515463917526,0.2502502502502503,0.7542857142857143
0.25125125125125125,0.4037505063187847,0.30841175662650466,0.5844072164948454,0.25125125125125125,0.7542857142857143
0.25225225225225223,0.4052247012631934,0.31049959129586596,0.583118556701031,0.25225225225225223,0.7542857142857143
0.25325325325325326,0.40673730244378437,0.31228150303793806,0.5831108727337004,0.25325325325325326,0.7542857142857143
0.25425425425425424,0.4078877558340609,0.31401173766739826,0.5818298969072165,0.25425425425425424,0.7542857142857143
0.2552552552552553,0.40949494800602004,0.31611114545217023,0.5811855670103093,0.2552552552552553,0.7533206831119544
0.25625625625625625,0.4105458081656321,0.3179447099750992,0.5792525773195877,0.25625625625625625,0.7509433962264151
0.25725725725725723,0.41102934671169017,0.3193098411147141,0.5766752577319587,0.25725725725725723,0.7504690431519699
0.25825825825825827,0.4117834353655071,0.32102122135385847,0.5740979381443299,0.25825825825825827,0.7504621072088724
0.25925925925925924,0.4130154819629282,0.3231389157855196,0.5721513792018056,0.25925925925925924,0.7504621072088724
0.2602602602602603,0.41393236191186106,0.32467382125687144,0.5708762886597938,0.2602602602602603,0.7504621072088724
0.26126126126126126,0.41487215731257543,0.3260419644663866,0.5702319587628866,0.26126126126126126,0.7504621072088724
0.26226226226226224,0.4151507055123649,0.3271380308483151,0.5679514145791803,0.26226226226226224,0.7472727272727273
0.26326326326326327,0.41571243977160977,0.32880150610008246,0.5650773195876289,0.26326326326326327,0.7472727272727273
0.26426426426426425,0.4175722435813597,0.33135614443641426,0.5644329896907216,0.26426426426426425,0.7472727272727273
0.2652652652652653,0.4187169570276832,0.33334884762026906,0.5628615194476762,0.2652652652652653,0.7468354430379747
0.26626626626626626,0.41991811971613774,0.3354608979466213,0.5612113402061856,0.26626626626626626,0.7423971377459749
0.26726726726726724,0.4207938076356312,0.3372791371814206,0.5592783505154639,0.26726726726726724,0.7423971377459749
0.2682682682682683,0.4206721295430221,0.3380662467079774,0.5567010309278351,0.2682682682682683,0.7354497354497355
0.26926926926926925,0.4207573738500476,0.33913456342853365,0.5541237113402062,0.26926926926926925,0.7346221441124781
0.2702702702702703,0.42215098790551325,0.34094896913563677,0.5541237113402062,0.2702702702702703,0.7329842931937173
0.27127127127127126,0.4224264443133212,0.3425423092509781,0.5509020618556701,0.27127127127127126,0.7326388888888888
0.27227227227227224,0.4242846570013662,0.3452458992975442,0.5502577319587629,0.27227227227227224,0.7318339100346021
0.2732732732732733,0.4242364708524745,0.34656544344918416,0.546778556469581,0.2732732732732733,0.7307032590051458
0.27427427427427425,0.42463707688848934,0.3477790373745641,0.5451030927835051,0.27427427427427425,0.7307032590051458
0.2752752752752753,0.4268274584259198,0.35072720627565085,0.5451030927835051,0.2752752752752753,0.7303754266211604
0.27627627627627627,0.42911133922971584,0.3538220263832578,0.5451030927835051,0.27627627627627627,0.7295918367346939
0.2772772772772773,0.43069532712284286,0.35598103026826894,0.5451030927835051,0.2772772772772773,0.7292724196277496
0.2782782782782783,0.4322853793942916,0.3589981825270318,0.5431701030927835,0.2782782782782783,0.7277310924369748
0.27927927927927926,0.43347527667714875,0.3609270634481115,0.5425257731958762,0.27927927927927926,0.7269681742043551
0.2802802802802803,0.43368876670420126,0.36179672733376383,0.5412371134020618,0.2802802802802803,0.7262103505843072
0.28128128128128127,0.43413708949348356,0.3630012950519927,0.5399484536082474,0.28128128128128127,0.7229508196721312
0.2822822822822823,0.4358823513794011,0.3657440146710338,0.5393041237113402,0.2822822822822823,0.7229508196721312
0.2832832832832833,0.43735300949475847,0.36781965680348944,0.5393041237113402,0.2832832832832833,0.7229508196721312
0.28428428428428426,0.43775803056796625,0.36924277525242366,0.5374931769792044,0.28428428428428426,0.7222222222222222
0.2852852852852853,0.4389883628067964,0.3710550142139553,0.5373711340206185,0.2852852852852853,0.7219512195121951
0.2862862862862863,0.4401582582525654,0.37335226318622694,0.5360824742268041,0.2862862862862863,0.7184
0.2872872872872873,0.4403653037826509,0.3745951412154783,0.5341494845360825,0.2872872872872873,0.7184
0.2882882882882883,0.4418634815612229,0.3771594761991826,0.5333655986585069,0.2882882882882883,0.7184
0.28928928928928926,0.4421138179175821,0.37875533395974736,0.5309278350515464,0.28928928928928926,0.7184
0.2902902902902903,0.4431619467593886,0.3809603616400046,0.529639175257732,0.2902902902902903,0.7080062794348508
0.2912912912912913,0.4423177203254102,0.38178985003919735,0.5256532884549943,0.2912912912912913,0.703416149068323
0.2922922922922923,0.4426080784798847,0.38318709037516885,0.523840206185567,0.2922922922922923,0.7027863777089783
0.2932932932932933,0.4434073879773904,0.38473454790095196,0.5231958762886598,0.2932932932932933,0.6998468606431854
0.29429429429429427,0.4440179080071017,0.3867118042900878,0.5212628865979382,0.29429429429429427,0.6998468606431854
0.2952952952952953,0.4444376386724429,0.388423338100368,0.5193298969072165,0.2952952952952953,0.6996951219512195
0.2962962962962963,0.44620098545203085,0.39149136961690467,0.5186855670103093,0.2962962962962963,0.6980273141122914
0.2972972972972973,0.44742121059816903,0.3938450336029083,0.5178687919884392,0.2972972972972973,0.6968325791855203
0.2982982982982983,0.4481965931575917,0.3954590528551027,0.5171645015886628,0.2982982982982983,0.6962406015037594
0.29929929929929927,0.446745476396761,0.3955548833117988,0.5131552829411912,0.29929929929929927,0.6928783382789317
0.3003003003003003,0.4451956419778531,0.39570474693748153,0.5088358766733291,0.3003003003003003,0.6928783382789317
0.3013013013013013,0.444536125334902,0.39611534199022047,0.5064432989690721,0.3013013013013013,0.6915204678362573
0.3023023023023023,0.4448492722678804,0.3974068390382634,0.5051546391752577,0.3023023023023023,0.6915204678362573
0.3033033033033033,0.4438178187321188,0.39776365728252644,0.5019329896907216,0.3033033033033033,0.6915204678362573
0.30430430430430433,0.44452356179505625,0.39971650794599334,0.5006443298969072,0.30430430430430433,0.6915204678362573
0.3053053053053053,0.4464220450030014,0.4032151578411589,0.5,0.3053053053053053,0.6909620991253644
0.3063063063063063,0.44745959919222866,0.4057602846834622,0.49871134020618557,0.3063063063063063,0.6833810888252149
0.3073073073073073,0.4486845125096241,0.4082110777479721,0.49806701030927836,0.3073073073073073,0.6833810888252149
0.3083083083083083,0.44974051082054806,0.41040018334209427,0.49742268041237114,0.3083083083083083,0.6813655761024182
0.30930930930930933,0.447958381690235,0.41096675241666714,0.49226804123711343,0.30930930930930933,0.6793785310734464
0.3103103103103103,0.4490486771095759,0.4132600067735386,0.49162371134020616,0.3103103103103103,0.6792717086834734
0.3113113113113113,0.4516598575823678,0.4177048336468876,0.49162371134020616,0.3113113113113113,0.6792717086834734
0.3123123123123123,0.45309699128058095,0.42016984474062075,0.49162371134020616,0.3123123123123123,0.6792717086834734
0.3133133133133133,0.4539616921433139,0.42213459725015456,0.49097938144329895,0.3133133133133133,0.6786703601108033
0.31431431431431434,0.4534814952505347,0.4237063464921138,0.4877577319587629,0.31431431431431434,0.6786703601108033
0.3153153153153153,0.45348699440177126,0.42518554772276557,0.48582474226804123,0.3153153153153153,0.6786703601108033
0.3163163163163163,0.45358201651501123,0.4261740488871587,0.48475758988865414,0.3163163163163163,0.6763085399449036
0.3173173173173173,0.454617973989014,0.4286840694210489,0.4838917525773196,0.3173173173173173,0.6761904761904762
0.3183183183183183,0.4546075089119674,0.4291723810495552,0.4832474226804124,0.3183183183183183,0.6761904761904762
0.31931931931931934,0.45556041523674157,0.4313875992741303,0.48260309278350516,0.31931931931931934,0.6761904761904762
0.3203203203203203,0.45674995986834255,0.43457109062349597,0.48131443298969073,0.3203203203203203,0.6733870967741935
0.3213213213213213,0.4558903179176597,0.4361602664345524,0.4774899500294036,0.3213213213213213,0.6733870967741935
0.32232232232232233,0.4571471363942134,0.4385018459823374,0.47744845360824745,0.32232232232232233,0.6733870967741935
0.3233233233233233,0.45722704653554946,0.4404825952172782,0.47529484650197446,0.3233233233233233,0.6729222520107239
0.32432432432432434,0.45626286520288595,0.44072344110207295,0.4729381443298969,0.32432432432432434,0.6675496688741722
0.3253253253253253,0.45656353537584793,0.44298116733493703,0.47100515463917525,0.3253253253253253,0.667107001321004
0.3263263263263263,0.4574698662434852,0.44526665196740484,0.47036082474226804,0.3263263263263263,0.6632124352331606
0.32732732732732733,0.45823274542387554,0.44729711085622376,0.4697164948453608,0.32732732732732733,0.6632124352331606
0.3283283283283283,0.4594328639813153,0.44958987076748563,0.4697164948453608,0.3283283283283283,0.6632124352331606
0.32932932932932935,0.46043460664601515,0.45210940293799584,0.4690721649484536,0.32932932932932935,0.6632124352331606
0.3303303303303303,0.45998885450468935,0.4530541281820587,0.46713917525773196,0.3303303303303303,0.6627906976744186
0.3313313313313313,0.4604343533646883,0.4557594209394036,0.4652061855670103,0.3313313313313313,0.6594110115236875
0.33233233233233234,0.4621705286996381,0.4598036943116943,0.4645618556701031,0.33233233233233234,0.6590038314176245
0.3333333333333333,0.46235535357762536,0.462082164393193,0.46262886597938147,0.3333333333333333,0.6565656565656566
0.33433433433433435,0.46305147030942895,0.4646826543607624,0.46143169814935914,0.33433433433433435,0.6565656565656566
0.3353353353353353,0.4621244152976414,0.4648242065204267,0.4594558048171575,0.3353353353353353,0.6545226130653267
0.3363363363363363,0.46278226729880795,0.46688093147988885,0.45875493974557274,0.3363363363363363,0.6533166458072591
0.33733733733733734,0.46292429672636126,0.46918350144503396,0.4568298969072165,0.33733733733733734,0.6485148514851485
0.3383383383383383,0.4628382342021459,0.4703728078697221,0.45554123711340205,0.3383383383383383,0.6477832512315271
0.33933933933933935,0.4636868310168602,0.4728231415060175,0.45489690721649484,0.33933933933933935,0.645909645909646
0.34034034034034033,0.46312172024937165,0.4737455551831064,0.4529639175257732,0.34034034034034033,0.645909645909646
0.34134134134134136,0.4638839250872959,0.476055102286379,0.452319587628866,0.34134134134134136,0.6408706166868199
0.34234234234234234,0.4643807653870345,0.4778217675710382,0.45167525773195877,0.34234234234234234,0.6394230769230769
0.3433433433433433,0.46427681699225304,0.4797821810457728,0.4497422680412371,0.3433433433433433,0.636038186157518
0.34434434434434436,0.4626141258577604,0.479911093491482,0.44652061855670105,0.34434434434434436,0.6225319396051103
0.34534534534534533,0.4617143606720013,0.47946402720378833,0.44523195876288657,0.34534534534534533,0.6225319396051103
0.34634634634634637,0.4619823042239147,0.4807935513128361,0.44458762886597936,0.34634634634634637,0.6176808266360505
0.34734734734734735,0.46201933696656333,0.48239052839813246,0.44329896907216493,0.34734734734734735,0.6164383561643836
0.3483483483483483,0.4620615236632557,0.4840183786809857,0.4420103092783505,0.3483483483483483,0.6154721274175199
0.34934934934934936,0.4622599938279875,0.485394509548181,0.4412303955894478,0.34934934934934936,0.6096196868008948
0.35035035035035034,0.4618087893616576,0.4865855854565618,0.43943298969072164,0.35035035035035034,0.6096196868008948
0.35135135135135137,0.46146907554699745,0.4882167417560482,0.4375,0.35135135135135137,0.6084538375973304
0.35235235235235235,0.46166295103177807,0.49026864171127577,0.43621134020618557,0.35235235235235235,0.6084538375973304
0.3533533533533533,0.4628532143224245,0.4929611156462173,0.43621134020618557,0.3533533533533533,0.6068281938325991
0.35435435435435436,0.46172334074513643,0.4937037727724084,0.4336340206185567,0.35435435435435436,0.6068281938325991
0.35535535535535534,0.46171692212377985,0.4957623322122062,0.4320470235862264,0.35535535535535534,0.605927552140505
0.3563563563563564,0.4620024699363471,0.4977351143618145,0.43105670103092786,0.3563563563563564,0.6008676789587852
0.35735735735735735,0.4617953554296079,0.49898054652350265,0.42976804123711343,0.35735735735735735,0.6
0.35835835835835833,0.4611536919164323,0.5018724785348609,0.4265463917525773,0.35835835835835833,0.5970307529162248
0.35935935935935936,0.46222775518141845,0.5053277608227507,0.4259020618556701,0.35935935935935936,0.5970307529162248
0.36036036036036034,0.4632996067623417,0.507896946286743,0.4259020618556701,0.36036036036036034,0.5970307529162248
0.3613613613613614,0.4641525893311882,0.5108784782520823,0.4252577319587629,0.3613613613613614,0.5970307529162248
0.36236236236236236,0.4637782831865014,0.5131376191532442,0.4230815507233034,0.36236236236236236,0.5970307529162248
0.36336336336336333,0.46394932254300686,0.5151054677839495,0.4220360824742268,0.36336336336336333,0.5918580375782881
0.36436436436436437,0.463278317647622,0.5168509191512207,0.41976849766666724,0.36436436436436437,0.5918580375782881
0.36536536536536535,0.4630791961178533,0.5197899770444266,0.4175257731958763,0.36536536536536535,0.5898234683281413
0.3663663663663664,0.4641506040629797,0.5235101290541183,0.4168814432989691,0.3663663663663664,0.5897959183673469
0.36736736736736736,0.46429732524375084,0.5238835748534432,0.4168814432989691,0.36736736736736736,0.5897959183673469
0.3683683683683684,0.46515686152649777,0.5260773036903073,0.4168814432989691,0.3683683683683684,0.5897959183673469
0.36936936936936937,0.46627782326936024,0.5289536673468277,0.4168814432989691,0.36936936936936937,0.5897959183673469
0.37037037037037035,0.4666690705906761,0.5310066945675963,0.4162371134020619,0.37037037037037035,0.5897959183673469
0.3713713713713714,0.4668346542391007,0.5324897141501698,0.41559278350515466,0.3713713713713714,0.5897959183673469
0.37237237237237236,0.46550644742036895,0.5322120168113145,0.41365979381443296,0.37237237237237236,0.5897959183673469
0.3733733733733734,0.46373010799985126,0.5318437234748559,0.4110824742268041,0.3733733733733734,0.5888888888888889
0.3743743743743744,0.4639938388607016,0.5347163264502196,0.4097938144329897,0.3743743743743744,0.5888888888888889
0.37537537537537535,0.4623900250858589,0.5343979151854391,0.4074833440822443,0.37537537537537535,0.5888888888888889
0.3763763763763764,0.4620623187997179,0.5350934293340894,0.4065721649484536,0.3763763763763764,0.5838323353293413
0.37737737737737737,0.4610464200539123,0.5351323417136725,0.40497940596196985,0.37737737737737737,0.5813492063492064
0.3783783783783784,0.4612851607365366,0.5375090633716331,0.40399484536082475,0.3783783783783784,0.5798816568047337
0.3793793793793794,0.4604121069666213,0.539734535141556,0.4014175257731959,0.3793793793793794,0.5769980506822612
0.38038038038038036,0.46102814616600024,0.5441422327919421,0.3999399879582062,0.38038038038038036,0.5769980506822612
0.3813813813813814,0.4607791544550547,0.5454929260449465,0.39884020618556704,0.3813813813813814,0.5769980506822612
0.38238238238238237,0.4602305114332306,0.5475947713146765,0.39690721649484534,0.38238238238238237,0.5766990291262136
0.3833833833833834,0.4601136370455719,0.5484936864528718,0.3962628865979381,0.3833833833833834,0.5758454106280193
0.3843843843843844,0.45968139529862445,0.5493958062536923,0.3951541126863532,0.3843843843843844,0.5672348484848485
0.38538538538538536,0.4599266302922077,0.5517022340088544,0.3943298969072165,0.38538538538538536,0.5672348484848485
0.3863863863863864,0.4590019910428594,0.5523017672270003,0.392668842571587,0.3863863863863864,0.5644402634054563
0.38738738738738737,0.4588659080481074,0.5550206136203509,0.3911082474226804,0.38738738738738737,0.5636704119850188
0.3883883883883884,0.4592879111848709,0.5588847125644201,0.389819587628866,0.3883883883883884,0.5604089219330854
0.3893893893893894,0.45952856899019023,0.5636610832926673,0.38787189924209486,0.3893893893893894,0.5591497227356746
0.39039039039039036,0.45861214830272257,0.564972230316099,0.3859536082474227,0.39039039039039036,0.559040590405904
0.3913913913913914,0.4577283075838393,0.5664511242755421,0.38402061855670105,0.3913913913913914,0.5547445255474452
0.3923923923923924,0.4590523513937575,0.5705239770083134,0.38402061855670105,0.3923923923923924,0.5529411764705883
0.3933933933933934,0.46030406019176895,0.5744065494043917,0.38402061855670105,0.3933933933933934,0.5529411764705883
0.3943943943943944,0.4600191060740593,0.5766374224973786,0.38263546442337876,0.3943943943943944,0.549686660698299
0.39539539539539537,0.45841682972789494,0.576408404726664,0.3805232160689144,0.39539539539539537,0.549686660698299
0.3963963963963964,0.458213986804565,0.5796035868630421,0.3788659793814433,0.3963963963963964,0.5485307212822796
0.3973973973973974,0.4575068791513631,0.5803645930646526,0.37757731958762886,0.3973973973973974,0.5469858156028369
0.3983983983983984,0.4575487354665691,0.5820289447554686,0.37693298969072164,0.3983983983983984,0.5468197879858657
0.3993993993993994,0.45854339618460194,0.5868189561620895,0.37628865979381443,0.3993993993993994,0.544259421560035
0.40040040040040037,0.45648485348410045,0.5879507309673317,0.37306701030927836,0.40040040040040037,0.5441819772528433
0.4014014014014014,0.4563203778282563,0.5886803483736308,0.3725545325851601,0.4014014014014014,0.5398613518197574
0.4024024024024024,0.45505170092127595,0.5892402644230442,0.3706443180404701,0.4024024024024024,0.5396551724137931
0.4034034034034034,0.4530884937850476,0.5878858135227457,0.3685768845398315,0.4034034034034034,0.5381974248927038
0.4044044044044044,0.4521699563619453,0.5881285282544364,0.36726804123711343,0.4044044044044044,0.5367521367521367
0.40540540540540543,0.45236031571756413,0.5887730509128463,0.36726804123711343,0.40540540540540543,0.5356536502546689
0.4064064064064064,0.45176206663987584,0.5917524643663346,0.36533505154639173,0.4064064064064064,0.5356536502546689
0.4074074074074074,0.450310563573103,0.5913271001222531,0.3636009468483695,0.4074074074074074,0.5353535353535354
0.4084084084084084,0.4508036004670032,0.5952873298233359,0.3627577319587629,0.4084084084084084,0.5353535353535354
0.4094094094094094,0.4488888508463116,0.5953647235165237,0.36025608189618635,0.4094094094094094,0.5353535353535354
0.41041041041041043,0.44761932593399,0.5964041285708478,0.3582474226804124,0.41041041041041043,0.5330578512396694
0.4114114114114114,0.4477889364842014,0.5988047111777772,0.35760309278350516,0.4114114114114114,0.5330578512396694
0.4124124124124124,0.4480356168049355,0.5996877687126202,0.35760309278350516,0.4124124124124124,0.5330578512396694
0.4134134134134134,0.447261062344963,0.6005459955773714,0.35631443298969073,0.4134134134134134,0.5330578512396694
0.4144144144144144,0.448489094476507,0.6049946075565431,0.35631443298969073,0.4144144144144144,0.5330578512396694
0.41541541541541543,0.4476412902944553,0.6056325601170952,0.3550257731958763,0.41541541541541543,0.5330578512396694
0.4164164164164164,0.44679281009665045,0.6062848703547566,0.3537371134020619,0.4164164164164164,0.5311986863711001
0.4174174174174174,0.4454719392127135,0.6078509302372009,0.3515580545111271,0.4174174174174174,0.5209003215434084
0.4184184184184184,0.44479595441041125,0.6090490439408431,0.3503191560669331,0.4184184184184184,0.5191693290734825
0.4194194194194194,0.4432886596705155,0.6086533662726313,0.3485824742268041,0.4194194194194194,0.5170499603489295
0.42042042042042044,0.4443795398000607,0.6127842595993125,0.3485824742268041,0.42042042042042044,0.5170229612034838
0.4214214214214214,0.4440982880390008,0.6171118699390513,0.34685419173699455,0.4214214214214214,0.515748031496063
0.4224224224224224,0.44360352516350593,0.6178941805861484,0.34600515463917525,0.4224224224224224,0.5149136577708007
0.42342342342342343,0.44375866732976854,0.6205661188505376,0.34536082474226804,0.42342342342342343,0.5132605304212169
0.4244244244244244,0.4431235511412935,0.6217579039193596,0.344225681882212,0.4244244244244244,0.5112316034082107
0.42542542542542544,0.443188232351511,0.6246348570873547,0.3434278350515464,0.42542542542542544,0.5112142304717711
0.4264264264264264,0.4442884017460565,0.6290255275727268,0.3434278350515464,0.4264264264264264,0.5030395136778115
0.4274274274274274,0.44538510942747706,0.6334422029207663,0.3434278350515464,0.4274274274274274,0.5007541478129713
0.42842842842842843,0.4454273645038176,0.6358181831420844,0.3427835051546392,0.42842842842842843,0.5003762227238525
0.4294294294294294,0.4457112939680553,0.6390254717330207,0.3421930819425187,0.4294294294294294,0.4992526158445441
0.43043043043043044,0.4454815156340335,0.6405238103338127,0.34149484536082475,0.43043043043043044,0.49850968703427717
0.4314314314314314,0.44613095332519437,0.645514774001997,0.34085051546391754,0.4314314314314314,0.49777117384843983
0.43243243243243246,0.44482656484590855,0.6470129946363573,0.3389175257731959,0.43243243243243246,0.4952170713760118
0.43343343343343343,0.4440472718069416,0.6484273104381644,0.33762886597938147,0.43343343343343343,0.4952170713760118
0.4344344344344344,0.44361993144044276,0.6489846514000599,0.33698453608247425,0.4344344344344344,0.49343065693430654
0.43543543543543545,0.4437759086781476,0.6496527370547165,0.33698453608247425,0.43543543543543545,0.49343065693430654
0.4364364364364364,0.4438450615983658,0.6531714202646224,0.3361248183398241,0.4364364364364364,0.4905933429811867
0.43743743743743746,0.44358582830181464,0.6561271083246851,0.33505154639175255,0.43743743743743746,0.48848920863309353
0.43843843843843844,0.44183747942690055,0.6553554883844965,0.33325981055028736,0.43843843843843844,0.48679514632405424
0.4394394394394394,0.4417042845327685,0.6578236335769608,0.3324742268041237,0.4394394394394394,0.48646723646723644
0.44044044044044045,0.44138177403539,0.6589210607530203,0.3318298969072165,0.44044044044044045,0.48579545454545453
0.44144144144144143,0.4413532805119347,0.661348547810696,0.33118556701030927,0.44144144144144143,0.48480565371024736
0.44244244244244246,0.4397915640098748,0.6626733998818343,0.32910219396274915,0.44244244244244246,0.4838255977496484
0.44344344344344344,0.4379832547820215,0.6614924842375413,0.3273695709030976,0.44344344344344344,0.4828551434569629
0.4444444444444444,0.4373939319916586,0.6643002225626934,0.32603092783505155,0.4444444444444444,0.4828551434569629
0.44544544544544545,0.43710742817806597,0.6656606742416218,0.32538659793814434,0.44544544544544545,0.4803854094975912
0.44644644644644643,0.43731997880104034,0.6666475308371104,0.32538659793814434,0.44644644644644643,0.4803854094975912
0.44744744744744747,0.436298225355677,0.6673191261498556,0.3240979381443299,0.44744744744744747,0.4803854094975912
0.44844844844844844,0.436622089891558,0.6688367282727833,0.3240979381443299,0.44844844844844844,0.4803854094975912
0.4494494494494494,0.43642358832497236,0.6695155758539084,0.3237202987293033,0.4494494494494494,0.4803854094975912
0.45045045045045046,0.4362663722486706,0.6726981768190619,0.3228092783505155,0.45045045045045046,0.4791238877481177
0.45145145145145144,0.4343996220651394,0.6722283670972123,0.32087628865979384,0.45145145145145144,0.47882513661202186
0.45245245245245247,0.4340291791005894,0.6726324329766994,0.3203804536339084,0.45245245245245247,0.47564276048714477
0.45345345345345345,0.4345332767723685,0.6757199504618673,0.32023195876288657,0.45345345345345345,0.4740740740740741
0.4544544544544544,0.4312600599098845,0.674262716002726,0.3170103092783505,0.4544544544544544,0.47287340924313465
0.45545545545545546,0.43056172263731707,0.6767054488434352,0.31572164948453607,0.45545545545545546,0.47070572569906793
0.45645645645645644,0.4303018888171818,0.6782463246074778,0.3151086007774114,0.45645645645645644,0.46984758117958914
0.4574574574574575,0.42798654786565915,0.6792194998993356,0.3124252167867733,0.4574574574574575,0.46961690885072654
0.45845845845845845,0.4257974381634188,0.6777972954131325,0.31039496212100864,0.45845845845845845,0.4668852459016393
0.45945945945945943,0.42557438339738907,0.679320387046345,0.309840068969896,0.45945945945945943,0.4654947916666667
0.46046046046046046,0.42480202001459694,0.6788175805249371,0.30912610920789474,0.46046046046046046,0.4654947916666667
0.46146146146146144,0.4245796790834848,0.6800604456017729,0.3086340206185567,0.46146146146146144,0.4649805447470817
0.4624624624624625,0.4237838460054067,0.6822593404391573,0.3073453608247423,0.4624624624624625,0.4629271437782076
0.46346346346346345,0.42339528600834075,0.6866482517821079,0.30605670103092786,0.46346346346346345,0.4601148691767709
0.46446446446446443,0.4235511492779712,0.6909356237359018,0.30537455914990286,0.46446446446446443,0.4601148691767709
0.46546546546546547,0.4229733131564452,0.6909671668021038,0.30476804123711343,0.46546546546546547,0.4547169811320755
0.46646646646646645,0.42206479478157594,0.6908721377156888,0.30384395301214795,0.46646646646646645,0.45363408521303256
0.4674674674674675,0.4197202135018179,0.6911568904481888,0.30136552689351154,0.4674674674674675,0.4533001245330012
0.46846846846846846,0.4193337978674916,0.6927158251414264,0.30067260482282887,0.46846846846846846,0.4533001245330012
0.4694694694694695,0.41769680576264834,0.691661902781707,0.29918899069645233,0.4694694694694695,0.4516728624535316
0.47047047047047047,0.4174990037056277,0.6952271749441625,0.29832474226804123,0.47047047047047047,0.4449178332318929
0.47147147147147145,0.41714082402340386,0.6967492537944869,0.297680412371134,0.47147147147147145,0.44256348246674726
0.4724724724724725,0.4152930256109474,0.6993962767877548,0.2953274380205743,0.4724724724724725,0.44137101623571856
0.47347347347347346,0.4125879465393942,0.698612895895227,0.29273632080418055,0.47347347347347346,0.44093078758949883
0.4744744744744745,0.41276150452762295,0.7008146086159527,0.2925257731958763,0.4744744744744745,0.44093078758949883
0.4754754754754755,0.4125192116435418,0.7024140408328888,0.29200513582554694,0.4754754754754755,0.44093078758949883
0.47647647647647645,0.41150267052798273,0.7047245711118919,0.29059278350515466,0.47647647647647645,0.44002375296912116
0.4774774774774775,0.41188561848849153,0.7069759288608898,0.29059278350515466,0.4774774774774775,0.4364705882352941
0.47847847847847846,0.4115449666783285,0.7087938891419373,0.28994845360824745,0.47847847847847846,0.43618266978922715
0.4794794794794795,0.41204544003803617,0.7117717834919878,0.28994845360824745,0.4794794794794795,0.43618266978922715
0.4804804804804805,0.41184451870378624,0.7144738157645798,0.28930412371134023,0.4804804804804805,0.43498542274052476
0.48148148148148145,0.40974309110180396,0.7166926768863743,0.28687744098335255,0.48148148148148145,0.43194925028835063
0.4824824824824825,0.4094251392048282,0.7197338953206924,0.2860824742268041,0.4824824824824825,0.43194925028835063
0.48348348348348347,0.4078567480593576,0.722889764412505,0.2840630092936065,0.48348348348348347,0.4288977727013135
0.4844844844844845,0.40634312486836704,0.7219536126287187,0.2827400127428796,0.4844844844844845,0.42703009653605906
0.4854854854854855,0.40485441593490057,0.7244201658275164,0.2809278350515464,0.4854854854854855,0.42526790750141
0.48648648648648646,0.40385997462372364,0.7266519777690492,0.27963917525773196,0.48648648648648646,0.4251968503937008
0.4874874874874875,0.4019032209284825,0.7270642193100858,0.2777061855670103,0.4874874874874875,0.42432735426008966
0.48848848848848847,0.40121266299567226,0.7286400756071626,0.2768190748801751,0.48848848848848847,0.4235686492495831
0.4894894894894895,0.4008051588771583,0.7287354374116286,0.2764175257731959,0.4894894894894895,0.4235686492495831
0.4904904904904905,0.4003735358835754,0.7303750289867338,0.27577263998655155,0.4904904904904905,0.4235686492495831
0.49149149149149146,0.3990042030940034,0.7295309194559044,0.2745944119589063,0.49149149149149146,0.42154696132596686
0.4924924924924925,0.39682052255114664,0.7293780171993324,0.27255154639175255,0.4924924924924925,0.41084854994629433
0.4934934934934935,0.3958095751972475,0.7321410408278043,0.27121749282541513,0.4934934934934935,0.4106666666666667
0.4944944944944945,0.394378993818744,0.7324185852995827,0.2698381973159966,0.4944944944944945,0.4106666666666667
0.4954954954954955,0.3939059503636038,0.7329038488612293,0.2693298969072165,0.4954954954954955,0.4106666666666667
0.4964964964964965,0.3933478199320244,0.7353054647279206,0.2684866853583063,0.4964964964964965,0.4106382978723404
0.4974974974974975,0.39306142698428187,0.7366515151561691,0.26804123711340205,0.4974974974974975,0.41029723991507433
0.4984984984984985,0.39359931785254304,0.7404443498364629,0.26804123711340205,0.4984984984984985,0.4073684210526316
0.4994994994994995,0.3934223077385082,0.7413322773820198,0.2677610569780276,0.4994994994994995,0.4035361414456578
0.5005005005005005,0.3930507102295592,0.7423195945284926,0.26728868021780344,0.5005005005005005,0.40279937791601866
0.5015015015015015,0.3917682339222604,0.7415410933577483,0.266204096247442,0.5015015015015015,0.39826175869120656
0.5025025025025025,0.3910533649820859,0.747252483132719,0.264819587628866,0.5025025025025025,0.3979591836734694
0.5035035035035035,0.3893405182125137,0.746239561149192,0.2633769649365738,0.5035035035035035,0.3977619532044761
0.5045045045045045,0.3874279811542276,0.746497255105951,0.2615979381443299,0.5045045045045045,0.3976697061803445
0.5055055055055055,0.3875924657214559,0.7477200569580067,0.2615979381443299,0.5055055055055055,0.3976697061803445
0.5065065065065065,0.38784407983382385,0.7495963427413245,0.2615979381443299,0.5065065065065065,0.3968015992003998
0.5075075075075075,0.38768613754588443,0.7502979192832291,0.26136900601089424,0.5075075075075075,0.3968015992003998
0.5085085085085085,0.3855459395318356,0.7490101517769179,0.2595815526406177,0.5085085085085085,0.3968015992003998
0.5095095095095095,0.38383545376604244,0.7479736751169679,0.25815641025459013,0.5095095095095095,0.3968015992003998
0.5105105105105106,0.38359678547424675,0.749733078723464,0.25773195876288657,0.5105105105105106,0.3968015992003998
0.5115115115115115,0.3824651621194125,0.7497256573316688,0.256712175368856,0.5115115115115115,0.3968015992003998
0.5125125125125125,0.3815720419739385,0.7504875500051121,0.25581944311803584,0.5125125125125125,0.39633844631370607
0.5135135135135135,0.38146214257937217,0.7530482748736328,0.2554247020793059,0.5135135135135135,0.39633844631370607
0.5145145145145145,0.37972183290059586,0.7533235707952193,0.2538352851460463,0.5145145145145145,0.39633844631370607
0.5155155155155156,0.37916141097167805,0.7529845790955316,0.25337303204944206,0.5155155155155156,0.39633844631370607
0.5165165165165165,0.37702518311468586,0.7516863574578927,0.25161389230568254,0.5165165165165165,0.3955665024630542
0.5175175175175175,0.3750964619737278,0.7505056708182969,0.2500295776350836,0.5175175175175175,0.3939245467907888
0.5185185185185185,0.37309932147262187,0.7522563461251951,0.24806701030927836,0.5185185185185185,0.3926829268292683
0.5195195195195195,0.3715460675331562,0.7537537049001194,0.246534995975542,0.5195195195195195,0.38760806916426516
0.5205205205205206,0.3698985603399985,0.752739747541626,0.24519375097583346,0.5205205205205206,0.38734419942473636
0.5215215215215215,0.3685922978603613,0.7533157422162394,0.2439866603137146,0.5215215215215215,0.3868194842406877
0.5225225225225225,0.3669139252717395,0.752275055323886,0.2426260670863478,0.5225225225225225,0.386558627264061
0.5235235235235235,0.36425477925680766,0.751990272964829,0.24033505154639176,0.5235235235235235,0.38403401039206425
0.5245245245245245,0.36257322570376427,0.7523703289461064,0.23883480600310444,0.5245245245245245,0.38235294117647056
0.5255255255255256,0.361373377226007,0.7527400019568599,0.23775773195876287,0.5255255255255256,0.38235294117647056
0.5265265265265265,0.36068488468274634,0.753230353163803,0.23711340206185566,0.5265265265265265,0.38235294117647056
0.5275275275275275,0.35955664461315323,0.7533264120940977,0.23612973511198038,0.5275275275275275,0.38235294117647056
0.5285285285285285,0.35749720723664663,0.7549231377030803,0.23420239653239958,0.5285285285285285,0.3812615955473098
0.5295295295295295,0.35708499631329327,0.7590711838465223,0.233453520529528,0.5295295295295295,0.3812615955473098
0.5305305305305306,0.3558417515059881,0.7637290875072051,0.23195876288659795,0.5305305305305306,0.37937384898710863
0.5315315315315315,0.35458734079348453,0.7650384229056603,0.2307744465815909,0.5315315315315315,0.37751371115173676
0.5325325325325325,0.35479783257757136,0.7681568360667964,0.23067010309278352,0.5325325325325325,0.37722095671981776
0.5335335335335335,0.3532614778299104,0.7680620438417152,0.22938144329896906,0.5335335335335335,0.37664697864606994
0.5345345345345345,0.3535086732113381,0.7705526359781786,0.22936832277222588,0.5345345345345345,0.3747178329571106
0.5355355355355356,0.3497369305305672,0.7714047843405513,0.22612935109305402,0.5355355355355356,0.37376460017969454
0.5365365365365365,0.34658883426446957,0.7694684299005159,0.22366721830442096,0.5365365365365365,0.3727069351230425
0.5375375375375375,0.3446926154964651,0.7682898185124641,0.22218869928020407,0.5375375375375375,0.3698630136986301
0.5385385385385385,0.3421001854907014,0.7722478999731636,0.21971649484536082,0.5385385385385385,0.3698630136986301
0.5395395395395395,0.33987256911508734,0.7734894366287318,0.21778350515463918,0.5395395395395395,0.36482368306486723
0.5405405405405406,0.34009998625708476,0.775850801315626,0.21778350515463918,0.5405405405405406,0.3630463003028992
0.5415415415415415,0.3397147939955624,0.7800615047248391,0.21713917525773196,0.5415415415415415,0.36172043010752686
0.5425425425425425,0.3394934482130676,0.7816629450592233,0.21683478838441717,0.5425425425425425,0.36118251928020567
0.5435435435435435,0.3385360101391194,0.7843412868156385,0.21585051546391754,0.5435435435435435,0.35793044953350295
0.5445445445445445,0.33704093487360737,0.7836302378698187,0.21468970309229793,0.5445445445445445,0.35651074589127685
0.5455455455455456,0.3362921113423533,0.7858473437171377,0.21391752577319587,0.5455455455455456,0.34727347273472736
0.5465465465465466,0.3341324787031942,0.7853794396737913,0.21220700024193723,0.5465465465465466,0.3469387755102041
0.5475475475475475,0.3341287421619156,0.7884001138088341,0.21198453608247422,0.5475475475475475,0.3469387755102041
0.5485485485485485,0.3333436428292599,0.7885769159490692,0.211340206185567,0.5485485485485485,0.34648230988206585
0.5495495495495496,0.33176828179530726,0.789323163100811,0.21002245630837169,0.5495495495495496,0.34618506493506496
0.5505505505505506,0.3310952381504138,0.7904054790153114,0.20940721649484537,0.5505505505505506,0.34475806451612906
0.5515515515515516,0.33029284519683344,0.790445642116856,0.20876288659793815,0.5515515515515516,0.34197924980047884
0.5525525525525525,0.33039935972195145,0.791667203038353,0.20876288659793815,0.5525525525525525,0.3416865552903739
0.5535535535535535,0.3302131023593194,0.7957341457792279,0.20833360542829443,0.5535535535535535,0.34167659912594356
0.5545545545545546,0.33020222603408567,0.7987598148150861,0.20811855670103094,0.5545545545545546,0.33936295713723946
0.5555555555555556,0.33006404624334235,0.8031730378090385,0.20771156890979892,0.5555555555555556,0.33936295713723946
0.5565565565565566,0.3277161065802314,0.8037386181146848,0.20581816757392352,0.5565565565565566,0.3388235294117647
0.5575575575575575,0.32748953330964026,0.8052426805375508,0.20554123711340205,0.5575575575575575,0.3385457388584832
0.5585585585585585,0.3258514602195696,0.805239270192996,0.20425257731958762,0.5585585585585585,0.33840749414519905
0.5595595595595596,0.3259533065529387,0.8064847061901128,0.20425257731958762,0.5595595595595596,0.3370830100853375
0.5605605605605606,0.32501371378237026,0.8080378208733492,0.20341655760289537,0.5605605605605606,0.336687306501548
0.5615615615615616,0.3231259074255752,0.8069571542171255,0.20200736426373875,0.5615615615615616,0.3342276734380989
0.5625625625625625,0.3221194075227824,0.810032277828764,0.20103092783505155,0.5625625625625625,0.3334605112552461
0.5635635635635635,0.32242279423489345,0.8138839447893587,0.20103092783505155,0.5635635635635635,0.3334603658536585
0.5645645645645646,0.32122055923434656,0.8139154564808347,0.20009513727978126,0.5645645645645646,0.32895723930982745
0.5655655655655656,0.32031861380036797,0.8134076983881803,0.19942615228547214,0.5655655655655656,0.3284698840254396
0.5665665665665666,0.3191436016299929,0.8127430181890554,0.19855569805056403,0.5665665665665666,0.3276310896243957
0.5675675675675675,0.3187538528534237,0.8125215655834178,0.19826724742823074,0.5675675675675675,0.3276310896243957
0.5685685685685685,0.318484818187997,0.8123684757404545,0.1980682134050474,0.5685685685685685,0.32656826568265684
0.5695695695695696,0.3182157166106444,0.8122153858974911,0.19786917938186407,0.5695695695695696,0.32656826568265684
0.5705705705705706,0.3182770776935396,0.8140283824669531,0.19780927835051546,0.5705705705705706,0.32513761467889907
0.5715715715715716,0.3183846625155467,0.8154378462236,0.19780927835051546,0.5715715715715716,0.3231552162849873
0.5725725725725725,0.31830905550727906,0.8164020306659091,0.19769429183375517,0.5725725725725725,0.3231552162849873
0.5735735735735735,0.31715461059644645,0.8178457638833405,0.19672073750429964,0.5735735735735735,0.32270916334661354
0.5745745745745746,0.31475510666911305,0.8164982185485307,0.19495442749542155,0.5745745745745746,0.3212230215827338
0.5755755755755756,0.3132443436478656,0.8156416832912388,0.19384490086306003,0.5755755755755756,0.3198568872987478
0.5765765765765766,0.3125224777253533,0.8155234191526345,0.19329896907216496,0.5765765765765766,0.3197570560914612
0.5775775775775776,0.31260911425865984,0.8167046904561618,0.19329896907216496,0.5775775775775776,0.31934566145092463
0.5785785785785785,0.3099717735439177,0.8159058410528647,0.19133011415214948,0.5785785785785785,0.31934566145092463
0.5795795795795796,0.30880318361515247,0.815233486830689,0.19047710773266574,0.5795795795795796,0.31626928471248245
0.5805805805805806,0.3076064323062922,0.817726304917774,0.18943298969072164,0.5805805805805806,0.31626928471248245
0.5815815815815816,0.30719128623541675,0.8186554660962826,0.18906857467908833,0.5815815815815816,0.3140869565217391
0.5825825825825826,0.30592636569392667,0.8179312038146764,0.18814943928170638,0.5825825825825826,0.31228433402346445
0.5835835835835835,0.3040759214147202,0.8168626132660153,0.1868073414863217,0.5835835835835835,0.31006160164271046
0.5845845845845846,0.3007136724185891,0.819379451773134,0.1841481874565401,0.5845845845845846,0.30706797429827526
0.5855855855855856,0.30013277013966233,0.8190425040377899,0.18372964940678346,0.5855855855855856,0.3061911170928668
0.5865865865865866,0.29918873613443137,0.8184927069986067,0.1830500872026237,0.5865865865865866,0.3056021469305602
0.5875875875875876,0.2976751451937863,0.8176051616360483,0.18196211897086292,0.5875875875875876,0.3033932135728543
0.5885885885885885,0.29527464352370114,0.8161833409171503,0.1802405804044676,0.5885885885885885,0.29937766131673765
0.5895895895895896,0.2947504314869219,0.8178772137765667,0.1797680412371134,0.5895895895895896,0.2982741777922501
0.5905905905905906,0.29208422605456186,0.8168923008654582,0.17783505154639176,0.5905905905905906,0.29772727272727273
0.5915915915915916,0.2921001100676269,0.8189207987194561,0.17775097051505684,0.5915915915915916,0.29693053311793216
0.5925925925925926,0.2917118436430463,0.8186895303606986,0.17747436308309344,0.5925925925925926,0.2968699580509842
0.5935935935935935,0.29132343811415157,0.8184582620019409,0.17719775565113005,0.5935935935935935,0.29513444302176695
0.5945945945945946,0.2896557473034781,0.817457952369708,0.1760116010081823,0.5945945945945946,0.2937062937062937
0.5955955955955956,0.2853120575140858,0.8148098678620701,0.1729329406137501,0.5955955955955956,0.29216677195198987
0.5965965965965966,0.28493845931552325,0.8193780511159143,0.17245477683315896,0.5965965965965966,0.29055538123627234
0.5975975975975976,0.2833786640462266,0.8208644555001731,0.17124852245160982,0.5975975975975976,0.29018136335209505
0.5985985985985985,0.28227585236738834,0.8201955553592185,0.1704725707728723,0.5985985985985985,0.28855103940428173
0.5995995995995996,0.2809505032204338,0.8213208581615047,0.16945876288659795,0.5995995995995996,0.2876119864071671
0.6006006006006006,0.2791737512105461,0.8207726501008344,0.16819066706828598,0.6006006006006006,0.28667894413750766
0.6016016016016016,0.27834673308555785,0.822769027891348,0.16750769785880854,0.6016016016016016,0.28667894413750766
0.6026026026026026,0.2776984006802269,0.8223734447856146,0.16705463795517397,0.6026026026026026,0.285496648385131
0.6036036036036035,0.27519982062937853,0.8208361502822751,0.1653117531752331,0.6036036036036035,0.285496648385131
0.6046046046046046,0.2739371319603043,0.8200510152084589,0.16443287587107863,0.6046046046046046,0.28541033434650454
0.6056056056056056,0.2709814745151553,0.8184322892157269,0.16237113402061856,0.6056056056056056,0.2849348287359806
0.6066066066066066,0.27103362119137253,0.8207966257821175,0.16231579919427935,0.6066066066066066,0.2826282628262826
0.6076076076076076,0.26912315453062347,0.8195904712726693,0.16099377338802592,0.6076076076076076,0.2815852205005959
0.6086086086086087,0.2685056032724315,0.8225697336701988,0.16043814432989692,0.6086086086086087,0.2815852205005959
0.6096096096096096,0.2679448103660891,0.8240891727860684,0.1599804754011767,0.6096096096096096,0.2788235294117647
0.6106106106106106,0.2679994652483615,0.8321492137173959,0.1597190503772144,0.6106106106106106,0.2788235294117647
0.6116116116116116,0.26683738233362003,0.8314471489511186,0.15891986802307656,0.6116116116116116,0.2773722627737226
0.6126126126126126,0.26530994003495423,0.8307999550804154,0.15786082474226804,0.6126126126126126,0.2766143106457243
0.6136136136136137,0.26510389948401025,0.8331306544116279,0.15763124385028476,0.6136136136136137,0.27479815455594003
0.6146146146146146,0.2645039994358978,0.8327677433939679,0.157220162942394,0.6146146146146146,0.2735091743119266
0.6156156156156156,0.261728793712317,0.8321795372452808,0.15528350515463918,0.6156156156156156,0.2717453098351336
0.6166166166166166,0.2617421013762815,0.8338659826899393,0.15523428736105332,0.6166166166166166,0.26895002807411567
0.6176176176176176,0.2587692671188663,0.8320386208170361,0.15320913851477405,0.6176176176176176,0.2653569452130603
0.6186186186186187,0.2578198629726037,0.8314479355720774,0.15256384108145324,0.6186186186186187,0.2636338722937791
0.6196196196196196,0.2564923623239886,0.8306159782646475,0.15166273900727884,0.6196196196196196,0.2636338722937791
0.6206206206206206,0.2541009127929865,0.8291000761026592,0.15004287462088203,0.6206206206206206,0.2633879781420765
0.6216216216216216,0.25306869217108663,0.8313222773435501,0.14925173386872717,0.6216216216216216,0.26337336244541487
0.6226226226226226,0.2517929387179739,0.8305097097575554,0.1483909671746862,0.6226226226226226,0.26041386723998927
0.6236236236236237,0.2510436246388315,0.8329548526190075,0.14779349666324884,0.6236236236236237,0.26041386723998927
0.6246246246246246,0.24781836893989329,0.8311376493273308,0.14561855670103094,0.6246246246246246,0.25559947299077734
0.6256256256256256,0.24639403934474735,0.8329552783034713,0.14458106906043985,0.6256256256256256,0.25498426023084997
0.6266266266266266,0.24557122909593462,0.8324238788581475,0.14403067403553213,0.6266266266266266,0.25404699738903397
0.6276276276276276,0.24482444533401526,0.8319392543633024,0.14353157624886118,0.6276276276276276,0.2527216174183515
0.6286286286286287,0.24417169645481196,0.8333565585202519,0.14304123711340205,0.6286286286286287,0.25161124001031193
0.6296296296296297,0.2428677731087877,0.8367856464619088,0.14204778538035312,0.6296296296296297,0.25051177072671443
0.6306306306306306,0.2412288171323202,0.8357309543081188,0.14095771573809907,0.6306306306306306,0.25051177072671443
0.6316316316316316,0.23964647401219502,0.8347015707539178,0.13990722535604266,0.6316316316316316,0.2487322515212982
0.6326326326326326,0.23680092427377394,0.835986769914657,0.13793632741508827,0.6326326326326326,0.24854467223487725
0.6336336336336337,0.23276218564167847,0.836531470043751,0.13518905181740906,0.6336336336336337,0.248234106962664
0.6346346346346347,0.2289754100577265,0.8372851313318355,0.132622017805569,0.6346346346346347,0.24811083123425692
0.6356356356356356,0.2281815059572179,0.8373662812807532,0.13208762886597938,0.6356356356356356,0.24681170292573143
0.6366366366366366,0.22662941705967538,0.839057343126819,0.13100723830154182,0.6366366366366366,0.2458975634012929
0.6376376376376376,0.2238963819503024,0.8406274741618349,0.12914697479099108,0.6376376376376376,0.24547483263079595
0.6386386386386387,0.22326614996035543,0.843667093862327,0.1286567967036025,0.6386386386386387,0.2445759368836292
0.6396396396396397,0.22276587345033008,0.8481470095381474,0.12822164948453607,0.6396396396396397,0.24326310632043116
0.6406406406406406,0.22072907650851803,0.8490574334641998,0.12685357095385483,0.6406406406406406,0.24191587648918064
0.6416416416416416,0.21729331737233679,0.8467853357483679,0.12463836432425963,0.6416416416416416,0.24175557710960233
0.6426426426426426,0.21471264773431603,0.8450398699975958,0.12298006976026785,0.6426426426426426,0.24060693641618497
0.6436436436436437,0.2111001385497315,0.8462625353964909,0.12059074650588679,0.6436436436436437,0.24060693641618497
0.6446446446446447,0.20729133135590408,0.8435979746888143,0.11816339051374024,0.6446446446446447,0.23924474187380498
0.6456456456456456,0.20308811334872484,0.8405626143805438,0.11549660947342982,0.6456456456456456,0.2388663967611336
0.6466466466466466,0.20173418116248926,0.8434600031238854,0.11456796193414864,0.6466466466466466,0.23870660960532572
0.6476476476476476,0.19893517194025592,0.8439139349557225,0.11275773195876289,0.6476476476476476,0.2342405210514073
0.6486486486486487,0.19902322069057707,0.8470934975174076,0.11275773195876289,0.6486486486486487,0.2342405210514073
0.6496496496496497,0.19907866914339695,0.8491066865619363,0.11275773195876289,0.6496496496496497,0.23394389056341294
0.6506506506506506,0.19772927831067663,0.852624700585477,0.11183191796919621,0.6506506506506506,0.23092736409319323
0.6516516516516516,0.19619870943845388,0.8543422085744244,0.11082474226804123,0.6516516516516516,0.23083941605839417
0.6526526526526526,0.1940072352730833,0.8541518237143405,0.10943143792197929,0.6526526526526526,0.22825597115817936
0.6536536536536537,0.19339892170506162,0.8537179259390809,0.10905158455944869,0.6536536536536537,0.22706935123042504
0.6546546546546547,0.19227907617993042,0.8571845099048435,0.10828443244766707,0.6546546546546547,0.2254489026823321
0.6556556556556556,0.18828224486188258,0.8543185893315272,0.10579965128564688,0.6556556556556556,0.22457533642179572
0.6566566566566566,0.1835031636840244,0.8507549590116462,0.10284290636536804,0.6566566566566566,0.2235861464270057
0.6576576576576576,0.1818475596146405,0.853997001179593,0.10175777778143716,0.6576576576576576,0.22358346094946402
0.6586586586586587,0.18084017695673765,0.8532337847116142,0.10113802975394884,0.6586586586586587,0.2221498371335505
0.6596596596596597,0.17988023845386578,0.852499644702164,0.1005481108345568,0.6596596596596597,0.22107081174438686
0.6606606606606606,0.17882855107715584,0.8516878418853948,0.09990252152145285,0.6606606606606606,0.2199828473413379
0.6616616616616616,0.17671581688153634,0.8519228506987211,0.09858247422680412,0.6616616616616616,0.21958520419072056
0.6626626626626626,0.17604850515791234,0.8541848902310812,0.09813736549719249,0.6626626626626626,0.21865703357416064
0.6636636636636637,0.17159365217216677,0.8506544093833158,0.09542096465409317,0.6636636636636637,0.21646021415074532
0.6646646646646647,0.17044844762577582,0.8497221120966676,0.09472479724261222,0.6646646646646647,0.2163975676242399
0.6656656656656657,0.16713594680019278,0.8469640812832329,0.09271605014044612,0.6656656656656657,0.21492413219704842
0.6666666666666666,0.1658636749843356,0.8458799512790274,0.09194646056488269,0.6666666666666666,0.21490863787375417
0.6676676676676676,0.16367064787058225,0.843979338924406,0.09062240368909552,0.6676676676676676,0.21447776628748708
0.6686686686686687,0.16303971838859221,0.8465714077905957,0.09020618556701031,0.6686686686686687,0.21424148606811144
0.6696696696696697,0.16211298335371765,0.8476544219464655,0.08962702726472563,0.6696696696696697,0.21311475409836064
0.6706706706706707,0.15771076027159767,0.843777472558496,0.08698453608247422,0.6706706706706707,0.21214591400040758
0.6716716716716716,0.1577070194779744,0.8489719358464849,0.08692743160264695,0.6716716716716716,0.20926966292134833
0.6726726726726726,0.1567466725597579,0.8481203458725635,0.0863530747693981,0.6726726726726726,0.20838323353293414
0.6736736736736737,0.15500476487382772,0.8519187166097155,0.08525870034802,0.6736736736736737,0.20799363690594552
0.6746746746746747,0.15437643691025782,0.8568222355939421,0.08483029273267532,0.6746746746746747,0.20617745425929568
0.6756756756756757,0.1539108139603226,0.8564205479228783,0.08455309718131615,0.6756756756756757,0.20297987616099072
0.6766766766766766,0.15093634241605156,0.8594378334571245,0.08273305037330426,0.6766766766766766,0.202541393916057
0.6776776776776777,0.14965217723818772,0.8583184638277526,0.08197222521875303,0.6776776776776777,0.202541393916057
0.6786786786786787,0.14842038037953087,0.8637234264899928,0.08118556701030928,0.6786786786786787,0.2018383761011107
0.6796796796796797,0.1472180497907291,0.8678971087222271,0.08043059084400779,0.6796796796796797,0.2014512125262555
0.6806806806806807,0.1449018460253888,0.8659228750070807,0.07906632539988366,0.6806806806806807,0.20053120849933598
0.6816816816816816,0.14365416497409944,0.8709616287782218,0.0782829788095717,0.6816816816816816,0.19969828399019424
0.6826826826826827,0.14158049508508008,0.8691917843525059,0.07706686264921521,0.6826826826826827,0.19962335216572505
0.6836836836836837,0.13968339442212396,0.8675340619715223,0.07595666444004685,0.6836836836836837,0.19710467706013363
0.6846846846846847,0.13544940316823495,0.8683373619432186,0.07345360824742268,0.6846846846846847,0.19605311693102176
0.6856856856856857,0.13078122730009972,0.8659039970491854,0.07073210130310278,0.6856856856856857,0.19495706194043486
0.6866866866866866,0.12995901771729385,0.8688589648250497,0.0702319587628866,0.6866866866866866,0.19495706194043486
0.6876876876876877,0.12970514827264568,0.8717326283264469,0.07006506681136948,0.6876876876876877,0.19481940897482672
0.6886886886886887,0.1287914966828534,0.870886204663096,0.0695375480638507,0.6886886886886887,0.19425767763038343
0.6896896896896897,0.12644628215555317,0.8686621875738411,0.06818585748087312,0.6896896896896897,0.1917367197281345
0.6906906906906907,0.12585690551423284,0.8680916681428167,0.06784669801563543,0.6906906906906907,0.1917367197281345
0.6916916916916916,0.12407129304104285,0.8663365132963221,0.06682044981763367,0.6916916916916916,0.19029057406094968
0.6926926926926927,0.1225056634069964,0.8647615042703893,0.06592223916578634,0.6926926926926927,0.18963694043003174
0.6936936936936937,0.12123325234108281,0.8634565571320313,0.06519334841192108,0.6936936936936937,0.18789253314724355
0.6946946946946947,0.11920380158743903,0.8687821437741131,0.06399200622330853,0.6946946946946947,0.18319185059422752
0.6956956956956957,0.11801767007312187,0.8675656566004051,0.06331532595903858,0.6956956956956957,0.1824449302169161
0.6966966966966966,0.11615456432204656,0.8656110734521426,0.062254160874443146,0.6966966966966966,0.1824449302169161
0.6976976976976977,0.11525317882428819,0.8724489909643578,0.06170210795575527,0.6976976976976977,0.1824449302169161
0.6986986986986987,0.11460295965149364,0.8717798211306941,0.0613328449630441,0.6986986986986987,0.1824449302169161
0.6996996996996997,0.11379727047358745,0.8709400376858623,0.060875650020157,0.6996996996996997,0.18209255533199195
0.7007007007007007,0.11083330525881444,0.8759704305130058,0.059159253628173245,0.7007007007007007,0.1816057419462527
0.7017017017017017,0.10993889666695468,0.8795241343986763,0.0586340206185567,0.7017017017017017,0.181545636242505
0.7027027027027027,0.10998813847019025,0.8858699058673698,0.0586340206185567,0.7027027027027027,0.18080875041431885
0.7037037037037037,0.11009256939488585,0.8996160985345991,0.0586340206185567,0.7037037037037037,0.18069102330963796
0.7047047047047047,0.10935409317675115,0.9003419592615403,0.058212228643141545,0.7047047047047047,0.17996380983714427
0.7057057057057057,0.10899106117505483,0.9044173258181037,0.05798969072164949,0.7057057057057057,0.1796887796887797
0.7067067067067067,0.10830915418644202,0.908511497680321,0.05758723872383121,0.7067067067067067,0.1796887796887797
0.7077077077077077,0.1063428050639145,0.9068894965409218,0.05648303205820898,0.7077077077077077,0.17963386727688788
0.7087087087087087,0.10561993645391747,0.9117943419096352,0.05605670103092784,0.7087087087087087,0.17921146953405018
0.7097097097097097,0.10447790269357858,0.9148794374617418,0.055402387426751555,0.7097097097097097,0.17648942985265856
0.7107107107107107,0.10150977177432122,0.9124808014271563,0.05374430328190662,0.7107107107107107,0.17515468824369348
0.7117117117117117,0.09962888380201569,0.9108959724587227,0.05269625800534544,0.7117117117117117,0.17467594056275687
0.7127127127127127,0.097530284882024,0.9090632653743952,0.0515293459815053,0.7127127127127127,0.17313106036909603
0.7137137137137137,0.09640550873331537,0.9089811347439266,0.0509020618556701,0.7137137137137137,0.17207640938033855
0.7147147147147147,0.09643288484527812,0.9138734641518256,0.0509020618556701,0.7147147147147147,0.17008573178199632
0.7157157157157157,0.0964364664960594,0.9185860050400048,0.05088951554146128,0.7157157157157157,0.17008573178199632
0.7167167167167167,0.09574918035681765,0.9180199034020485,0.05050860584213686,0.7167167167167167,0.16815228886538752
0.7177177177177178,0.09408877522034932,0.9166293909366398,0.049589480266039467,0.7177177177177178,0.16756919374247894
0.7187187187187187,0.09183781162647908,0.9146680967605185,0.048346011280567834,0.7187187187187187,0.16443200235744806
0.7197197197197197,0.09067835341168394,0.9233545661165187,0.04768041237113402,0.7197197197197197,0.16426893716970054
0.7207207207207207,0.08938923048758274,0.9239455690571855,0.04696655890575356,0.7207207207207207,0.16426893716970054
0.7217217217217217,0.0892236224214159,0.9238079391896863,0.04687548553338131,0.7217217217217217,0.1638888888888889
0.7227227227227228,0.08905798796294316,0.9236703093221871,0.04678441216100906,0.7227227227227228,0.1607680183407365
0.7237237237237237,0.08889232709350084,0.9235326794546879,0.046693338788636816,0.7237237237237237,0.15771011645853794
0.7247247247247247,0.08872663979440758,0.9233950495871885,0.04660226541626457,0.7247247247247247,0.15707902820441216
0.7257257257257257,0.08856092604696444,0.9232574197196893,0.04651119204389233,0.7257257257257257,0.15458407564752638
0.7267267267267267,0.08839518583245488,0.9231197898521901,0.04642011867152008,0.7267267267267267,0.15458407564752638
0.7277277277277278,0.08721634604687885,0.9221173180302603,0.04577283205431095,0.7277277277277278,0.15192255982791072
0.7287287287287287,0.08664685757487542,0.9216212374825377,0.04546042544542637,0.7287287287287287,0.15100133511348465
0.7297297297297297,0.08610817856228983,0.9211512680818348,0.04516507955486443,0.7297297297297297,0.14919673426389254
0.7307307307307307,0.08522524477365655,0.92036365156107,0.044681358880809596,0.7307307307307307,0.14717323651452283
0.7317317317317317,0.08353067688370011,0.9188151143067849,0.0437542147213543,0.7317317317317317,0.14673211056574528
0.7327327327327328,0.08309733682180225,0.9184068786732882,0.04351739246059948,0.7327327327327328,0.14550568980948728
0.7337337337337337,0.08266381747618468,0.9179986430397915,0.04328057019984468,0.7337337337337337,0.1453547728432874
0.7347347347347347,0.08151294067195429,0.9168910108730679,0.04265240046701513,0.7347347347347347,0.1452208221967672
0.7357357357357357,0.07950845562983226,0.9148909047090922,0.041560115593233256,0.7357357357357357,0.1451448906964921
0.7367367367367368,0.07772436972121602,0.9130376266964042,0.0405898351008944,0.7367367367367368,0.14257228315054835
0.7377377377377378,0.07721041716344272,0.9124835719474211,0.04031066576216712,0.7377377377377378,0.14174300569447884
0.7387387387387387,0.07669621483187913,0.9119295171984381,0.04003149642343983,0.7387387387387387,0.14137803525206458
0.7397397397397397,0.07538032366409265,0.9178523993362836,0.039304123711340205,0.7397397397397397,0.14039799780246612
0.7407407407407407,0.07180127061350038,0.9206077377074611,0.03735745148007002,0.7407407407407407,0.14039799780246612
0.7417417417417418,0.07103570154473868,0.9197872771065082,0.03694447221366252,0.7417417417417418,0.13983976693372177
0.7427427427427428,0.0701767460084145,0.918851516848358,0.03648149957738272,0.7427427427427428,0.13940273243864104
0.7437437437437437,0.06944054724815034,0.9196834707593784,0.03608247422680412,0.7437437437437437,0.13908959537572255
0.7447447447447447,0.06946079095753442,0.9268384711828406,0.03608247422680412,0.7447447447447447,0.1384928716904277
0.7457457457457457,0.0682050102798507,0.932129736398605,0.035397544773844464,0.7457457457457457,0.13754602684404324
0.7467467467467468,0.06541255447655295,0.9293379837918603,0.03389929836720649,0.7467467467467468,0.13635829317033032
0.7477477477477478,0.06219180633659491,0.9258394106578727,0.0321766097459458,0.7477477477477478,0.13563674565192016
0.7487487487487487,0.060714692061425275,0.924114506629854,0.031388463316990536,0.7487487487487487,0.13499709808473592
0.7497497497497497,0.05989447052278414,0.9231298386868442,0.030951326581981724,0.7497497497497497,0.13467545990975355
0.7507507507507507,0.058695702286363505,0.9216379429926816,0.030313116110920104,0.7507507507507507,0.13373093244638146
0.7517517517517518,0.05571144440142216,0.9176623757360975,0.028727755755686438,0.7517517517517518,0.13284804367606914
0.7527527527527528,0.05475351645136377,0.9163072192890186,0.028219891545751608,0.7527527527527528,0.1319562027316853
0.7537537537537538,0.05152185123089628,0.9113892024151329,0.026510252738293334,0.7537537537537538,0.1318755635707845
0.7547547547547547,0.048813834377226424,0.906815640347393,0.02508199846446392,0.7547547547547547,0.1305704099821747
0.7557557557557557,0.048313807471156336,0.905910627319179,0.024818716646011162,0.7557557557557557,0.13004980630879912
0.7567567567567568,0.04781354898932025,0.9050056142909648,0.024555434827558377,0.7567567567567568,0.13004980630879912
0.7577577577577578,0.047686202208521246,0.9101269639694443,0.024484536082474227,0.7577577577577578,0.12918083123149468
0.7587587587587588,0.04769620178461552,0.9174692031775753,0.024484536082474227,0.7587587587587588,0.12918083123149468
0.7597597597597597,0.047706046679174566,0.9248114423857062,0.024484536082474227,0.7597597597597597,0.1272648835202761
0.7607607607607607,0.046891300675400295,0.9256096952513723,0.02405496138579263,0.7607607607607607,0.12703022480370013
0.7617617617617618,0.04584346153314388,0.9239989922600415,0.023504816994343786,0.7617617617617618,0.12523799449968268
0.7627627627627628,0.04515719221643714,0.9229165200689766,0.02314482017659435,0.7627627627627628,0.12523799449968268
0.7637637637637638,0.04492129334118641,0.9225279502703689,0.023021138810284964,0.7637637637637638,0.12401965910279202
0.7647647647647647,0.04468534214673401,0.9221393804717614,0.022897457443975578,0.7647647647647647,0.12373605754195768
0.7657657657657657,0.04444933854795593,0.9217508106731537,0.02277377607766619,0.7657657657657657,0.12291946655639409
0.7667667667667668,0.04421328245954339,0.921362240874546,0.02265009471135679,0.7667667667667668,0.1218663665200041
0.7677677677677678,0.04371798781493542,0.9205199561169534,0.022390691215729477,0.7677677677677678,0.11996779388083736
0.7687687687687688,0.04011763962409083,0.9138570009832498,0.020508984357832334,0.7687687687687688,0.1196752530820888
0.7697697697697697,0.03919640154016432,0.9119774910675361,0.02002861133384191,0.7697697697697697,0.11964357228674409
0.7707707707707707,0.03850437095282294,0.9104942038695657,0.019668062014959777,0.7707707707707707,0.11896243291592129
0.7717717717717718,0.03785523443382027,0.9094888415159653,0.019329896907216496,0.7717717717717718,0.11888458866726208
0.7727727727727728,0.03787168405376168,0.928875373702172,0.019329896907216496,0.7727727727727728,0.1177740700755717
0.7737737737737738,0.03760053680084481,0.9370471972485381,0.019185186749532818,0.7737737737737738,0.11657930498932247
0.7747747747747747,0.037099108387225334,0.9362315169028572,0.018924505401944083,0.7747747747747747,0.11517472474868358
0.7757757757757757,0.03659816482329512,0.9354125635402417,0.018664202349363664,0.7757757757757757,0.11284884809889492
0.7767767767767768,0.03610495083864245,0.9345576422345448,0.01840805646846866,0.7767767767767768,0.1128157156220767
0.7777777777777778,0.03561150567429331,0.9337027209288481,0.01815191058757368,0.7777777777777778,0.1122363653256527
0.7787787787787788,0.03502213160010826,0.9326372714623034,0.017846142452385295,0.7787787787787788,0.11219376391982183
0.7797797797797797,0.0343595767354162,0.9314116549682323,0.017502622365451703,0.7797797797797797,0.11011092925986543
0.7807807807807807,0.03276152014474226,0.9282530004590331,0.016675022019017088,0.7807807807807807,0.10918918918918918
0.7817817817817818,0.03138937474439515,0.9252947077441599,0.015965491248840287,0.7817817817817818,0.1075764288879043
0.7827827827827828,0.02833648004304893,0.917779627762018,0.014390391964307615,0.7827827827827828,0.10607647983237296
0.7837837837837838,0.026670149036238752,0.9212809555949439,0.013530927835051547,0.7837837837837838,0.10486923606331727
0.7847847847847848,0.0266826237047339,0.9520311808291496,0.013530927835051547,0.7847847847847848,0.10486923606331727
0.7857857857857857,0.024525136269568478,0.9506671411062427,0.012422808804524453,0.7857857857857857,0.1038032842678465
0.7867867867867868,0.022578934841465493,0.946586967711877,0.01142573644166364,0.7867867867867868,0.1030875653787751
0.7877877877877878,0.02002468742824371,0.9400971917113872,0.010120126382408062,0.7877877877877878,0.10196765049191263
0.7887887887887888,0.019509001630995167,0.9385954846978805,0.009856940617154303,0.7887887887887888,0.10151653269246706
0.7897897897897898,0.018885442051647966,0.9366847736232724,0.00953888251906274,0.7897897897897898,0.10084724849880727
0.7907907907907907,0.01797106182086779,0.933671076146707,0.009072846826810347,0.7907907907907907,0.10031860142145249
0.7917917917917918,0.016607889847496133,0.9614687255349884,0.008376288659793814,0.7917917917917918,0.09874658524827254
0.7927927927927928,0.0164448096155378,1.0,0.008290573257177879,0.7927927927927928,0.097822631913541
0.7937937937937938,0.015651904585242012,1.0,0.007887680907099383,0.7937937937937938,0.09609234849075735
0.7947947947947948,0.014423549902579382,1.0,0.007264162456132929,0.7947947947947948,0.09537058505294072
0.7957957957957957,0.012603730883438996,1.0,0.006341830806113779,0.7957957957957957,0.09406844106463878
0.7967967967967968,0.012041843025861037,1.0,0.006057392598338119,0.7967967967967968,0.09406844106463878
0.7977977977977978,0.011276106220632486,1.0,0.005670020989793305,0.7977977977977978,0.0922973778307509
0.7987987987987988,0.009584299756190318,1.0,0.004815225158752677,0.7987987987987988,0.09207692878889136
0.7997997997997998,0.008672531992924708,1.0,0.004355151090043565,0.7997997997997998,0.09129667744780946
0.8008008008008007,0.007956910853858495,1.0,0.003994346757463516,0.8008008008008007,0.09041315100378237
0.8018018018018018,0.007020563417000876,1.0,0.0035226471925057915,0.8018018018018018,0.09001518328392741
0.8028028028028028,0.006045847687880602,1.0,0.00303208961994941,0.8028028028028028,0.08993143269577769
0.8038038038038038,0.005179623835243109,1.0,0.0025965364586868003,0.8038038038038038,0.0862295308505493
0.8048048048048048,0.0034734993016971062,1.0,0.0017397711978690085,0.8048048048048048,0.08608222574202878
0.8058058058058059,0.0024963719490747886,1.0,0.0012497458898288144,0.8058058058058059,0.08578481793869575
0.8068068068068068,0.0023457226428799873,1.0,0.00117423854040618,0.8068068068068068,0.08524969383589603
0.8078078078078078,0.0021950506113945657,1.0,0.0010987311909835462,0.8078078078078078,0.0848730964467005
0.8088088088088088,0.002044355849476006,1.0,0.001023223841560912,0.8088088088088088,0.08390113560454242
0.8098098098098098,0.0018936383519802386,1.0,0.000947716492138278,0.8098098098098098,0.0837441705529647
0.8108108108108109,0.0017428981137616263,1.0,0.0008722091427156355,0.8108108108108109,0.08280212919760793
0.8118118118118118,0.0015921351296730275,1.0,0.0007967017932930014,0.8118118118118118,0.08280212919760793
0.8128128128128128,0.001441349394565698,1.0,0.0007211944438703673,0.8128128128128128,0.08150348747093775
0.8138138138138138,0.0012905409032893556,1.0,0.0006456870944477333,0.8138138138138138,0.0812914013762943
0.8148148148148148,0.0,1.0,0.0,0.8148148148148148,0.08077905491698595
0.8158158158158159,0.0,1.0,0.0,0.8158158158158159,0.0802051022346015
0.8168168168168168,0.0,1.0,0.0,0.8168168168168168,0.07824262618783166
0.8178178178178178,0.0,1.0,0.0,0.8178178178178178,0.07817790089258234
0.8188188188188188,0.0,1.0,0.0,0.8188188188188188,0.07789422075136361
0.8198198198198198,0.0,1.0,0.0,0.8198198198198198,0.07708610875620686
0.8208208208208209,0.0,1.0,0.0,0.8208208208208209,0.07671463840549166
0.8218218218218218,0.0,1.0,0.0,0.8218218218218218,0.07642549113560135
0.8228228228228228,0.0,1.0,0.0,0.8228228228228228,0.07618479880774963
0.8238238238238238,0.0,1.0,0.0,0.8238238238238238,0.0759275749480558
0.8248248248248248,0.0,1.0,0.0,0.8248248248248248,0.07589312163042834
0.8258258258258259,0.0,1.0,0.0,0.8258258258258259,0.07506294279524563
0.8268268268268268,0.0,1.0,0.0,0.8268268268268268,0.07445390810591575
0.8278278278278278,0.0,1.0,0.0,0.8278278278278278,0.07445390810591575
0.8288288288288288,0.0,1.0,0.0,0.8288288288288288,0.07328322514519986
0.8298298298298298,0.0,1.0,0.0,0.8298298298298298,0.07314441478789256
0.8308308308308309,0.0,1.0,0.0,0.8308308308308309,0.07195849835443745
0.8318318318318318,0.0,1.0,0.0,0.8318318318318318,0.07144832162804844
0.8328328328328328,0.0,1.0,0.0,0.8328328328328328,0.07118868028409404
0.8338338338338338,0.0,1.0,0.0,0.8338338338338338,0.07017448791589899
0.8348348348348348,0.0,1.0,0.0,0.8348348348348348,0.07013366524162563
0.8358358358358359,0.0,1.0,0.0,0.8358358358358359,0.06937095825984715
0.8368368368368369,0.0,1.0,0.0,0.8368368368368369,0.06903698979591837
0.8378378378378378,0.0,1.0,0.0,0.8378378378378378,0.06866002214839424
0.8388388388388388,0.0,1.0,0.0,0.8388388388388388,0.06866002214839424
0.8398398398398398,0.0,1.0,0.0,0.8398398398398398,0.06810822103833698
0.8408408408408409,0.0,1.0,0.0,0.8408408408408409,0.06781686847165203
0.8418418418418419,0.0,1.0,0.0,0.8418418418418419,0.0666598663742541
0.8428428428428428,0.0,1.0,0.0,0.8428428428428428,0.06555900310279252
0.8438438438438438,0.0,1.0,0.0,0.8438438438438438,0.06555900310279252
0.8448448448448448,0.0,1.0,0.0,0.8448448448448448,0.06534939279315151
0.8458458458458459,0.0,1.0,0.0,0.8458458458458459,0.06534939279315151
0.8468468468468469,0.0,1.0,0.0,0.8468468468468469,0.06360338573155985
0.8478478478478478,0.0,1.0,0.0,0.8478478478478478,0.06176663850558528
0.8488488488488488,0.0,1.0,0.0,0.8488488488488488,0.0615169194865811
0.8498498498498498,0.0,1.0,0.0,0.8498498498498498,0.06103655714946784
0.8508508508508509,0.0,1.0,0.0,0.8508508508508509,0.06082512201860208
0.8518518518518519,0.0,1.0,0.0,0.8518518518518519,0.06039716959598265
0.8528528528528528,0.0,1.0,0.0,0.8528528528528528,0.06006441954361929
0.8538538538538538,0.0,1.0,0.0,0.8538538538538538,0.059183218031689355
0.8548548548548548,0.0,1.0,0.0,0.8548548548548548,0.05914074338176308
0.8558558558558559,0.0,1.0,0.0,0.8558558558558559,0.05853336269544153
0.8568568568568569,0.0,1.0,0.0,0.8568568568568569,0.05847181922096193
0.8578578578578578,0.0,1.0,0.0,0.8578578578578578,0.05618119701379223
0.8588588588588588,0.0,1.0,0.0,0.8588588588588588,0.055757575757575756
0.8598598598598598,0.0,1.0,0.0,0.8598598598598598,0.054699664017044985
0.8608608608608609,0.0,1.0,0.0,0.8608608608608609,0.05358717434869739
0.8618618618618619,0.0,1.0,0.0,0.8618618618618619,0.05343816099293611
0.8628628628628628,0.0,1.0,0.0,0.8628628628628628,0.05329727149789197
0.8638638638638638,0.0,1.0,0.0,0.8638638638638638,0.052685341610026325
0.8648648648648649,0.0,1.0,0.0,0.8648648648648649,0.051941522277227724
0.8658658658658659,0.0,1.0,0.0,0.8658658658658659,0.05018670649738611
0.8668668668668669,0.0,1.0,0.0,0.8668668668668669,0.050121020294172404
0.8678678678678678,0.0,1.0,0.0,0.8678678678678678,0.050001856045139015
0.8688688688688688,0.0,1.0,0.0,0.8688688688688688,0.04919049008168028
0.8698698698698699,0.0,1.0,0.0,0.8698698698698699,0.0485779008306066
0.8708708708708709,0.0,1.0,0.0,0.8708708708708709,0.04714086471408647
0.8718718718718719,0.0,1.0,0.0,0.8718718718718719,0.0467186529570078
0.8728728728728729,0.0,1.0,0.0,0.8728728728728729,0.0466838931955211
0.8738738738738738,0.0,1.0,0.0,0.8738738738738738,0.04637255236988689
0.8748748748748749,0.0,1.0,0.0,0.8748748748748749,0.04618105148609127
0.8758758758758759,0.0,1.0,0.0,0.8758758758758759,0.04529860440329081
0.8768768768768769,0.0,1.0,0.0,0.8768768768768769,0.04442776000522296
0.8778778778778779,0.0,1.0,0.0,0.8778778778778779,0.04235944929608105
0.8788788788788788,0.0,1.0,0.0,0.8788788788788788,0.04164378546586125
0.8798798798798799,0.0,1.0,0.0,0.8798798798798799,0.04095706404413529
0.8808808808808809,0.0,1.0,0.0,0.8808808808808809,0.03963723814214933
0.8818818818818819,0.0,1.0,0.0,0.8818818818818819,0.039595083152566886
0.8828828828828829,0.0,1.0,0.0,0.8828828828828829,0.038986133212093654
0.8838838838838838,0.0,1.0,0.0,0.8838838838838838,0.038986133212093654
0.8848848848848849,0.0,1.0,0.0,0.8848848848848849,0.03881027031607491
0.8858858858858859,0.0,1.0,0.0,0.8858858858858859,0.037805883970305196
0.8868868868868869,0.0,1.0,0.0,0.8868868868868869,0.03728776842048255
0.8878878878878879,0.0,1.0,0.0,0.8878878878878879,0.03666631265930331
0.8888888888888888,0.0,1.0,0.0,0.8888888888888888,0.03666631265930331
0.8898898898898899,0.0,1.0,0.0,0.8898898898898899,0.03596055267882699
0.8908908908908909,0.0,1.0,0.0,0.8908908908908909,0.03553899524604908
0.8918918918918919,0.0,1.0,0.0,0.8918918918918919,0.03350914545630504
0.8928928928928929,0.0,1.0,0.0,0.8928928928928929,0.03323581602800825
0.8938938938938938,0.0,1.0,0.0,0.8938938938938938,0.03252108716026242
0.8948948948948949,0.0,1.0,0.0,0.8948948948948949,0.03244038582805895
0.8958958958958959,0.0,1.0,0.0,0.8958958958958959,0.032116552376994296
0.8968968968968969,0.0,1.0,0.0,0.8968968968968969,0.03205157725074833
0.8978978978978979,0.0,1.0,0.0,0.8978978978978979,0.03180107220257785
0.8988988988988988,0.0,1.0,0.0,0.8988988988988988,0.031774211903949016
0.8998998998998999,0.0,1.0,0.0,0.8998998998998999,0.03174494966709841
0.9009009009009009,0.0,1.0,0.0,0.9009009009009009,0.031015141774004034
0.9019019019019019,0.0,1.0,0.0,0.9019019019019019,0.02989664303408217
0.9029029029029029,0.0,1.0,0.0,0.9029029029029029,0.029008897165321745
0.9039039039039038,0.0,1.0,0.0,0.9039039039039038,0.028117359413202935
0.9049049049049049,0.0,1.0,0.0,0.9049049049049049,0.02735804969234364
0.9059059059059059,0.0,1.0,0.0,0.9059059059059059,0.027133428538345748
0.9069069069069069,0.0,1.0,0.0,0.9069069069069069,0.026751785985712113
0.9079079079079079,0.0,1.0,0.0,0.9079079079079079,0.025579623380864263
0.9089089089089089,0.0,1.0,0.0,0.9089089089089089,0.025289457647775748
0.9099099099099099,0.0,1.0,0.0,0.9099099099099099,0.025216832637327338
0.9109109109109109,0.0,1.0,0.0,0.9109109109109109,0.024663794456751147
0.9119119119119119,0.0,1.0,0.0,0.9119119119119119,0.02422583404619333
0.9129129129129129,0.0,1.0,0.0,0.9129129129129129,0.02392570704938793
0.9139139139139139,0.0,1.0,0.0,0.9139139139139139,0.02348054870683236
0.914914914914915,0.0,1.0,0.0,0.914914914914915,0.02313381773158255
0.9159159159159159,0.0,1.0,0.0,0.9159159159159159,0.02265593881940572
0.9169169169169169,0.0,1.0,0.0,0.9169169169169169,0.022280984494062055
0.9179179179179179,0.0,1.0,0.0,0.9179179179179179,0.022041207474844275
0.9189189189189189,0.0,1.0,0.0,0.9189189189189189,0.021940681744799274
0.91991991991992,0.0,1.0,0.0,0.91991991991992,0.021876005331127348
0.9209209209209209,0.0,1.0,0.0,0.9209209209209209,0.020826658122396667
0.9219219219219219,0.0,1.0,0.0,0.9219219219219219,0.02074965562241717
0.9229229229229229,0.0,1.0,0.0,0.9229229229229229,0.0201433792521788
0.9239239239239239,0.0,1.0,0.0,0.9239239239239239,0.020142429733260293
0.924924924924925,0.0,1.0,0.0,0.924924924924925,0.020011697860962567
0.9259259259259259,0.0,1.0,0.0,0.9259259259259259,0.019710240278520225
0.9269269269269269,0.0,1.0,0.0,0.9269269269269269,0.019599030263408788
0.9279279279279279,0.0,1.0,0.0,0.9279279279279279,0.018431116738933016
0.9289289289289289,0.0,1.0,0.0,0.9289289289289289,0.01840412497447417
0.92992992992993,0.0,1.0,0.0,0.92992992992993,0.017822979794862935
0.9309309309309309,0.0,1.0,0.0,0.9309309309309309,0.01712653486938795
0.9319319319319319,0.0,1.0,0.0,0.9319319319319319,0.01688349571203547
0.9329329329329329,0.0,1.0,0.0,0.9329329329329329,0.016604362085177626
0.933933933933934,0.0,1.0,0.0,0.933933933933934,0.016107531659631195
0.934934934934935,0.0,1.0,0.0,0.934934934934935,0.014401904384050784
0.9359359359359359,0.0,1.0,0.0,0.9359359359359359,0.014186405264493957
0.9369369369369369,0.0,1.0,0.0,0.9369369369369369,0.013701081020000753
0.9379379379379379,0.0,1.0,0.0,0.9379379379379379,0.013273650527390579
0.938938938938939,0.0,1.0,0.0,0.938938938938939,0.01253266400770183
0.93993993993994,0.0,1.0,0.0,0.93993993993994,0.012517051157762887
0.9409409409409409,0.0,1.0,0.0,0.9409409409409409,0.012486645869834622
0.9419419419419419,0.0,1.0,0.0,0.9419419419419419,0.01225769669327252
0.9429429429429429,0.0,1.0,0.0,0.9429429429429429,0.010977392869193567
0.943943943943944,0.0,1.0,0.0,0.943943943943944,0.009906677208560559
0.944944944944945,0.0,1.0,0.0,0.944944944944945,0.009607827727129833
0.9459459459459459,0.0,1.0,0.0,0.9459459459459459,0.009267671032376915
0.9469469469469469,0.0,1.0,0.0,0.9469469469469469,0.008844289991702841
0.9479479479479479,0.0,1.0,0.0,0.9479479479479479,0.008564562957101547
0.948948948948949,0.0,1.0,0.0,0.948948948948949,0.008430680120650874
0.94994994994995,0.0,1.0,0.0,0.94994994994995,0.007488640113725789
0.950950950950951,0.0,1.0,0.0,0.950950950950951,0.007368505131994089
0.9519519519519519,0.0,1.0,0.0,0.9519519519519519,0.007200799006114346
0.9529529529529529,0.0,1.0,0.0,0.9529529529529529,0.007187252467428966
0.953953953953954,0.0,1.0,0.0,0.953953953953954,0.007054026891989083
0.954954954954955,0.0,1.0,0.0,0.954954954954955,0.0066312819435066644
0.955955955955956,0.0,1.0,0.0,0.955955955955956,0.006556855537096603
0.9569569569569569,0.0,1.0,0.0,0.9569569569569569,0.006438614354730389
0.9579579579579579,0.0,1.0,0.0,0.9579579579579579,0.006126829911455565
0.958958958958959,0.0,1.0,0.0,0.958958958958959,0.006041205157541972
0.95995995995996,0.0,1.0,0.0,0.95995995995996,0.005956497579423299
0.960960960960961,0.0,1.0,0.0,0.960960960960961,0.005718994959464898
0.9619619619619619,0.0,1.0,0.0,0.9619619619619619,0.005226712597322579
0.9629629629629629,0.0,1.0,0.0,0.9629629629629629,0.0049217782928178255
0.963963963963964,0.0,1.0,0.0,0.963963963963964,0.0046554732131472805
0.964964964964965,0.0,1.0,0.0,0.964964964964965,0.004619849315195233
0.965965965965966,0.0,1.0,0.0,0.965965965965966,0.004417858752219974
0.9669669669669669,0.0,1.0,0.0,0.9669669669669669,0.004089104891942474
0.9679679679679679,0.0,1.0,0.0,0.9679679679679679,0.004024279552215228
0.968968968968969,0.0,1.0,0.0,0.968968968968969,0.003957873905926811
0.96996996996997,0.0,1.0,0.0,0.96996996996997,0.00377643315136576
0.970970970970971,0.0,1.0,0.0,0.970970970970971,0.0037103056385812696
0.9719719719719719,0.0,1.0,0.0,0.9719719719719719,0.0034549550787152787
0.9729729729729729,0.0,1.0,0.0,0.9729729729729729,0.00326200530210789
0.973973973973974,0.0,1.0,0.0,0.973973973973974,0.0031882523864448665
0.974974974974975,0.0,1.0,0.0,0.974974974974975,0.0
0.975975975975976,0.0,1.0,0.0,0.975975975975976,0.0
0.9769769769769769,0.0,1.0,0.0,0.9769769769769769,0.0
0.9779779779779779,0.0,1.0,0.0,0.9779779779779779,0.0
0.978978978978979,0.0,1.0,0.0,0.978978978978979,0.0
0.97997997997998,0.0,1.0,0.0,0.97997997997998,0.0
0.980980980980981,0.0,1.0,0.0,0.980980980980981,0.0
0.9819819819819819,0.0,1.0,0.0,0.9819819819819819,0.0
0.9829829829829829,0.0,1.0,0.0,0.9829829829829829,0.0
0.983983983983984,0.0,1.0,0.0,0.983983983983984,0.0
0.984984984984985,0.0,1.0,0.0,0.984984984984985,0.0
0.985985985985986,0.0,1.0,0.0,0.985985985985986,0.0
0.986986986986987,0.0,1.0,0.0,0.986986986986987,0.0
0.9879879879879879,0.0,1.0,0.0,0.9879879879879879,0.0
0.988988988988989,0.0,1.0,0.0,0.988988988988989,0.0
0.98998998998999,0.0,1.0,0.0,0.98998998998999,0.0
0.990990990990991,0.0,1.0,0.0,0.990990990990991,0.0
0.991991991991992,0.0,1.0,0.0,0.991991991991992,0.0
0.992992992992993,0.0,1.0,0.0,0.992992992992993,0.0
0.993993993993994,0.0,1.0,0.0,0.993993993993994,0.0
0.994994994994995,0.0,1.0,0.0,0.994994994994995,0.0
0.995995995995996,0.0,1.0,0.0,0.995995995995996,0.0
0.996996996996997,0.0,1.0,0.0,0.996996996996997,0.0
0.997997997997998,0.0,1.0,0.0,0.997997997997998,0.0
0.998998998998999,0.0,1.0,0.0,0.998998998998999,0.0
1.0,0.0,1.0,0.0,1.0,0.0
