conf,f1,precision_at_conf,recall_at_conf,recall_axis,precision_at_recall
0.0,0.04012270814011557,0.020515663986692544,0.9059278350515464,0.0,1.0
0.001001001001001001,0.04014994693327796,0.0205299074372368,0.9059278350515464,0.001001001001001001,1.0
0.002002002002002002,0.06160880160510349,0.031931022236405954,0.8730670103092784,0.002002002002002002,1.0
0.003003003003003003,0.07985261554622802,0.04189291445704235,0.8505154639175257,0.003003003003003003,1.0
0.004004004004004004,0.09567423444240045,0.050782637381054256,0.8247422680412371,0.004004004004004004,1.0
0.005005005005005005,0.11095964378472352,0.05957014783319864,0.8079896907216495,0.005005005005005005,1.0
0.006006006006006006,0.12460996401350667,0.06763045829688638,0.7912371134020618,0.006006006006006006,1.0
0.007007007007007007,0.13683280641222165,0.07503975354196424,0.7751288659793815,0.007007007007007007,0.9545454545454546
0.008008008008008008,0.14910378670350818,0.08261888018902347,0.7635309278350515,0.008008008008008008,0.9545454545454546
0.009009009009009009,0.16098874525592263,0.09008907116679239,0.7557989690721649,0.009009009009009009,0.9545454545454546
0.01001001001001001,0.17128279546402733,0.09678941172213767,0.7435567010309279,0.01001001001001001,0.9545454545454546
0.011011011011011011,0.18213686319045605,0.10394423499702832,0.7351804123711341,0.011011011011011011,0.9545454545454546
0.012012012012012012,0.1911548056740122,0.11015343717094708,0.7222938144329897,0.012012012012012012,0.9545454545454546
0.013013013013013013,0.1997570902032257,0.1162275539081684,0.7100515463917526,0.013013013013013013,0.9545454545454546
0.014014014014014014,0.20991763366841837,0.12332130024348459,0.7048969072164949,0.014014014014014014,0.9393939393939394
0.015015015015015015,0.21815345680337486,0.12933012260360166,0.696520618556701,0.015015015015015015,0.9393939393939394
0.016016016016016016,0.224873013611509,0.13442011072479212,0.6875,0.016016016016016016,0.9393939393939394
0.017017017017017015,0.23109380932146883,0.139318353349084,0.6771907216494846,0.017017017017017015,0.9393939393939394
0.018018018018018018,0.23768937218213998,0.14452656563721025,0.6688067473455658,0.018018018018018018,0.9393939393939394
0.01901901901901902,0.24358836401023118,0.1493004768463865,0.6610824742268041,0.01901901901901902,0.9393939393939394
0.02002002002002002,0.2507834561552954,0.15492036282619548,0.657860824742268,0.02002002002002002,0.9142857142857143
0.02102102102102102,0.2567392425821404,0.159913738659518,0.6507731958762887,0.02102102102102102,0.8947368421052632
0.022022022022022022,0.2629726325831783,0.1650290992193169,0.6469072164948454,0.022022022022022022,0.8775510204081632
0.023023023023023025,0.2677924803209393,0.16946875231757494,0.6378865979381443,0.023023023023023025,0.8775510204081632
0.024024024024024024,0.2726074678109869,0.17363159729433397,0.634020618556701,0.024024024024024024,0.8775510204081632
0.025025025025025023,0.27764323609943825,0.1781475304744042,0.6288659793814433,0.025025025025025023,0.8775510204081632
0.026026026026026026,0.2840468157705081,0.18378660866279628,0.625,0.026026026026026026,0.8775510204081632
0.02702702702702703,0.28851875521967085,0.18807690315848036,0.6192010309278351,0.02702702702702703,0.8775510204081632
0.028028028028028028,0.29370199693828997,0.1931375494057723,0.6127577319587629,0.028028028028028028,0.8627450980392157
0.029029029029029027,0.29931832758034743,0.19829506360020493,0.6101804123711341,0.029029029029029027,0.8620689655172413
0.03003003003003003,0.30397008581764434,0.20297262906550245,0.6050257731958762,0.03003003003003003,0.8620689655172413
0.031031031031031032,0.30749251655471516,0.20703910502228226,0.5972938144329897,0.031031031031031032,0.8620689655172413
0.03203203203203203,0.3106769922333638,0.21033780455827966,0.5940721649484536,0.03203203203203203,0.8620689655172413
0.03303303303303303,0.3153278541369299,0.21504777634857622,0.5908505154639175,0.03303303303303303,0.8620689655172413
0.03403403403403403,0.31877859252828833,0.21907264322752426,0.5850515463917526,0.03403403403403403,0.8620689655172413
0.035035035035035036,0.3216102206090074,0.22250587297887747,0.5798969072164949,0.035035035035035036,0.8620689655172413
0.036036036036036036,0.32506759311972716,0.2266208710666689,0.5747422680412371,0.036036036036036036,0.8620689655172413
0.037037037037037035,0.32873307760165954,0.23072067945825273,0.571520618556701,0.037037037037037035,0.8620689655172413
0.03803803803803804,0.33230875524063275,0.2346946867975166,0.5689432989690721,0.03803803803803804,0.8620689655172413
0.03903903903903904,0.3368558016465096,0.23960002777607814,0.5670103092783505,0.03903903903903904,0.8620689655172413
0.04004004004004004,0.3400483334590321,0.24343915914567033,0.5637886597938144,0.04004004004004004,0.8620689655172413
0.04104104104104104,0.3433699384881777,0.2473556577049015,0.5612113402061856,0.04104104104104104,0.8620689655172413
0.04204204204204204,0.34633906213471194,0.25122672302819776,0.5573453608247423,0.04204204204204204,0.8620689655172413
0.043043043043043044,0.34860253152959164,0.2544243793913463,0.553479381443299,0.043043043043043044,0.8620689655172413
0.044044044044044044,0.3513025832576004,0.25829770671933,0.5489690721649485,0.044044044044044044,0.8620689655172413
0.04504504504504504,0.3547221059898074,0.26245455569582266,0.5470360824742269,0.04504504504504504,0.8620689655172413
0.04604604604604605,0.3578525182177548,0.26635561906435795,0.5451030927835051,0.04604604604604605,0.8620689655172413
0.04704704704704705,0.3606393976726139,0.2704100975707038,0.5412371134020618,0.04704704704704705,0.8620689655172413
0.04804804804804805,0.3637024125015743,0.2743664987536545,0.5393041237113402,0.04804804804804805,0.8620689655172413
0.04904904904904905,0.3656162990503044,0.27757836200045466,0.5354381443298969,0.04904904904904905,0.8617886178861789
0.050050050050050046,0.3687614213296991,0.2819364824060237,0.532860824742268,0.050050050050050046,0.8617886178861789
0.05105105105105105,0.3701431322265441,0.2844979819671438,0.5295623565080407,0.05105105105105105,0.8617886178861789
0.05205205205205205,0.37196069115472724,0.28777380271057584,0.5257731958762887,0.05205205205205205,0.8617886178861789
0.05305305305305305,0.37327592480362565,0.2905357358607375,0.5219072164948454,0.05305305305305305,0.8617886178861789
0.05405405405405406,0.37723388892626125,0.29556654832810164,0.5212628865979382,0.05405405405405406,0.8617886178861789
0.055055055055055056,0.3796286846880399,0.2989417265457993,0.5199742268041238,0.055055055055055056,0.8617886178861789
0.056056056056056056,0.38186141328633133,0.3019374807766438,0.5193298969072165,0.056056056056056056,0.8617886178861789
0.057057057057057055,0.383796782487784,0.3057083912928866,0.5154639175257731,0.057057057057057055,0.8617886178861789
0.058058058058058054,0.3844747095004225,0.3084223991359498,0.5103092783505154,0.058058058058058054,0.8617886178861789
0.05905905905905906,0.3864495495015799,0.31145246618437394,0.509020618556701,0.05905905905905906,0.8617886178861789
0.06006006006006006,0.3883225181792064,0.31488096024760287,0.5064432989690721,0.06006006006006006,0.8617886178861789
0.06106106106106106,0.3894338150863767,0.31735895158276844,0.5038659793814433,0.06106106106106106,0.8617886178861789
0.062062062062062065,0.3902921587849954,0.3195390738343099,0.5012886597938144,0.062062062062062065,0.8617886178861789
0.06306306306306306,0.3912290623476973,0.3221304219205422,0.49806701030927836,0.06306306306306306,0.8617886178861789
0.06406406406406406,0.393704085767493,0.3260528692250183,0.49677835051546393,0.06406406406406406,0.8617886178861789
0.06506506506506507,0.39461173478881795,0.32814431461847543,0.4948453608247423,0.06506506506506507,0.8617886178861789
0.06606606606606606,0.39599976643240964,0.3315174999713219,0.49162371134020616,0.06606606606606606,0.8617886178861789
0.06706706706706707,0.397358518770506,0.3352285076169246,0.4877577319587629,0.06706706706706707,0.8617886178861789
0.06806806806806806,0.39954420471155894,0.33866231034353195,0.48711340206185566,0.06806806806806806,0.8617886178861789
0.06906906906906907,0.4016150298911736,0.3429280578639581,0.4845360824742268,0.06906906906906907,0.8515625
0.07007007007007007,0.4025217378315599,0.34523476945542636,0.48260309278350516,0.07007007007007007,0.8515625
0.07107107107107107,0.40297262007261486,0.3475728307155871,0.4793814432989691,0.07107107107107107,0.8362573099415205
0.07207207207207207,0.401449442419894,0.34838559307207745,0.4735824742268041,0.07207207207207207,0.8362573099415205
0.07307307307307308,0.40438379105244826,0.35318775529206775,0.4729381443298969,0.07307307307307308,0.8362573099415205
0.07407407407407407,0.4047400830356682,0.3559257507005685,0.4690721649484536,0.07407407407407407,0.8362573099415205
0.07507507507507508,0.40587385126205416,0.35843599176452556,0.4677835051546392,0.07507507507507508,0.8362573099415205
0.07607607607607608,0.405746285835837,0.3601497471877013,0.4645618556701031,0.07607607607607608,0.8362573099415205
0.07707707707707707,0.40637166165819505,0.36270935630149553,0.46198453608247425,0.07707707707707707,0.8362573099415205
0.07807807807807808,0.40680191213806965,0.3641967809321245,0.46069587628865977,0.07807807807807808,0.8362573099415205
0.07907907907907907,0.4071594451129389,0.3668156443381518,0.4574742268041237,0.07907907907907907,0.8362573099415205
0.08008008008008008,0.40876881792148084,0.3698577036749165,0.4568298969072165,0.08008008008008008,0.8362573099415205
0.08108108108108109,0.40949618251116654,0.37190489583815833,0.45554123711340205,0.08108108108108109,0.8362573099415205
0.08208208208208208,0.4110673573763663,0.3753804145315341,0.4542525773195876,0.08208208208208208,0.8362573099415205
0.08308308308308308,0.4111292942592816,0.3772631531230096,0.45167525773195877,0.08308308308308308,0.8362573099415205
0.08408408408408408,0.41246447081317694,0.38135673607240067,0.4490979381443299,0.08408408408408408,0.8362573099415205
0.08508508508508508,0.4138105834397241,0.38461011238485143,0.4478092783505155,0.08508508508508508,0.8362573099415205
0.08608608608608609,0.41520556116684887,0.38813598296777824,0.4463340163713557,0.08608608608608609,0.8362573099415205
0.08708708708708708,0.4165744186434388,0.39138289584505304,0.44523195876288657,0.08708708708708708,0.8362573099415205
0.08808808808808809,0.41753223477353796,0.3935808592454161,0.44458762886597936,0.08808808808808809,0.8362573099415205
0.0890890890890891,0.4186092060329834,0.3970415220460863,0.4426546391752577,0.0890890890890891,0.8362573099415205
0.09009009009009009,0.41968087418139033,0.4010913286110859,0.44007731958762886,0.09009009009009009,0.8362573099415205
0.09109109109109109,0.4207123617200203,0.404066475615565,0.43878865979381443,0.09109109109109109,0.8362573099415205
0.0920920920920921,0.42310079485010427,0.40961921516440924,0.4375,0.0920920920920921,0.8362573099415205
0.09309309309309309,0.42312875191892146,0.4119575750605603,0.43492268041237114,0.09309309309309309,0.8285714285714286
0.0940940940940941,0.42384097826477146,0.4144804926336192,0.4336340206185567,0.0940940940940941,0.8258426966292135
0.09509509509509509,0.424906966458412,0.4171204766877252,0.4329896907216495,0.09509509509509509,0.8222222222222222
0.0960960960960961,0.42521586445403514,0.41947139210318213,0.4311198573050746,0.0960960960960961,0.8206521739130435
0.0970970970970971,0.4249963349113958,0.4215694581403689,0.42847938144329895,0.0970970970970971,0.8206521739130435
0.0980980980980981,0.42330357869157587,0.4226401711603237,0.42396907216494845,0.0980980980980981,0.8157894736842105
0.0990990990990991,0.4231112703269373,0.42403698867812295,0.42218958505654475,0.0990990990990991,0.8157894736842105
0.10010010010010009,0.4219309684378348,0.42475268706809394,0.41914649289753747,0.10010010010010009,0.8125
0.1011011011011011,0.42407849576799306,0.4301562425361119,0.4181701030927835,0.1011011011011011,0.8092783505154639
0.1021021021021021,0.4244605761384809,0.4339329338398964,0.4153929297119882,0.1021021021021021,0.8027522935779816
0.1031031031031031,0.4264315400153999,0.44001706703120036,0.41365979381443296,0.1031031031031031,0.8027522935779816
0.1041041041041041,0.42657739214565915,0.44179738996565077,0.41237113402061853,0.1041041041041041,0.8027522935779816
0.10510510510510511,0.42766982205846554,0.44565206726491957,0.4110824742268041,0.10510510510510511,0.8027522935779816
0.1061061061061061,0.42869836589659865,0.44789161967580177,0.4110824742268041,0.1061061061061061,0.8027522935779816
0.10710710710710711,0.4315071211211838,0.454067479482597,0.4110824742268041,0.10710710710710711,0.8027522935779816
0.10810810810810811,0.4318976371426758,0.4565219220196184,0.4097938144329897,0.10810810810810811,0.8027522935779816
0.1091091091091091,0.4323930244302537,0.4598148594716295,0.40805780846131057,0.1091091091091091,0.8027522935779816
0.11011011011011011,0.43310052465931637,0.4624984593245392,0.4072164948453608,0.11011011011011011,0.8027522935779816
0.1111111111111111,0.4333626003658273,0.4656221111134997,0.4052835051546392,0.1111111111111111,0.8027522935779816
0.11211211211211211,0.4343710148679769,0.46968650745269724,0.40399484536082475,0.11211211211211211,0.8027522935779816
0.11311311311311312,0.43547995754309093,0.4731710507370925,0.40335051546391754,0.11311311311311312,0.8026315789473685
0.11411411411411411,0.4359645302910007,0.4770178930578642,0.4014175257731959,0.11411411411411411,0.8026315789473685
0.11511511511511512,0.4361096244612872,0.4782798656065167,0.4007731958762887,0.11511511511511512,0.8026315789473685
0.11611611611611611,0.4371553567717237,0.48267049441761106,0.39948453608247425,0.11611611611611611,0.8026315789473685
0.11711711711711711,0.4366724283126193,0.484043947209778,0.3977465078059762,0.11711711711711711,0.8026315789473685
0.11811811811811812,0.437448067796336,0.48818732194581504,0.3962628865979381,0.11811811811811812,0.8016877637130801
0.11911911911911911,0.4369750990395042,0.48897147516037276,0.3949742268041237,0.11911911911911911,0.8016877637130801
0.12012012012012012,0.43599900229840494,0.4894992222844005,0.39304123711340205,0.12012012012012012,0.8016877637130801
0.12112112112112113,0.43676103009508915,0.49345395379801105,0.3917525773195876,0.12112112112112113,0.8016877637130801
0.12212212212212212,0.437034152284698,0.4959961108832176,0.3906011134477026,0.12212212212212212,0.8016877637130801
0.12312312312312312,0.437111787466738,0.4995834728120701,0.38852739205458814,0.12312312312312312,0.8008298755186722
0.12412412412412413,0.4364786196948429,0.5006174553045205,0.38690815738015266,0.12412412412412413,0.8008298755186722
0.12512512512512514,0.4367564008436486,0.5032507573829581,0.38578301795916553,0.12512512512512514,0.7967479674796748
0.12612612612612611,0.4371744884881297,0.5051743387591613,0.3853092783505155,0.12612612612612611,0.7967479674796748
0.12712712712712712,0.43771796259765244,0.5077463749017681,0.38466494845360827,0.12712712712712712,0.7951807228915663
0.12812812812812813,0.4382906571477072,0.5092902375014527,0.38466494845360827,0.12812812812812813,0.7937743190661478
0.12912912912912913,0.4393063334737021,0.5129832313291064,0.38413515982744534,0.12912912912912913,0.7937743190661478
0.13013013013013014,0.43978657201904975,0.5156613869631512,0.38337628865979384,0.13013013013013014,0.7937743190661478
0.13113113113113112,0.43984421937155255,0.5181712971403375,0.38208762886597936,0.13113113113113112,0.7937743190661478
0.13213213213213212,0.4409518669526481,0.5212563759130908,0.38208762886597936,0.13213213213213212,0.793233082706767
0.13313313313313313,0.4408885250950761,0.5234780877998646,0.38080811912250573,0.13313313313313313,0.793233082706767
0.13413413413413414,0.4413429854899007,0.5265872581564703,0.3798522647616479,0.13413413413413414,0.793233082706767
0.13513513513513514,0.441426632086842,0.5284111121208347,0.37903218767624547,0.13513513513513514,0.793233082706767
0.13613613613613612,0.4412401527492177,0.5307250266347233,0.37757731958762886,0.13613613613613612,0.79182156133829
0.13713713713713713,0.44143646821932997,0.5325744264858768,0.37693298969072164,0.13713713713713713,0.79182156133829
0.13813813813813813,0.44214950036027106,0.5359566141113701,0.37628865979381443,0.13813813813813813,0.7900355871886121
0.13913913913913914,0.44282777568876613,0.5392766202462626,0.3756443298969072,0.13913913913913914,0.7900355871886121
0.14014014014014015,0.4420792473731435,0.540666333104331,0.3739008014288927,0.14014014014014015,0.7900355871886121
0.14114114114114115,0.442307833118512,0.5458625546260258,0.37177835051546393,0.14114114114114115,0.7900355871886121
0.14214214214214213,0.4417174783246938,0.5470400497561931,0.3704031216273485,0.14214214214214213,0.7900355871886121
0.14314314314314314,0.4393919315875278,0.5467654146786468,0.36726804123711343,0.14314314314314314,0.7879858657243817
0.14414414414414414,0.4393476620827178,0.547739468804862,0.36676815147480485,0.14414414414414414,0.7859649122807018
0.14514514514514515,0.43651967327515806,0.5469096182599162,0.3632085296015818,0.14514514514514515,0.7808219178082192
0.14614614614614616,0.434229566815845,0.5466057276401713,0.360180412371134,0.14614614614614616,0.7808219178082192
0.14714714714714713,0.43409498256714185,0.5476121704740559,0.35956003553923027,0.14714714714714713,0.7762711864406779
0.14814814814814814,0.4340082074094366,0.5504059337253779,0.3582474226804124,0.14814814814814814,0.7718120805369127
0.14914914914914915,0.43327863860221666,0.5529220715060703,0.35620221498789784,0.14914914914914915,0.7687296416938111
0.15015015015015015,0.4311068422025786,0.5526307738414534,0.3533950084128105,0.15015015015015015,0.7687296416938111
0.15115115115115116,0.4304040303507379,0.5534208118073545,0.3521308547215978,0.15115115115115116,0.7687296416938111
0.15215215215215216,0.429768898316877,0.5553325876033498,0.35051546391752575,0.15215215215215216,0.7670807453416149
0.15315315315315314,0.42992385858038235,0.5574912949100869,0.34986607381670404,0.15315315315315314,0.7670807453416149
0.15415415415415415,0.43027744768676734,0.5603198197334577,0.3492268041237113,0.15415415415415415,0.7670807453416149
0.15515515515515516,0.42991265593371997,0.5624827420211271,0.3479137696587053,0.15515515515515516,0.7670807453416149
0.15615615615615616,0.42976423261639574,0.5635999755533286,0.3472938144329897,0.15615615615615616,0.7670807453416149
0.15715715715715717,0.4294805077707211,0.5643244066490988,0.34664948453608246,0.15715715715715717,0.7670807453416149
0.15815815815815815,0.42866842546816547,0.5649435587612028,0.34536082474226804,0.15815815815815815,0.7670807453416149
0.15915915915915915,0.4283145331596718,0.5671832505498597,0.3440721649484536,0.15915915915915915,0.7668711656441718
0.16016016016016016,0.4285710520222844,0.5680837831649547,0.3440721649484536,0.16016016016016016,0.7668711656441718
0.16116116116116116,0.4281149332711656,0.5701642249270882,0.34272842823787675,0.16116116116116116,0.7514970059880239
0.16216216216216217,0.4270299619515434,0.5708366769874419,0.34109930515740555,0.16216216216216217,0.7480719794344473
0.16316316316316315,0.4268887418313741,0.5746829379891408,0.3395618556701031,0.16316316316316315,0.7480719794344473
0.16416416416416416,0.4268982882312418,0.5765727974359749,0.3389175257731959,0.16416416416416416,0.7480719794344473
0.16516516516516516,0.4262460743388535,0.5787944436054991,0.3373368208365989,0.16516516516516516,0.7480719794344473
0.16616616616616617,0.42573097338806376,0.5798370871323989,0.33634020618556704,0.16616616616616617,0.7480719794344473
0.16716716716716717,0.42422402316323776,0.5800046488205375,0.33440721649484534,0.16716716716716717,0.7480719794344473
0.16816816816816815,0.42431520124252503,0.5822965065073474,0.3337628865979381,0.16816816816816815,0.7480719794344473
0.16916916916916916,0.4239923110126022,0.585029766231642,0.3324742268041237,0.16916916916916916,0.7480719794344473
0.17017017017017017,0.4236598504239818,0.5857626568736519,0.3318298969072165,0.17017017017017017,0.7480719794344473
0.17117117117117117,0.42340254890459694,0.5867643847060343,0.3311943101027728,0.17117117117117117,0.7480719794344473
0.17217217217217218,0.42135641216849384,0.5874619492780937,0.32847868798041296,0.17217217217217218,0.7480719794344473
0.17317317317317318,0.4207273936400856,0.5875542856933498,0.3276860432549875,0.17317317317317318,0.7480719794344473
0.17417417417417416,0.4186306622171964,0.5867809092300345,0.32538659793814434,0.17417417417417416,0.7480719794344473
0.17517517517517517,0.41835897088825463,0.5878139917039673,0.3247422680412371,0.17517517517517517,0.7480719794344473
0.17617617617617617,0.41574014490104555,0.5861220392005296,0.32210600727421085,0.17617617617617617,0.7480719794344473
0.17717717717717718,0.4152259307368512,0.5857430229245845,0.3216032248776674,0.17717717717717718,0.7480719794344473
0.1781781781781782,0.4145371688292652,0.5875711942924488,0.32023195876288657,0.1781781781781782,0.7480719794344473
0.17917917917917917,0.41492290107296725,0.5891237675342256,0.32023195876288657,0.17917917917917917,0.7480719794344473
0.18018018018018017,0.4146046245924144,0.590394390142573,0.3194796481600631,0.18018018018018017,0.7480719794344473
0.18118118118118118,0.41461707077958804,0.5922856470664917,0.31894329896907214,0.18118118118118118,0.7480719794344473
0.18218218218218218,0.41393899843547666,0.5939805616140265,0.3176546391752577,0.18218218218218218,0.7480719794344473
0.1831831831831832,0.41253187240923544,0.594121588087108,0.315960448149638,0.1831831831831832,0.7480719794344473
0.1841841841841842,0.410117007418094,0.592931826515622,0.31346758335168656,0.1841841841841842,0.7480719794344473
0.18518518518518517,0.4101415459652269,0.5941948393352824,0.3131443298969072,0.18518518518518517,0.7480719794344473
0.18618618618618618,0.4085939573632548,0.5946772316549788,0.31121134020618557,0.18618618618618618,0.7480719794344473
0.1871871871871872,0.40853241777227745,0.5967814442758225,0.31056701030927836,0.1871871871871872,0.7480719794344473
0.1881881881881882,0.4076372243550371,0.5977322262702109,0.30927835051546393,0.1881881881881882,0.7474489795918368
0.1891891891891892,0.40815231619949394,0.599952682613422,0.30927835051546393,0.1891891891891892,0.7437810945273632
0.19019019019019018,0.4067376245850686,0.6014500088482473,0.3072643847815698,0.19019019019019018,0.7437810945273632
0.19119119119119118,0.40576541879957084,0.6018339675865771,0.30605670103092786,0.19119119119119118,0.7437810945273632
0.1921921921921922,0.4047294282240522,0.6022684932892318,0.30476804123711343,0.1921921921921922,0.7437810945273632
0.1931931931931932,0.40383242338961806,0.60334279818424,0.30347938144329895,0.1931931931931932,0.7413793103448276
0.1941941941941942,0.4027165410437097,0.6048807141022795,0.3018363325295052,0.1941941941941942,0.7383863080684596
0.19519519519519518,0.40277561337621953,0.6068913500002497,0.30140431542531787,0.19519519519519518,0.7349397590361446
0.1961961961961962,0.401889263594194,0.6075248813547157,0.3002577319587629,0.1961961961961962,0.7349397590361446
0.1971971971971972,0.40051948879287047,0.6078694688525247,0.2986478907519717,0.1971971971971972,0.7342657342657343
0.1981981981981982,0.4007421286475653,0.6102440191820209,0.29832474226804123,0.1981981981981982,0.7342657342657343
0.1991991991991992,0.40050407520886133,0.61184546365459,0.297680412371134,0.1991991991991992,0.7342657342657343
0.20020020020020018,0.40034290239078185,0.6138271823396796,0.2970360824742268,0.20020020020020018,0.7342657342657343
0.2012012012012012,0.39995342497004444,0.6147531363503701,0.2963917525773196,0.2012012012012012,0.7342657342657343
0.2022022022022022,0.40025698791565567,0.6161897687183582,0.2963917525773196,0.2022022022022022,0.7342657342657343
0.2032032032032032,0.4001669715573137,0.6185929250244517,0.29574059055861845,0.2032032032032032,0.7331786542923434
0.2042042042042042,0.39915508400673455,0.6178459663831076,0.2948063303853075,0.2042042042042042,0.7321016166281755
0.20520520520520522,0.39931655229498497,0.6201564044313065,0.29445876288659795,0.20520520520520522,0.7307692307692307
0.2062062062062062,0.40013845592446434,0.6241384429390598,0.29445876288659795,0.2062062062062062,0.7307692307692307
0.2072072072072072,0.40022159855952877,0.6258047810708763,0.29417915284186835,0.2072072072072072,0.7307692307692307
0.2082082082082082,0.3989366553463361,0.6263287177908714,0.29267822642662056,0.2082082082082082,0.726457399103139
0.2092092092092092,0.3984363156783428,0.6275202001842138,0.2918814432989691,0.2092092092092092,0.7254464285714286
0.21021021021021022,0.39762933600365225,0.6294976472273345,0.29059278350515466,0.21021021021021022,0.7247899159663865
0.2112112112112112,0.3950511149451714,0.6286934897612093,0.28801546391752575,0.2112112112112112,0.7247899159663865
0.2122122122122122,0.39460280012175647,0.6294981075962067,0.28737113402061853,0.2122122122122122,0.7247899159663865
0.2132132132132132,0.39494575198312853,0.6312469847154146,0.28737113402061853,0.2132132132132132,0.7247899159663865
0.21421421421421422,0.39334025589781574,0.6324029606105095,0.2854381443298969,0.21421421421421422,0.7247899159663865
0.21521521521521522,0.38942205814604625,0.631457568970836,0.2815174061803179,0.21521521521521522,0.7247899159663865
0.21621621621621623,0.388496777352949,0.6315557858212367,0.2805319428760302,0.21621621621621623,0.7247899159663865
0.2172172172172172,0.38823976993905457,0.6347518127321448,0.27963917525773196,0.2172172172172172,0.7247899159663865
0.2182182182182182,0.3864806936046711,0.6353342415462544,0.2777061855670103,0.2182182182182182,0.7247899159663865
0.21921921921921922,0.3855025048858556,0.6368136426925529,0.2764175257731959,0.21921921921921922,0.7247899159663865
0.22022022022022023,0.38512196074483734,0.6381654020004254,0.2757731958762887,0.22022022022022023,0.7247899159663865
0.22122122122122123,0.3848838060637325,0.6393691768036646,0.2753052416909337,0.22122122122122123,0.7247899159663865
0.2222222222222222,0.3834166163225348,0.6391093577878136,0.27385401490185984,0.2222222222222222,0.7247899159663865
0.22322322322322322,0.382271522569884,0.6398556157216014,0.27255154639175255,0.22322322322322322,0.7229166666666667
0.22422422422422422,0.38129608700776035,0.6415163339680772,0.2712628865979381,0.22422422422422422,0.7227926078028748
0.22522522522522523,0.3816532052557786,0.6435425968682721,0.2712628865979381,0.22522522522522523,0.7227926078028748
0.22622622622622623,0.38170021969422857,0.6471904537954849,0.2706672132693279,0.22622622622622623,0.7227926078028748
0.2272272272272272,0.3809504063728716,0.6492589182724017,0.26955561043697607,0.2272272272272272,0.7224489795918367
0.22822822822822822,0.3802339623813717,0.6496112333472883,0.268778392878467,0.22822822822822822,0.7215447154471545
0.22922922922922923,0.379260920395177,0.6497769571227631,0.26777885788189537,0.22922922922922923,0.716297786720322
0.23023023023023023,0.37870770046672336,0.6511504188880318,0.2669960048787561,0.23023023023023023,0.7151394422310757
0.23123123123123124,0.37843739401060994,0.6518475257618637,0.26661057807898925,0.23123123123123124,0.7151394422310757
0.23223223223223222,0.37801870125671694,0.6523692184129356,0.2661082474226804,0.23223223223223222,0.7106299212598425
0.23323323323323322,0.3750858179315816,0.6511667959716924,0.2634068661283414,0.23323323323323322,0.708171206225681
0.23423423423423423,0.3746083552226468,0.6514710407384204,0.26288659793814434,0.23423423423423423,0.708171206225681
0.23523523523523523,0.37402947810529286,0.6531239828273375,0.26204975088741606,0.23523523523523523,0.7024952015355086
0.23623623623623624,0.37218174047225555,0.6526841705379454,0.2603092783505155,0.23623623623623624,0.700381679389313
0.23723723723723725,0.37253931437929133,0.6548888187350764,0.2603092783505155,0.23723723723723725,0.6975425330812854
0.23823823823823823,0.37212589179704564,0.6564227001800275,0.25966494845360827,0.23823823823823823,0.6902985074626866
0.23923923923923923,0.3717103597695683,0.6579653526249059,0.25902061855670105,0.23923923923923923,0.6888888888888889
0.24024024024024024,0.37067905056859524,0.6590805209137333,0.2578490609789418,0.24024024024024024,0.6824817518248175
0.24124124124124124,0.3707699443320333,0.6604232498001219,0.25773195876288657,0.24124124124124124,0.6818181818181818
0.24224224224224225,0.3694133187253583,0.6600627561649025,0.2564771704435864,0.24224224224224225,0.6817359855334539
0.24324324324324323,0.3681035907707293,0.66047526284436,0.2551546391752577,0.24324324324324323,0.6767857142857143
0.24424424424424424,0.3661130250168485,0.6606396572994835,0.25322164948453607,0.24424424424424424,0.6761565836298933
0.24524524524524524,0.3664101982086057,0.6627143942122051,0.2532018826499996,0.24524524524524524,0.6743362831858407
0.24624624624624625,0.3657870428798173,0.6632412425794858,0.25253065868984387,0.24624624624624625,0.6736474694589878
0.24724724724724725,0.3636752869786329,0.6616577353714151,0.2507487398547277,0.24724724724724725,0.6736474694589878
0.24824824824824826,0.3630778956636388,0.6629278329883578,0.25,0.24824824824824826,0.6736474694589878
0.24924924924924924,0.3627307817477401,0.6651610949028935,0.24935567010309279,0.24924924924924924,0.6683937823834197
0.2502502502502503,0.36286848162039065,0.6660881133960928,0.24935567010309279,0.2502502502502503,0.6632825719120136
0.25125125125125125,0.3629500976971728,0.6681998851267024,0.24913790658650284,0.25125125125125125,0.6632825719120136
0.25225225225225223,0.3625117584286334,0.6682986370084589,0.24871134020618557,0.25225225225225223,0.6632825719120136
0.25325325325325326,0.3628895879635693,0.6708740141659743,0.24871134020618557,0.25325325325325326,0.6622073578595318
0.25425425425425424,0.36174093498928794,0.6724959645567191,0.24741324488765704,0.25425425425425424,0.6622073578595318
0.2552552552552553,0.36045894103733217,0.6715408595351257,0.2463436758263524,0.2552552552552553,0.6611570247933884
0.25625625625625625,0.35977876160295363,0.6731826192711889,0.24548969072164947,0.25625625625625625,0.6611570247933884
0.25725725725725723,0.3598530683317013,0.6737032129836693,0.24548969072164947,0.25725725725725723,0.6611570247933884
0.25825825825825827,0.35992729093943543,0.6742238066961497,0.24548969072164947,0.25825825825825827,0.6600985221674877
0.25925925925925924,0.35935490339987897,0.675074451280779,0.24484536082474226,0.25925925925925924,0.6574225122349103
0.2602602602602603,0.3587925356669285,0.6760113216638454,0.24420103092783504,0.2602602602602603,0.656910569105691
0.26126126126126126,0.3573724241123781,0.6758163975978303,0.24291237113402062,0.26126126126126126,0.6538461538461539
0.26226226226226224,0.35779137559841934,0.6814378813210442,0.2425792302473958,0.26226226226226224,0.6538461538461539
0.26326326326326327,0.3563960418765175,0.6815165358051443,0.2412883578290254,0.26326326326326327,0.6534810126582279
0.26426426426426425,0.3560997893102291,0.6824145162811645,0.2409047493126286,0.26426426426426425,0.6534810126582279
0.2652652652652653,0.35577660126354826,0.6821749405927645,0.2406388178854304,0.2652652652652653,0.6534810126582279
0.26626626626626626,0.35545333525497613,0.6819353649043646,0.24037288645823218,0.26626626626626626,0.6519685039370079
0.26726726726726724,0.3547566717968444,0.6823032182771572,0.23969072164948454,0.26726726726726724,0.6514913657770801
0.2682682682682683,0.3550972993402246,0.6848301418312421,0.23969072164948454,0.2682682682682683,0.6505460218408736
0.26926926926926925,0.3555357108803639,0.6881029281254001,0.23969072164948454,0.26926926926926925,0.6501547987616099
0.2702702702702703,0.3549566855017602,0.6890839995214979,0.23904639175257733,0.2702702702702703,0.6501547987616099
0.27127127127127126,0.35435520027929657,0.6899122344897315,0.23840206185567012,0.27127127127127126,0.6409090909090909
0.27227227227227224,0.3539216211395287,0.6920383467684085,0.23775773195876287,0.27227227227227224,0.6409090909090909
0.2732732732732733,0.3541651707202393,0.6939044439912002,0.23775773195876287,0.2732732732732733,0.6401799100449775
0.27427427427427425,0.3539013789493066,0.6973984079875265,0.23711340206185566,0.27427427427427425,0.6401799100449775
0.2752752752752753,0.35342219246743506,0.6992658020366356,0.23646907216494845,0.2752752752752753,0.6397608370702541
0.27627627627627627,0.35293884644024376,0.7011310345325144,0.23582474226804123,0.27627627627627627,0.6383928571428571
0.2772772772772773,0.3525834947993347,0.7021151487321455,0.23539672470283046,0.2772772772772773,0.6366322008862629
0.2782782782782783,0.3524474488669234,0.7044828050204004,0.23501078970964448,0.2782782782782783,0.6354319180087847
0.27927927927927926,0.3520488352795627,0.705570033767657,0.2345360824742268,0.27927927927927926,0.6354319180087847
0.2802802802802803,0.3522097400757224,0.7068644411288532,0.2345360824742268,0.2802802802802803,0.6328571428571429
0.28128128128128127,0.35232419372706725,0.707787341340112,0.2345360824742268,0.28128128128128127,0.6328571428571429
0.2822822822822823,0.35004255546838947,0.7070025574746461,0.23260309278350516,0.2822822822822823,0.6328571428571429
0.2832832832832833,0.3503761963235504,0.7097326006866294,0.23260309278350516,0.2832832832832833,0.6328571428571429
0.28428428428428426,0.34980900818493593,0.7101479854591379,0.23205902650481156,0.28428428428428426,0.6328571428571429
0.2852852852852853,0.3491318719122653,0.711554007696964,0.23131443298969073,0.2852852852852853,0.6328571428571429
0.2862862862862863,0.3495241121038419,0.7151127570449385,0.2312841928408014,0.2862862862862863,0.6326241134751773
0.2872872872872873,0.3489834434133974,0.7147303306558863,0.23085082014912736,0.2872872872872873,0.6326241134751773
0.2882882882882883,0.3481665368848612,0.7141512954267115,0.23019654091445835,0.2882882882882883,0.6302521008403361
0.28928928928928926,0.3472356777849515,0.7134894136774248,0.22945177309006862,0.28928928928928926,0.6302521008403361
0.2902902902902903,0.3471186939793442,0.7160369590888152,0.22908762365148608,0.2902902902902903,0.6300417246175244
0.2912912912912913,0.3467610823327836,0.7164201630413287,0.22873711340206185,0.2912912912912913,0.6300417246175244
0.2922922922922923,0.34697303028417414,0.7182330316327373,0.22873711340206185,0.2922922922922923,0.6272352132049519
0.2932932932932933,0.34718293984786236,0.7200353325710589,0.22873711340206185,0.2932932932932933,0.6272352132049519
0.29429429429429427,0.3473177105013698,0.7211961053230059,0.22873711340206185,0.29429429429429427,0.626027397260274
0.2952952952952953,0.34660519815272267,0.7214626602211583,0.22809278350515463,0.2952952952952953,0.6191117092866757
0.2962962962962963,0.3460615429865589,0.7219883411189877,0.22756986438523655,0.2962962962962963,0.6191117092866757
0.2972972972972973,0.3427582250955529,0.7210241208339366,0.22481505715726924,0.2972972972972973,0.6127320954907162
0.2982982982982983,0.3412922953618316,0.7207430210084199,0.22358247422680413,0.2982982982982983,0.6116248348745046
0.29929929929929927,0.3400351444427833,0.721852288187574,0.22239915320519402,0.29929929929929927,0.6078431372549019
0.3003003003003003,0.3401403689652653,0.723916550149885,0.22229381443298968,0.3003003003003003,0.6070038910505836
0.3013013013013013,0.3401165264077049,0.7247048687226864,0.22219923476331646,0.3013013013013013,0.6070038910505836
0.3023023023023023,0.33859251347054,0.7236246244412744,0.22100066916356434,0.3023023023023023,0.6056701030927835
0.3033033033033033,0.33787146889679354,0.7231111017670878,0.22043438281254735,0.3033033033033033,0.6053984575835476
0.30430430430430433,0.3360879989134433,0.7218349471045437,0.21903577870727178,0.30430430430430433,0.6033163265306123
0.3053053053053053,0.33479762298309707,0.7209057371966355,0.2180257518014401,0.3053053053053053,0.6027918781725888
0.3063063063063063,0.3327054416940453,0.7193894395476145,0.21639140145801017,0.3063063063063063,0.6020151133501259
0.3073073073073073,0.33213452764519485,0.7189734514644164,0.21594613428911835,0.3073073073073073,0.6020151133501259
0.3083083083083083,0.3314045200590888,0.7203499709089248,0.21520618556701032,0.3083083083083083,0.6007509386733417
0.30930930930930933,0.3312393952528003,0.7211826023389876,0.21499283613004214,0.30930930930930933,0.5975155279503106
0.3103103103103103,0.3307040748622235,0.7207929537581657,0.21457652824359763,0.3103103103103103,0.59727385377943
0.3113113113113113,0.3300765412365582,0.7203346233535644,0.21408889130848338,0.3113113113113113,0.5955882352941176
0.3123123123123123,0.32872017286007454,0.7193404113888044,0.21303611474382733,0.3123123123123123,0.5955882352941176
0.3133133133133133,0.32742499115491563,0.7189362012215962,0.21198453608247422,0.3133133133133133,0.594692400482509
0.31431431431431434,0.32759950844381974,0.7214252884627587,0.21191512526510456,0.31431431431431434,0.594692400482509
0.3153153153153153,0.32687392207021254,0.7223604503242164,0.21122818960981724,0.3153153153153153,0.594692400482509
0.3163163163163163,0.32649587657966517,0.7220828546130021,0.21093624225484395,0.3163163163163163,0.594692400482509
0.3173173173173173,0.3262430194487067,0.7233747742387392,0.21061543545420347,0.3173173173173173,0.594692400482509
0.3183183183183183,0.32554647111258855,0.722863622507726,0.21007832564662357,0.3183183183183183,0.592814371257485
0.31931931931931934,0.32492441509515324,0.7246938371310128,0.20940721649484537,0.31931931931931934,0.5909631391200951
0.3203203203203203,0.3241961093991585,0.7251726071723987,0.20876288659793815,0.3203203203203203,0.5884433962264151
0.3213213213213213,0.32411191129529954,0.7263017511192088,0.2085997366942146,0.3213213213213213,0.5884433962264151
0.32232232232232233,0.32365113429631054,0.7275162783283192,0.20811855670103094,0.32232232232232233,0.588098016336056
0.3233233233233233,0.3239409245151658,0.7307467250321475,0.20809480386769186,0.3233233233233233,0.588098016336056
0.32432432432432434,0.3233887112172194,0.7303458040074784,0.2076716668584083,0.32432432432432434,0.588098016336056
0.3253253253253253,0.3206370539067211,0.7286619542609427,0.20554123711340205,0.3253253253253253,0.5879629629629629
0.3263263263263263,0.31997869622351915,0.7299733779613524,0.20489690721649484,0.3263263263263263,0.5879629629629629
0.32732732732732733,0.31930128775430067,0.7320326489754888,0.20418091887419482,0.32732732732732733,0.5877598152424942
0.3283283283283283,0.318560000689009,0.7330696111881494,0.20349501928227093,0.3283283283283283,0.5875576036866359
0.32932932932932935,0.3176709558134209,0.7340096934206021,0.20269820394931032,0.32932932932932935,0.5874285714285714
0.3303303303303303,0.3171788882851818,0.733650099270523,0.20232502502294306,0.3303303303303303,0.5874285714285714
0.3313313313313313,0.3158705732749669,0.7326891140683809,0.20133396199169504,0.3313313313313313,0.5872291904218928
0.33233233233233234,0.3147788856157323,0.7318834843317534,0.20050814364184272,0.33233233233233234,0.5850340136054422
0.3333333333333333,0.31229175989719904,0.7316486060606532,0.19851151041161713,0.3333333333333333,0.5846501128668171
0.33433433433433435,0.31056157458996914,0.7319837571451877,0.19709108508001819,0.33433433433433435,0.5818385650224215
0.3353353353353353,0.3099372139499745,0.7329254430848596,0.19652061855670103,0.3353353353353353,0.58
0.3363363363363363,0.3085609276046824,0.7337787483332101,0.19535472087341213,0.3363363363363363,0.58
0.33733733733733734,0.3080310895966661,0.7333815197564971,0.1949582115492416,0.33733733733733734,0.5794701986754967
0.3383383383383383,0.3076094371238748,0.7330650794727526,0.19464281667505673,0.3383383383383383,0.5767543859649122
0.33933933933933935,0.30758829849504365,0.7336083882875047,0.19458762886597938,0.33933933933933935,0.5753275109170306
0.34034034034034033,0.3076520325604838,0.7343340429162825,0.19458762886597938,0.34034034034034033,0.5715823466092572
0.34134134134134136,0.3078507611590297,0.7366040022738135,0.19458762886597938,0.34134134134134136,0.5715823466092572
0.34234234234234234,0.30794030675462336,0.7376304583523737,0.19458762886597938,0.34234234234234234,0.5706638115631691
0.3433433433433433,0.30775920806914997,0.7382028623173481,0.19440329054232408,0.3433433433433433,0.5706638115631691
0.34434434434434436,0.3072290876724974,0.73874116131552,0.19394329896907217,0.34434434434434436,0.5673382820784729
0.34534534534534533,0.30703836621454156,0.7410704616348803,0.19363166425272074,0.34534534534534533,0.5665961945031712
0.34634634634634637,0.3062240384330789,0.7404681426065046,0.19302526689541175,0.34634634634634637,0.5651260504201681
0.34734734734734735,0.30574100351992806,0.7401101484811579,0.1926658228674954,0.34734734734734735,0.5625
0.3483483483483483,0.3054512726889536,0.7433481686324858,0.1922180680105468,0.3483483483483483,0.5617860851505712
0.34934934934934936,0.3027103146809336,0.7413149983185682,0.19018556928101077,0.34934934934934936,0.5574948665297741
0.35035035035035034,0.30109824971225063,0.7418636279910018,0.1888790472151841,0.35035035035035034,0.556237218813906
0.35135135135135137,0.30133779188210313,0.7461897992650652,0.18878865979381443,0.35135135135135137,0.5540950455005056
0.35235235235235235,0.29920745325889075,0.7475992497375462,0.18703088813241192,0.35235235235235235,0.5540950455005056
0.3533533533533533,0.2977058961196899,0.7464816806970291,0.18592814029220764,0.3533533533533533,0.5534465534465535
0.35435435435435436,0.29562683630954006,0.7449214117560045,0.1844044650352916,0.35435435435435436,0.5534465534465535
0.35535535535535534,0.2942843584670547,0.7439055308787539,0.18342259231503108,0.35535535535535534,0.5534465534465535
0.3563563563563564,0.29356554568939625,0.7433591372488169,0.18289748286258217,0.3563563563563564,0.5534465534465535
0.35735735735735735,0.29261387266796074,0.7426325574140182,0.1822029616978853,0.35735735735735735,0.5527888446215139
0.35835835835835833,0.2893181477008943,0.7400911280220245,0.1798037179801351,0.35835835835835833,0.5486725663716814
0.35935935935935936,0.2874147325341031,0.7386047354361496,0.17842227372790856,0.35935935935935936,0.5486725663716814
0.36036036036036034,0.2869794435068163,0.7382626164607905,0.17810680069578344,0.36036036036036034,0.5480769230769231
0.3613613613613614,0.284659622868975,0.736428806607731,0.1764281273507928,0.3613613613613614,0.5480769230769231
0.36236236236236236,0.28400347390017,0.7368188471990501,0.17590206185567012,0.36236236236236236,0.5480769230769231
0.36336336336336333,0.28397056417319533,0.7396345038468395,0.17571714284236759,0.36336336336336333,0.5480769230769231
0.36436436436436437,0.283057447832249,0.7389111623346045,0.1750589692081612,0.36436436436436437,0.5480769230769231
0.36536536536536535,0.28271708859291783,0.7386407139768995,0.17481381729800344,0.36536536536536535,0.5480769230769231
0.3663663663663664,0.28234926836431745,0.7383481633157453,0.17454898244803438,0.3663663663663664,0.5480769230769231
0.36736736736736736,0.28185869344686204,0.7379565968367378,0.17419597025547873,0.36736736736736736,0.5475285171102662
0.3683683683683684,0.2803805696354261,0.7367718408648309,0.1731335023175838,0.3683683683683684,0.5475285171102662
0.36936936936936937,0.27988634315721433,0.7381637545408124,0.17268041237113402,0.36936936936936937,0.5475285171102662
0.37037037037037035,0.27946626680061976,0.7379466023054961,0.1723725666207001,0.37037037037037035,0.5475285171102662
0.3713713713713714,0.2790316122170336,0.737597003017732,0.1720609860183675,0.3713713713713714,0.5469194312796208
0.37237237237237236,0.27645714822645134,0.7376772716457612,0.17010309278350516,0.37237237237237236,0.5427230046948357
0.3733733733733734,0.27658987676176555,0.7395712570155598,0.17010309278350516,0.3733733733733734,0.5425631431244153
0.3743743743743744,0.27570564916674045,0.7407477193877176,0.16937308028528736,0.3743743743743744,0.5398886827458256
0.37537537537537535,0.2750241173554572,0.7401961742401019,0.1688876429904864,0.37537537537537535,0.5393154486586494
0.3763763763763764,0.2746792594872523,0.739916159203677,0.16864216639406307,0.3763763763763764,0.535224153705398
0.37737737737737737,0.2743941713676264,0.7396843668830826,0.1684393059057302,0.37737737737737737,0.5312783318223028
0.3783783783783784,0.2741090174295437,0.7394525745624881,0.1682364454173973,0.3783783783783784,0.5292529252925292
0.3793793793793794,0.2728221644379043,0.7403893419748722,0.16722011060958597,0.3793793793793794,0.5287253141831239
0.38038038038038036,0.27051773679488744,0.7384986458258449,0.1655867117604064,0.38038038038038036,0.5248667850799289
0.3813813813813814,0.2695262706941636,0.7376778826352997,0.16488530888863256,0.3813813813813814,0.5238938053097345
0.38238238238238237,0.2690064558002737,0.7372456919181191,0.1645179014888496,0.38238238238238237,0.5173913043478261
0.3833833833833834,0.26872704421964766,0.7373425909353079,0.1643041237113402,0.3833833833833834,0.5133276010318143
0.3843843843843844,0.2687823242518613,0.738175725750272,0.1643041237113402,0.3843843843843844,0.5133276010318143
0.38538538538538536,0.2688375023133954,0.7390088605652362,0.1643041237113402,0.38538538538538536,0.5033613445378151
0.3863863863863864,0.2677548165537531,0.742310076168216,0.1633353276043352,0.3863863863863864,0.5033557046979866
0.38738738738738737,0.26737590173989034,0.7430975581151559,0.16301546391752578,0.38738738738738737,0.5
0.3883883883883884,0.26666744747419086,0.7455743372083287,0.16237113402061856,0.3883883883883884,0.4995857497928749
0.3893893893893894,0.2661002418616551,0.7503577279730789,0.16172680412371135,0.3893893893893894,0.4991749174917492
0.39039039039039036,0.2652683363428976,0.7510127293519151,0.16108247422680413,0.39039039039039036,0.4975369458128079
0.3913913913913914,0.26536390670237553,0.7525473713900992,0.16108247422680413,0.3913913913913914,0.49592169657422513
0.3923923923923924,0.2656047930869044,0.7564384673194054,0.16108247422680413,0.3923923923923924,0.49192245557350567
0.3933933933933934,0.26589611924447887,0.7611888389576945,0.16108247422680413,0.3933933933933934,0.4896
0.3943943943943944,0.2660793711663522,0.7642022338232605,0.16108247422680413,0.3943943943943944,0.48922585794094176
0.39539539539539537,0.2658014915498197,0.7665300283394123,0.16077604875339746,0.39539539539539537,0.48848292295472595
0.3963963963963964,0.2647831528449748,0.76573708966023,0.16006609079305328,0.3963963963963964,0.4873617693522907
0.3973973973973974,0.2635804635894583,0.7647951302713789,0.1592286690616552,0.3973973973973974,0.4873617693522907
0.3983983983983984,0.2635312583428119,0.7657954543994716,0.15914948453608246,0.3983983983983984,0.4839718530101642
0.3993993993993994,0.26359944962698284,0.7669485391763249,0.15914948453608246,0.3993993993993994,0.48324240062353857
0.40040040040040037,0.2607951586880662,0.7648680702555785,0.1571971373098487,0.40040040040040037,0.4817970565453137
0.4014014014014014,0.25929361365254955,0.76367186096923,0.15615726474969244,0.4014014014014014,0.4770290964777948
0.4024024024024024,0.2574083846574276,0.7644703506288052,0.1547590065190088,0.4024024024024024,0.4745634016704632
0.4034034034034034,0.2564105371345865,0.76366709285772,0.15407085208486385,0.4034034034034034,0.4724943481537302
0.4044044044044044,0.25608784462036954,0.7634061510855552,0.15384848748268123,0.4044044044044044,0.47005988023952094
0.40540540540540543,0.25584665039557514,0.7632107518824015,0.1536823382716965,0.40540540540540543,0.4639175257731959
0.4064064064064064,0.255605407568978,0.7630153526792478,0.15351618906071177,0.4064064064064064,0.4636296840558413
0.4074074074074074,0.2553608050690604,0.7628172525855905,0.15334776097872863,0.4074074074074074,0.46008708272859217
0.4084084084084084,0.2544596790263942,0.762620488877179,0.15270618556701032,0.4084084084084084,0.46008708272859217
0.4094094094094094,0.25455348497267066,0.764308750090292,0.15270618556701032,0.4094094094094094,0.4572250179726815
0.41041041041041043,0.25377780378928744,0.7664957421425652,0.15206185567010308,0.41041041041041043,0.45630372492836674
0.4114114114114114,0.25386285101587963,0.76805004852839,0.15206185567010308,0.4114114114114114,0.4426002766251729
0.4124124124124124,0.25362786326455256,0.7685107655661341,0.15187525717668945,0.4124124124124124,0.4420689655172414
0.4134134134134134,0.25314423656877744,0.768121837452305,0.15154368424154593,0.4134134134134134,0.44154057771664373
0.4144144144144144,0.2505249818064663,0.765995511636136,0.14975114861176636,0.4144144144144144,0.4383934649421375
0.41541541541541543,0.2502171575605993,0.7672231136227995,0.14948453608247422,0.41541541541541543,0.4346076458752515
0.4164164164164164,0.24989869102335316,0.7679092969352751,0.14923132280937382,0.4164164164164164,0.4346076458752515
0.4174174174174174,0.24892823536615402,0.767116071694147,0.1485694152612433,0.4174174174174174,0.4346076458752515
0.4184184184184184,0.24851105349839991,0.7691682462678944,0.1481958762886598,0.4184184184184184,0.4279131007241606
0.4194194194194194,0.247951187395637,0.7759088594394477,0.14755154639175258,0.4194194194194194,0.4253246753246753
0.42042042042042044,0.24706483412963356,0.7763832837238764,0.14690721649484537,0.42042042042042044,0.4253246753246753
0.4214214214214214,0.24557732974504407,0.7794631434349693,0.14574837583035055,0.4214214214214214,0.4253246753246753
0.4224224224224224,0.24435428324434638,0.7784837549728195,0.14492147122561325,0.4224224224224224,0.42479018721755973
0.42342342342342343,0.2436643574717895,0.7815915224392829,0.14432989690721648,0.42342342342342343,0.42479018721755973
0.4244244244244244,0.2432568513978205,0.7854770905855746,0.14391283285444917,0.4244244244244244,0.42329726288987907
0.42542542542542544,0.24274421557709094,0.7877444300286812,0.14347865101878146,0.42542542542542544,0.42329726288987907
0.4264264264264264,0.2416797346968653,0.7896086938010908,0.1426744280564152,0.4264264264264264,0.42329726288987907
0.4274274274274274,0.23888238055202646,0.7874020862639806,0.14079902427533736,0.4274274274274274,0.42329726288987907
0.42842842842842843,0.23776251348950153,0.7865077447397036,0.14004990936615216,0.42842842842842843,0.42329726288987907
0.4294294294294294,0.23749939160240646,0.7880217721943249,0.13981958762886598,0.4294294294294294,0.42012578616352203
0.43043043043043044,0.23551704320023417,0.7874654986513087,0.1384646959190764,0.43043043043043044,0.4197994987468672
0.4314314314314314,0.23309140332302886,0.7911442992852955,0.13668049088820333,0.4314314314314314,0.4197994987468672
0.43243243243243246,0.23269197503359035,0.7908231174468481,0.13641544311518156,0.43243243243243246,0.41843088418430885
0.43343343343343343,0.2324023882386049,0.7905898073686557,0.13622335530273755,0.43343343343343343,0.41671826625387
0.4344344344344344,0.2321127289954116,0.7903564972904633,0.13603126749029354,0.4344344344344344,0.4125916870415648
0.43543543543543545,0.2310397995726846,0.7923636521193614,0.13523618910813642,0.43543543543543545,0.41169305724725946
0.4364364364364364,0.23034766587283548,0.7918050028266971,0.13477832705899398,0.4364364364364364,0.4101633393829401
0.43743743743743746,0.22809178094232332,0.7899667222644747,0.13328847706055888,0.43743743743743746,0.41002415458937197
0.43843843843843844,0.22778363675700986,0.7897130696312346,0.1330852756270276,0.43843843843843844,0.40559857057772486
0.4394394394394394,0.22747541084108536,0.7894594169979943,0.13288207419349632,0.4394394394394394,0.40223792697290933
0.44044044044044045,0.22709985625244553,0.789149544489645,0.13263458398626188,0.44044044044044045,0.40046838407494145
0.44144144144144143,0.22653393892929782,0.7886806946558929,0.1322618549595699,0.44144144144144143,0.4
0.44244244244244246,0.22632781451459888,0.7898843838397065,0.13208762886597938,0.44244244244244246,0.3982608695652174
0.44344344344344344,0.2254680488772386,0.7937160829715079,0.13139671915558068,0.44344344344344344,0.39506880733944955
0.4444444444444444,0.22416090059239027,0.7926409315852975,0.1305388058486703,0.4444444444444444,0.39451114922813035
0.44544544544544545,0.22122670215025542,0.790193355838227,0.12861757920178468,0.44544544544544545,0.3916242218449349
0.44644644644644643,0.22023325860831944,0.7924006098679037,0.12788880686472737,0.44644644644644643,0.38823529411764707
0.44744744744744747,0.2198000321318085,0.7931497841339065,0.12757731958762886,0.44744744744744747,0.3852549889135255
0.44844844844844844,0.218681624891525,0.7941804846021179,0.12679805645829964,0.44844844844844844,0.3843180563224738
0.4494494494494494,0.2179207277714171,0.794103378586441,0.12628865979381443,0.4494494494494494,0.3807965084560829
0.45045045045045046,0.21678641878233995,0.7957144455059105,0.12548723649926977,0.45045045045045046,0.37891891891891893
0.45145145145145144,0.21526326092199802,0.7944265448854962,0.12449921004318099,0.45145145145145144,0.37891891891891893
0.45245245245245247,0.21521619290211588,0.7990218297122511,0.12435567010309279,0.45245245245245247,0.37640149492792313
0.45345345345345345,0.21440521990096198,0.8000995414508071,0.12378862593313304,0.45345345345345345,0.37640149492792313
0.4544544544544544,0.21230317836858104,0.7986779679254918,0.12242268041237113,0.4544544544544544,0.37354497354497357
0.45545545545545546,0.2123533935101075,0.800101495130494,0.12242268041237113,0.45545545545545546,0.37308707124010554
0.45645645645645644,0.21240345391859045,0.801525022335496,0.12242268041237113,0.45645645645645644,0.37081589958158995
0.4574574574574575,0.2111567743176138,0.8006334923784308,0.12161567075164197,0.4574574574574575,0.3673890608875129
0.45845845845845845,0.2106170032909365,0.8001764748335827,0.12126819607192493,0.45845845845845845,0.3673890608875129
0.45945945945945943,0.20966078180635836,0.7993621318303695,0.12065315350614192,0.45945945945945943,0.36709511568123393
0.46046046046046046,0.20900436532824254,0.7987996413762618,0.12023132878806404,0.46046046046046046,0.36554192229038857
0.46146146146146144,0.20849599576610445,0.798362835300689,0.11990483804376183,0.46146146146146144,0.36299292214357937
0.4624624624624625,0.20810489051180833,0.7980247723233633,0.11965380418830508,0.4624624624624625,0.36299292214357937
0.46346346346346345,0.20773983075521824,0.797708704354998,0.11941957834247874,0.46346346346346345,0.3605985037406484
0.46446446446446443,0.2071288712441265,0.7971779952096973,0.11902779007564841,0.46446446446446443,0.3605985037406484
0.46546546546546547,0.2054110118066609,0.7963672687215129,0.11791237113402062,0.46546546546546547,0.3605985037406484
0.46646646646646645,0.20545925800897635,0.7978199220071001,0.11791237113402062,0.46646646646646645,0.36037829766052765
0.4674674674674675,0.20553199641547545,0.8000187622214213,0.11791237113402062,0.4674674674674675,0.3588729609490855
0.46846846846846846,0.20408543716539315,0.8013069317170214,0.11693367999637211,0.46846846846846846,0.3568627450980392
0.4694694694694695,0.20308206529105216,0.8004318535656902,0.11629381090800896,0.4694694694694695,0.35585804569761786
0.47047047047047047,0.2010598158142141,0.7986475761266236,0.11500635341748426,0.47047047047047047,0.35585804569761786
0.47147147147147145,0.1983679327360071,0.7962292483468449,0.1132970511830413,0.47147147147147145,0.35585804569761786
0.4724724724724725,0.19760573544250848,0.7983443683619291,0.11275773195876289,0.4724724724724725,0.3535645472061657
0.47347347347347346,0.1965514923189477,0.8016905189426637,0.11200608373112765,0.47347347347347346,0.35083532219570407
0.4744744744744745,0.19610664280939002,0.8012903607355613,0.11172503279185493,0.4744744744744745,0.3484633569739953
0.4754754754754755,0.19561525340422536,0.800847816552062,0.11141471770375455,0.4754754754754755,0.34844192634560905
0.47647647647647645,0.19463434753667605,0.7999580181107707,0.11079579856863697,0.47647647647647645,0.3482142857142857
0.4774774774774775,0.19328745636278488,0.7987237854528394,0.10994706887603879,0.4774774774774775,0.34786685419596813
0.47847847847847846,0.19240362724723423,0.7979073614244697,0.10939080574927112,0.47847847847847846,0.34782608695652173
0.4794794794794795,0.1918259793318716,0.7973704952353229,0.10902754259839129,0.4794794794794795,0.34780578898225956
0.4804804804804805,0.19032925033994486,0.7959674927810003,0.1080873831983656,0.4804804804804805,0.347603536528618
0.48148148148148145,0.189681053118999,0.7953549773385045,0.10768069776236416,0.48148148148148145,0.34742220157919185
0.4824824824824825,0.18959047374259544,0.7989730674689708,0.10755641244801027,0.4824824824824825,0.34627831715210355
0.48348348348348347,0.18878766012480236,0.7982189787407815,0.10705350153134592,0.48348348348348347,0.3430790315212426
0.4844844844844845,0.1878162359611301,0.7972999672946298,0.10644556013496533,0.4844844844844845,0.34306569343065696
0.4854854854854855,0.18600250474613758,0.7955641050770378,0.10531222627336932,0.4854854854854855,0.3416402356139556
0.48648648648648646,0.18358270718242778,0.7932082356386414,0.10380368578588944,0.48648648648648646,0.33977528089887643
0.4874874874874875,0.18249090312848454,0.7939971320849218,0.10309278350515463,0.4874874874874875,0.3374944271065537
0.48848848848848847,0.18146572288640084,0.7949591886968064,0.10242292730281766,0.48848848848848847,0.3337730870712401
0.4894894894894895,0.18047184263520716,0.7941068615810069,0.1018041237113402,0.4894894894894895,0.3333333333333333
0.4904904904904905,0.18051523314129939,0.7957902291393408,0.1018041237113402,0.4904904904904905,0.333041958041958
0.49149149149149146,0.18055846120108912,0.7974735966976747,0.1018041237113402,0.49149149149149146,0.3317391304347826
0.4924924924924925,0.17968017864853295,0.8028659158203305,0.10115979381443299,0.4924924924924925,0.33088869715271785
0.4934934934934935,0.17977961449598093,0.8068540555586664,0.10115979381443299,0.4934934934934935,0.33088869715271785
0.4944944944944945,0.1798314283450142,0.8089461650958536,0.10115979381443299,0.4944944944944945,0.32904884318766064
0.4954954954954955,0.1788287647999425,0.8096083353338028,0.10051546391752578,0.4954954954954955,0.32807839795483595
0.4964964964964965,0.1788722941695201,0.8113962215282765,0.10051546391752578,0.4964964964964965,0.3271107339838778
0.4974974974974975,0.1779131254890532,0.8139754256159143,0.09987113402061856,0.4974974974974975,0.3226210350584307
0.4984984984984985,0.17668129482396436,0.814599891993341,0.09908621801007722,0.4984984984984985,0.32182952182952185
0.4994994994994995,0.1748329260107582,0.8136918337072211,0.0979381443298969,0.4994994994994995,0.3201646090534979
0.5005005005005005,0.17452323456004332,0.8168370086518788,0.09769863302969886,0.5005005005005005,0.3201646090534979
0.5015015015015015,0.17362041335547565,0.8203329390905952,0.09708393324466034,0.5015015015015015,0.318348998774009
0.5025025025025025,0.17269030857083154,0.819464849438848,0.09651468828901653,0.5025025025025025,0.3182559087204564
0.5035035035035035,0.17193981411110862,0.8187591787655748,0.09605578740952508,0.5035035035035035,0.31762794476035744
0.5045045045045045,0.17084528784885666,0.8196644763874703,0.09536082474226804,0.5045045045045045,0.31738954195379004
0.5055055055055055,0.17089848198222013,0.8221198850850742,0.09536082474226804,0.5055055055055055,0.3169156237383932
0.5065065065065065,0.17052152604880966,0.8218657350044669,0.09512955021431872,0.5065065065065065,0.3141716566866267
0.5075075075075075,0.17012573407665313,0.8214937438462842,0.09488821735517228,0.5075075075075075,0.3134447096260939
0.5085085085085085,0.1698608586873375,0.8220170375676494,0.09471649484536082,0.5085085085085085,0.3118831425187525
0.5095095095095095,0.16991901067621257,0.8247489190634042,0.09471649484536082,0.5095095095095095,0.31129476584022037
0.5105105105105106,0.1693420314743255,0.8252846669571345,0.09435107077551301,0.5105105105105106,0.3078416149068323
0.5115115115115115,0.16830720643417016,0.8243172219079694,0.0937215267890976,0.5115115115115115,0.3067437379576108
0.5125125125125125,0.16723734948144334,0.8279365411923552,0.09301262197824774,0.5125125125125125,0.3067437379576108
0.5135135135135135,0.16689174688014868,0.8291610619407838,0.09278350515463918,0.5135135135135135,0.30653846153846154
0.5145145145145145,0.1669315530009079,0.831130374320073,0.09278350515463918,0.5145145145145145,0.3061302681992337
0.5155155155155156,0.16671267443473808,0.8321463460421263,0.09263567971981672,0.5155155155155156,0.3061068702290076
0.5165165165165165,0.1660543557989706,0.8315429421478535,0.09223675316724868,0.5165165165165165,0.3061068702290076
0.5175175175175175,0.16536047148604047,0.8356882787615789,0.09175852042523701,0.5175175175175175,0.30489192263936293
0.5185185185185185,0.1630465581048482,0.8335696150672915,0.09036056035968656,0.5185185185185185,0.30377358490566037
0.5195195195195195,0.16162421322809992,0.8322430492340719,0.08950298717937548,0.5195195195195195,0.299443413729128
0.5205205205205206,0.15832084595334142,0.8290855004055263,0.08751642113495327,0.5205205205205206,0.2987060998151571
0.5215215215215215,0.15605313720232591,0.8268549102080385,0.08615679694509522,0.5215215215215215,0.2918918918918919
0.5225225225225225,0.15540166911659747,0.8262051464046231,0.08576681306437269,0.5225225225225225,0.29026485325697926
0.5235235235235235,0.1541755588783552,0.824969328750777,0.08503359083716329,0.5235235235235235,0.28952991452991456
0.5245245245245245,0.1536759192427099,0.8244594541705758,0.08473510019558743,0.5245245245245245,0.2895204262877442
0.5255255255255256,0.15317606052464133,0.8239495795903744,0.08443660955401153,0.5255255255255256,0.28874734607218683
0.5265265265265265,0.15249270406197868,0.8232448544170503,0.08402883911692602,0.5265265265265265,0.2868162692847125
0.5275275275275275,0.15206296992983934,0.823733774971796,0.08376288659793814,0.5275275275275275,0.2861635220125786
0.5285285285285285,0.1521069822291065,0.826324186550698,0.08376288659793814,0.5285285285285285,0.284772806104752
0.5295295295295295,0.150559759186579,0.8264135721096973,0.08282455549857966,0.5295295295295295,0.284527518172378
0.5305305305305306,0.14771435174524794,0.8234372644681927,0.08113442684403134,0.5305305305305306,0.2836488812392427
0.5315315315315315,0.147258009325741,0.8229497490998848,0.08086386419117321,0.5315315315315315,0.28272789581905416
0.5325325325325325,0.14680148499880435,0.8224622337315769,0.08059330153831508,0.5325325325325325,0.28201634877384196
0.5335335335335335,0.145200679692844,0.8207272676280042,0.07964568088426634,0.5335335335335335,0.280446549391069
0.5345345345345345,0.1446134733758795,0.8200849012015384,0.07929846821818554,0.5345345345345345,0.2791792801883619
0.5355355355355356,0.1433537681134736,0.8241321454207542,0.07850463312286697,0.5355355355355356,0.2763201594154766
0.5365365365365365,0.1428044293999238,0.8235312813526096,0.07818067399651502,0.5365365365365365,0.27601060304837643
0.5375375375375375,0.14246404064170465,0.8249572428749551,0.0779639175257732,0.5375375375375375,0.27548663807324314
0.5385385385385385,0.14237876543241487,0.8286140220507122,0.07788038264983448,0.5385385385385385,0.27518104015799866
0.5395395395395395,0.14192153457537152,0.8281206438957891,0.0776111863730375,0.5395395395395395,0.27430441898527
0.5405405405405406,0.14146412019510735,0.8276272657408659,0.07734199009624049,0.5405405405405406,0.27079303675048355
0.5415415415415415,0.1403702487086953,0.8291759484301977,0.07667525773195877,0.5415415415415415,0.27071290944123316
0.5425425425425425,0.14033789639917935,0.8320869560130328,0.07663116754726819,0.5425425425425425,0.27071290944123316
0.5435435435435435,0.139362558625404,0.831036849121231,0.07605869464818828,0.5435435435435435,0.2686187141947804
0.5445445445445445,0.13707358026692348,0.8285240975040279,0.07471754020157809,0.5445445445445445,0.2664566929133858
0.5455455455455456,0.13631787354912114,0.8276779829972538,0.07427549262045102,0.5455455455455456,0.26535087719298245
0.5465465465465466,0.13523507518913888,0.8264541831821771,0.07364272287909478,0.5465465465465466,0.2644036125817502
0.5475475475475475,0.13390521143997183,0.8249303869483603,0.07286656721557401,0.5475475475475475,0.2623456790123457
0.5485485485485485,0.13275316294116385,0.8275326347478584,0.07216494845360824,0.5485485485485485,0.2584167424931756
0.5495495495495496,0.13214399064198806,0.828899229109505,0.07179479646433623,0.5495495495495496,0.25706554419723393
0.5505505505505506,0.13170235520002968,0.8345317856691348,0.07149250319843396,0.5505505505505506,0.25706554419723393
0.5515515515515516,0.13102128061550508,0.833762367515953,0.0710968874212181,0.5515515515515516,0.2565868263473054
0.5525525525525525,0.12955883928780462,0.8343975952916758,0.0702319587628866,0.5525525525525525,0.2565789473684211
0.5535535535535535,0.12962981857863262,0.8403242500621481,0.0702319587628866,0.5535535535535535,0.2541371158392435
0.5545545545545546,0.1296911972328402,0.8455122353767499,0.0702319587628866,0.5545545545545546,0.2540572440247861
0.5555555555555556,0.12971153791889997,0.8472445835494389,0.0702319587628866,0.5555555555555556,0.2531534174244647
0.5565565565565566,0.1297318019365317,0.8489769317221278,0.0702319587628866,0.5565565565565566,0.2518950437317784
0.5575575575575575,0.12975198971838975,0.8507092798948168,0.0702319587628866,0.5575575575575575,0.2502890173410405
0.5585585585585585,0.1294526169631453,0.8512378514544948,0.07005298810513662,0.5585585585585585,0.2497841726618705
0.5595595595595596,0.12884290448964908,0.8505981217776031,0.06970032106676327,0.5595595595595596,0.24935437589670015
0.5605605605605606,0.12787404758096454,0.8495695641508941,0.06914040170722353,0.5605605605605606,0.24899942824471127
0.5615615615615616,0.12642042062769798,0.8480045367790947,0.06830139223652816,0.5615615615615616,0.24584155624471385
0.5625625625625625,0.12643057874299296,0.8492940837921156,0.06829896907216494,0.5625625625625625,0.24468085106382978
0.5635635635635635,0.12644493549120905,0.850591596742216,0.06829896907216494,0.5635635635635635,0.24359688195991092
0.5645645645645646,0.12645925175190492,0.8518891096923165,0.06829896907216494,0.5645645645645646,0.2430709534368071
0.5655655655655656,0.12647352769610792,0.8531866226424167,0.06829896907216494,0.5655655655655656,0.2424075096631695
0.5665665665665666,0.12648776349388346,0.8544841355925171,0.06829896907216494,0.5665665665665666,0.24070021881838075
0.5675675675675675,0.12651853799017057,0.8573015835352481,0.06829896907216494,0.5675675675675675,0.23855943677227187
0.5685685685685685,0.12655530803804016,0.8606905738960656,0.06829896907216494,0.5685685685685685,0.23546666666666666
0.5695695695695696,0.12362889139639692,0.858774820669915,0.06660894466825219,0.5695695695695696,0.232264844981608
0.5705705705705706,0.1211193856380512,0.8561057876659997,0.06516970400265186,0.5705705705705706,0.2315129344133786
0.5715715715715716,0.11955096164455455,0.8543881763151328,0.06427214709479163,0.5715715715715716,0.23052959501557632
0.5725725725725725,0.11901027489233941,0.8537873416758225,0.06396307615313307,0.5725725725725725,0.22953782597469663
0.5735735735735735,0.11700521691131772,0.8515181421455225,0.0628184825472938,0.5735735735735735,0.2289899768696993
0.5745745745745746,0.11388524350468646,0.8478554677645549,0.061042267103128656,0.5745745745745746,0.22877660938702232
0.5755755755755756,0.11341804330798892,0.8472920669150211,0.060776795629455094,0.5755755755755756,0.22632911392405064
0.5765765765765766,0.11245517731760835,0.8461188148325338,0.060230091309325245,0.5765765765765766,0.2252705763906368
0.5775775775775776,0.11139731921035025,0.8448107046007431,0.05963009203164455,0.5775775775775776,0.22486838806718476
0.5785785785785785,0.11077868026650675,0.8442735803068125,0.059278350515463915,0.5785785785785785,0.2247247247247247
0.5795795795795796,0.10981782670766939,0.8506048466296954,0.058698035101995824,0.5795795795795796,0.22304832713754646
0.5805805805805806,0.10826835797227662,0.8486834645772102,0.05782244526193419,0.5805805805805806,0.2217850995820015
0.5815815815815816,0.1075246053066965,0.8477468803180159,0.057402656972435476,0.5815815815815816,0.2213235294117647
0.5825825825825826,0.10681949101307517,0.8468450667627443,0.05700499875359083,0.5825825825825826,0.21976687712481788
0.5835835835835835,0.10511551744547099,0.8446330164456093,0.05604520259252462,0.5835835835835835,0.21932367149758455
0.5845845845845846,0.10399475803260017,0.8437202677852127,0.055412371134020616,0.5845845845845846,0.21932367149758455
0.5855855855855856,0.10404990247526491,0.8510388420646751,0.055412371134020616,0.5855855855855856,0.2191780821917808
0.5865865865865866,0.1025420803192346,0.8495205357378364,0.05456414535243043,0.5865865865865866,0.2191780821917808
0.5875875875875876,0.10157860411084917,0.848245659096391,0.054024028546099036,0.5875875875875876,0.2191780821917808
0.5885885885885885,0.09935778637264854,0.8452260732901636,0.05278115096554999,0.5885885885885885,0.2173602853745541
0.5895895895895896,0.09892152281394412,0.8446165697112608,0.05253734953398886,0.5895895895895896,0.21527614571092832
0.5905905905905906,0.09848509174405169,0.844007066132358,0.05229354810242775,0.5905905905905906,0.21520769772353907
0.5915915915915916,0.09835523806095567,0.8518181259455998,0.05219072164948454,0.5915915915915916,0.2127314814814815
0.5925925925925926,0.09532266122135273,0.8484364647590944,0.05049808507358302,0.5925925925925926,0.2122260668973472
0.5935935935935935,0.09245605682756002,0.8442729767213863,0.04890586080349339,0.5935935935935935,0.21127406049495875
0.5945945945945946,0.09200405510765078,0.8435931669459354,0.04865524978078717,0.5945945945945946,0.20990458882326216
0.5955955955955956,0.09155187429081944,0.8429133571704848,0.048404638758080966,0.5955955955955956,0.20903954802259886
0.5965965965965966,0.09150409090202369,0.8593922882871134,0.04832474226804124,0.5965965965965966,0.20902934537246048
0.5975975975975976,0.0906522751357859,0.860875420963041,0.04784524804797431,0.5975975975975976,0.20644444444444446
0.5985985985985985,0.08792248755188269,0.8569999149490206,0.046338241356559916,0.5985985985985985,0.2061627133673243
0.5995995995995996,0.08746482784787411,0.8563261619105338,0.046086018086353174,0.5995995995995996,0.20610349402919062
0.6006006006006006,0.08700698198537829,0.855652408872047,0.04583379481614646,0.6006006006006006,0.20577856197617997
0.6016016016016016,0.085885274478071,0.8539685562541576,0.04521638712767379,0.6016016016016016,0.20572687224669603
0.6026026026026026,0.08403749999028991,0.8511107886490068,0.04420091873096888,0.6026026026026026,0.20530818161877604
0.6036036036036035,0.08344827295972196,0.8501812645131632,0.043877501828033606,0.6036036036036035,0.20516750602145828
0.6046046046046046,0.08085798089703705,0.8459440941710442,0.042458130884412124,0.6046046046046046,0.20488762819114117
0.6056056056056056,0.07850964320545796,0.8419011631716506,0.04117464723359154,0.6056056056056056,0.20232458028411537
0.6066066066066066,0.07788201912097202,0.840782131345495,0.04083216004452972,0.6066066066066066,0.20149732620320857
0.6076076076076076,0.07746374578315263,0.8448737513585848,0.04059278350515464,0.6076076076076076,0.20055236881240707
0.6086086086086087,0.07612381946300231,0.8489900594908084,0.039848392261228285,0.6086086086086087,0.19957805907172996
0.6096096096096096,0.07574806703277015,0.8483260513062815,0.03964396237498918,0.6096096096096096,0.19840771003561702
0.6106106106106106,0.07537219098314231,0.8476620431217544,0.03943953248875008,0.6106106106106106,0.19623266404471124
0.6116116116116116,0.07278908895648878,0.8535621566861318,0.03801546391752577,0.6116116116116116,0.19383799224648032
0.6126126126126126,0.0713302644616585,0.8524348170785996,0.03722248882797036,0.6126126126126126,0.19380476869777868
0.6136136136136137,0.07082989815213774,0.8515127081655987,0.036951797577478566,0.6136136136136137,0.19175050301810864
0.6146146146146146,0.07034031778179956,0.8506067921364178,0.03668706409969325,0.6146146146146146,0.19011558389796732
0.6156156156156156,0.06990473710300228,0.8497806018953111,0.03645166376166662,0.6156156156156156,0.1897781299524564
0.6166166166166166,0.06946899049593137,0.8489544116542046,0.03621626342363998,0.6166166166166166,0.1897781299524564
0.6176176176176176,0.0687037173397478,0.8474742117285978,0.035803116515185855,0.6176176176176176,0.18835482610394685
0.6186186186186187,0.06689843085285581,0.8438841436077444,0.03482977045156037,0.6186186186186187,0.18835482610394685
0.6196196196196196,0.06504120148223283,0.8400017590906914,0.03383033962681962,0.6196196196196196,0.18835482610394685
0.6206206206206206,0.06283079513829977,0.83514332009723,0.032643334507465316,0.6206206206206206,0.18835482610394685
0.6216216216216216,0.06087118795396205,0.8454532250638167,0.03157216494845361,0.6216216216216216,0.18814583739520374
0.6226226226226226,0.05956083594063453,0.8568401311654446,0.03085273872338671,0.6226226226226226,0.18762126503686458
0.6236236236236237,0.05924515069105133,0.8561608380840646,0.030684228519565024,0.6236236236236237,0.18734275208051093
0.6246246246246246,0.05892937807469606,0.8554815450026848,0.030515718315743356,0.6246246246246246,0.18507918336195384
0.6256256256256256,0.05861351784052692,0.8548022519213051,0.03034720811192169,0.6256256256256256,0.18390151515151515
0.6266266266266266,0.05821530409973163,0.8539240348672539,0.03013485692298197,0.6266266266266266,0.18330821401657874
0.6276276276276276,0.05776692961807592,0.8529249097104522,0.029895858717786983,0.6276276276276276,0.18320180383314544
0.6286286286286287,0.05731837916952104,0.8519257845536505,0.02965686051259197,0.6286286286286287,0.18037331362040288
0.6296296296296297,0.057054332627302945,0.851318520181953,0.029516237496838692,0.6296296296296297,0.17682155125655397
0.6306306306306306,0.05680498550658267,0.8507425696481655,0.02938347570337063,0.6306306306306306,0.17681054722774064
0.6316316316316316,0.05655558428884678,0.8501666191143782,0.02925071390990256,0.6316316316316316,0.17672491442983246
0.6326326326326326,0.056306128843201304,0.8495906685805907,0.029117952116434493,0.6326326326326326,0.1761119081779053
0.6336336336336337,0.05605610023853808,0.8490118722282564,0.028984916225924154,0.6336336336336337,0.17422096317280453
0.6346346346346347,0.055799400902131834,0.8483967902089451,0.02884838545552938,0.6346346346346347,0.17308030223159374
0.6356356356356356,0.05554264455843767,0.8477817081896339,0.028711854685134604,0.6356356356356356,0.17087950138504154
0.6366366366366366,0.05528583106067466,0.8471666261703228,0.02857532391473983,0.6366366366366366,0.16990207868063906
0.6376376376376376,0.05502896026155754,0.8465515441510116,0.028438793144345054,0.6376376376376376,0.16986959505833904
0.6386386386386387,0.05486547480010027,0.8474077519356445,0.028350515463917526,0.6386386386386387,0.16859083191850593
0.6396396396396397,0.054872881041617715,0.8509556433247257,0.028350515463917526,0.6396396396396397,0.16859083191850593
0.6406406406406406,0.0548802277567831,0.8545035347138069,0.028350515463917526,0.6406406406406406,0.16705803421670581
0.6416416416416416,0.05488751566037272,0.858051426102888,0.028350515463917526,0.6416416416416416,0.16705803421670581
0.6426426426426426,0.05489474545576469,0.8615993174919692,0.028350515463917526,0.6426426426426426,0.16700133868808567
0.6436436436436437,0.05369176183725075,0.8645739155747281,0.027706185567010308,0.6436436436436437,0.16700066800267202
0.6446446446446447,0.05338353132194611,0.8768526140737221,0.027529783967074128,0.6446446446446447,0.1659497021839841
0.6456456456456456,0.05286584591685628,0.8757669380323031,0.027255566822592024,0.6456456456456456,0.1659497021839841
0.6466466466466466,0.052344827996298346,0.8746609978353723,0.026979726279703607,0.6466466466466466,0.165649232799868
0.6476476476476476,0.05181612456338554,0.8735062986228549,0.02669997956326897,0.6476476476476476,0.1641644908616188
0.6486486486486487,0.051287171122947756,0.8723515994103374,0.0264202328468343,0.6486486486486487,0.16226232678053495
0.6496496496496497,0.050796235321639044,0.8712344720055907,0.02616075262844578,0.6496496496496497,0.16133674448353055
0.6506506506506506,0.050305459169805666,0.8701177117311556,0.02590147044273609,0.6506506506506506,0.1608024199968158
0.6516516516516516,0.04976277821539596,0.8688532272321533,0.025614924867972226,0.6516516516516516,0.15982312065698043
0.6526526526526526,0.049169197909913545,0.867444100299628,0.025301684667120922,0.6526526526526526,0.15907663316582915
0.6536536536536537,0.04703279635883352,0.8621171046867717,0.024175855033008176,0.6536536536536537,0.15846994535519127
0.6546546546546547,0.04580135862015237,0.8588555165634273,0.023528035106695627,0.6546546546546547,0.15694444444444444
0.6556556556556556,0.04394379498124025,0.8548282669155465,0.022551546391752577,0.6556556556556556,0.15611102591627052
0.6566566566566566,0.04395638947803837,0.8644647240503197,0.022551546391752577,0.6566566566566566,0.15577275503970678
0.6576576576576576,0.043968713265062694,0.874101181185093,0.022551546391752577,0.6576576576576576,0.15545066991473813
0.6586586586586587,0.04348605460059218,0.8737383319391815,0.022297912090866387,0.6586586586586587,0.1542056074766355
0.6596596596596597,0.04295225182623056,0.8723468792672684,0.02201818706919313,0.6596596596596597,0.15244900997469107
0.6606606606606606,0.042760100171068315,0.8884810898828351,0.02190721649484536,0.6606606606606606,0.14958448753462603
0.6616616616616616,0.04264185235455519,0.8944469597751392,0.02184156337690815,0.6616616616616616,0.14938181818181817
0.6626626626626626,0.042479723085484665,0.894072349866472,0.021756720991021192,0.6626626626626626,0.14859205776173284
0.6636636636636637,0.04231756994612695,0.8936977399578047,0.021671878605134226,0.6636636636636637,0.14764427896319635
0.6646646646646647,0.042155392900520325,0.8933231300491373,0.02158703621924727,0.6646646646646647,0.1467785521262978
0.6656656656656657,0.04199319191263075,0.89294852014047,0.021502193833360314,0.6656656656656657,0.1456953642384106
0.6666666666666666,0.04183096694635172,0.8925739102318027,0.021417351447473358,0.6666666666666666,0.1455669523675706
0.6676676676676676,0.04166871796550414,0.8921993003231354,0.021332509061586402,0.6676676676676676,0.14483240223463686
0.6686686686686687,0.04039025244001711,0.8891030179192566,0.020664500623139473,0.6686686686686687,0.14454646633277685
0.6696696696696697,0.040312095913670784,0.8985529957699848,0.020618556701030927,0.6696696696696697,0.14311270125223613
0.6706706706706707,0.040321853289747356,0.9083520708041427,0.020618556701030927,0.6706706706706707,0.14307311709730622
0.6716716716716716,0.04020770879794553,0.9140408464405332,0.020555972350565836,0.6716716716716716,0.14163614163614163
0.6726726726726726,0.039903560599144836,0.9134200934002222,0.02039731768605337,0.6726726726726726,0.14163614163614163
0.6736736736736737,0.03959932647732982,0.9127993403599112,0.020238663021540884,0.6736736736736737,0.14123683499864975
0.6746746746746747,0.03929500621699473,0.9121785873196002,0.020080008357028417,0.6746746746746747,0.14076561450638012
0.6756756756756757,0.03911106712607573,0.9329184814418569,0.01997422680412371,0.6756756756756757,0.14018441801416545
0.6766766766766766,0.03878158567920733,0.9388809898183066,0.01979971818560943,0.6766766766766766,0.13940840960339568
0.6776776776776777,0.03840825322531209,0.9383097668532518,0.01960538459955991,0.6776776776776777,0.13933774834437085
0.6786786786786787,0.03803478747670166,0.9377385438881972,0.01941105101351041,0.6786786786786787,0.13835652402205303
0.6796796796796797,0.037151235478990706,0.9363162945926743,0.018951599302813437,0.6796796796796797,0.13805286574195236
0.6806806806806807,0.03654054681664399,0.9353126697047573,0.0186342728174692,0.6806806806806807,0.13784559207094418
0.6816816816816816,0.03637328410036949,0.9350227128933445,0.018547397870750763,0.6816816816816816,0.13776041666666666
0.6826826826826827,0.036205994841863424,0.9347327560819315,0.01846052292403232,0.6826826826826827,0.13649240278135463
0.6836836836836837,0.036038679009634075,0.9344427992705185,0.018373647977313882,0.6836836836836837,0.13631112822487484
0.6846846846846847,0.03587133657213981,0.9341528424591057,0.018286773030595446,0.6846846846846847,0.1356905795251468
0.6856856856856857,0.03570396749778911,0.9338628856476927,0.01819989808387701,0.6856856856856857,0.13527245014606884
0.6866866866866866,0.0355365717549404,0.9335729288362798,0.01811302313715857,0.6866866866866866,0.13523447401774397
0.6876876876876877,0.035342221631225655,0.9332296603624344,0.018012179289728696,0.6876876876876877,0.13430583501006035
0.6886886886886887,0.03501969350682983,0.9326327599842089,0.01784487795949155,0.6886886886886887,0.1334248627059411
0.6896896896896897,0.034697066927284664,0.9320358596059836,0.017677576629254406,0.6896896896896897,0.1319290465631929
0.6906906906906907,0.03437434165472835,0.9314389592277581,0.017510275299017265,0.6906906906906907,0.13188976377952755
0.6916916916916916,0.0332852391334805,0.9293111988698484,0.01694609970435465,0.6916916916916916,0.13156927600147006
0.6926926926926927,0.03054980994613749,0.9233772498328078,0.01553183936296102,0.6926926926926927,0.13121951219512196
0.6936936936936937,0.029615312326388497,0.9210983723935419,0.01504959473447236,0.6936936936936937,0.1309104169198979
0.6946946946946947,0.027700538136105218,0.9160348430526846,0.014062897346998027,0.6946946946946947,0.13
0.6956956956956957,0.0266680973211637,0.9164100299657142,0.013530927835051547,0.6956956956956957,0.12993262752646775
0.6966966966966966,0.026676566202360495,0.9368506600659694,0.013530927835051547,0.6966966966966966,0.12876353683208377
0.6976976976976977,0.02657105202826412,0.9543511422872081,0.013473084881887955,0.6976976976976977,0.1273218904302845
0.6986986986986987,0.02573277067432013,0.9529046372725906,0.013042488672639714,0.6986986986986987,0.12721303787079377
0.6996996996996997,0.024872555100068163,0.951325619075495,0.012601005162182917,0.6996996996996997,0.12624970936991398
0.7007007007007007,0.024100166124089488,0.9498474576322233,0.012204918750157787,0.7007007007007007,0.12549019607843137
0.7017017017017017,0.023733290306517683,0.9490795341698294,0.012016896252922148,0.7017017017017017,0.12533057376106704
0.7027027027027027,0.023366285466823924,0.9483116107074353,0.01182887375568649,0.7027027027027027,0.1253299667164008
0.7037037037037037,0.022999151219248806,0.9475436872450413,0.01164085125845085,0.7037037037037037,0.12427515633882888
0.7047047047047047,0.02235487536287087,0.9460666280331489,0.011311073960912977,0.7047047047047047,0.12424758659852357
0.7057057057057057,0.021505810086637628,0.9440548460665223,0.010876793103322064,0.7057057057057057,0.12278736276047501
0.7067067067067067,0.020183933384506296,0.9405610733949651,0.010201425234169134,0.7067067067067067,0.12272066226647275
0.7077077077077077,0.019889313669592828,0.939702904411403,0.010051024484472697,0.7077077077077077,0.1187648456057007
0.7087087087087087,0.01959461172816852,0.9388447354278411,0.009900623734776279,0.7087087087087087,0.1187648456057007
0.7097097097097097,0.01929982729772004,0.9379865664442792,0.009750222985079859,0.7097097097097097,0.11647817355459254
0.7107107107107107,0.018341031527748686,0.93489014243931,0.009261362232882991,0.7107107107107107,0.11612496055538024
0.7117117117117117,0.016589005303468754,0.9285115455070622,0.008369266290132286,0.7117117117117117,0.11611548556430447
0.7127127127127127,0.016186524664880783,0.9267659338032581,0.008164561824866601,0.7127127127127127,0.11593596316835827
0.7137137137137137,0.015783893336111122,0.9250203220994542,0.007959857359600937,0.7137137137137137,0.11593596316835827
0.7147147147147147,0.015381110370164866,0.9232747103956502,0.007755152894335273,0.7147147147147147,0.11524086378737541
0.7157157157157157,0.015110550467464194,0.9219402157364592,0.007617702097221409,0.7157157157157157,0.1148439115154021
0.7167167167167167,0.014856841542703754,0.9206582552915633,0.007488845248378785,0.7167167167167167,0.11474226804123712
0.7177177177177178,0.014603073144342034,0.9193762948466673,0.007359988399536145,0.7177177177177178,0.11384772611139499
0.7187187187187187,0.01434924500034599,0.9180943344017715,0.00723113155069352,0.7187187187187187,0.11371510087629916
0.7197197197197197,0.014095356837020918,0.9168123739568755,0.0071022747018508955,0.7197197197197197,0.11323812417704851
0.7207207207207207,0.013891142022219242,0.9156206125928394,0.006998660349390988,0.7207207207207207,0.11287068791607828
0.7217217217217217,0.013693267745806741,0.914440417897373,0.006898282965498219,0.7217217217217217,0.1122234457903694
0.7227227227227228,0.013495357683477977,0.9132602232019064,0.006797905581605439,0.7227227227227228,0.11022693781314472
0.7237237237237237,0.013297411685600108,0.9120800285064399,0.00669752819771267,0.7237237237237237,0.11019607843137255
0.7247247247247247,0.013099429601704841,0.9108998338109734,0.006597150813819901,0.7247247247247247,0.10969188767550703
0.7257257257257257,0.012901411280482692,0.9097196391155069,0.006496773429927132,0.7257257257257257,0.10939773057899331
0.7267267267267267,0.012796798573999789,0.9181980278453018,0.006443298969072165,0.7267267267267267,0.10939773057899331
0.7277277277277278,0.012798652351944256,0.9376882577960035,0.006443298969072165,0.7277277277277278,0.10817537813517136
0.7287287287287287,0.012800431140802931,0.9571784877467031,0.006443298969072165,0.7287287287287287,0.10648887219457226
0.7297297297297297,0.012802139400559529,0.9766687176974026,0.006443298969072165,0.7297297297297297,0.10648887219457226
0.7307307307307307,0.012803781244395789,0.9961589476481022,0.006443298969072165,0.7307307307307307,0.1063231850117096
0.7317317317317317,0.011891231113820249,1.0,0.005981177337939214,0.7317317317317317,0.10612855007473841
0.7327327327327328,0.01105095415676096,1.0,0.005556177610410213,0.7327327327327328,0.10585061854711189
0.7337337337337337,0.010348014846346898,1.0,0.005200917006371725,0.7337337337337337,0.10488995303434939
0.7347347347347347,0.010013842900632423,1.0,0.005032116864183992,0.7347347347347347,0.1040773510900301
0.7357357357357357,0.00973487196631594,1.0,0.004891243799228734,0.7357357357357357,0.10392210392210392
0.7367367367367368,0.009455822804627341,1.0,0.00475037073427346,0.7367367367367368,0.10148141577219906
0.7377377377377378,0.009176695382657996,1.0,0.004609497669318201,0.7377377377377378,0.10113054230701289
0.7387387387387387,0.008917886493940149,1.0,0.004478914472410587,0.7387387387387387,0.09941925977290457
0.7397397397397397,0.008707555352598107,1.0,0.0043728159447418355,0.7397397397397397,0.09924850997667789
0.7407407407407407,0.008497179769228798,1.0,0.004266717417073084,0.7407407407407407,0.09856983814335873
0.7417417417417418,0.008286759729745111,1.0,0.0041606188894043215,0.7417417417417418,0.09853733641262509
0.7427427427427428,0.008076295220054043,1.0,0.00405452036173557,0.7427427427427428,0.09760636048380275
0.7437437437437437,0.007865786226056574,1.0,0.003948421834066819,0.7437437437437437,0.09611706992599983
0.7447447447447447,0.006919868853498042,1.0,0.0034719471361733195,0.7447447447447447,0.09611706992599983
0.7457457457457457,0.004781736422278454,1.0,0.0023965981614984286,0.7457457457457457,0.09525376326396315
0.7467467467467468,0.0041413453570892335,1.0,0.0020749692607015713,0.7467467467467468,0.09479797153607067
0.7477477477477478,0.003562037924906704,1.0,0.0017841966505206751,0.7477477477477478,0.09340305711987128
0.7487487487487487,0.0030310199493500637,1.0,0.0015178102312201098,0.7487487487487487,0.093121947313636
0.7497497497497497,0.0025619609175018864,1.0,0.0012826234743575303,0.7497497497497497,0.09243964421855146
0.7507507507507507,0.0024758106057815327,1.0,0.0012394396117587753,0.7507507507507507,0.09186165603088317
0.7517517517517518,0.0023896528623449536,1.0,0.0011962557491600153,0.7517517517517518,0.09178857951864086
0.7527527527527528,0.0023034876862304877,1.0,0.00115307188656126,0.7527527527527528,0.09113588524206752
0.7537537537537538,0.0022173150764762772,1.0,0.001109888023962505,0.7537537537537538,0.09060662333642835
0.7547547547547547,0.002131135032120309,1.0,0.00106670416136375,0.7547547547547547,0.09009908595130195
0.7557557557557557,0.0020449475522004027,1.0,0.0010235202987649947,0.7557557557557557,0.09009908595130195
0.7567567567567568,0.001958752635754203,1.0,0.0009803364361662347,0.7567567567567568,0.08819334984613075
0.7577577577577578,0.0018725502818192179,1.0,0.0009371525735674797,0.7577577577577578,0.0875288168364691
0.7587587587587588,0.0017863404894327595,1.0,0.0008939687109687245,0.7587587587587588,0.08746658746658746
0.7597597597597597,0.0017001232576319843,1.0,0.0008507848483699694,0.7597597597597597,0.08595571095571096
0.7607607607607607,0.0016138985854538812,1.0,0.0008076009857712142,0.7607607607607607,0.08543731462055994
0.7617617617617618,0.001527666471935265,1.0,0.0007644171231724543,0.7617617617617618,0.08410949164592961
0.7627627627627628,0.0014414269161128117,1.0,0.0007212332605736992,0.7627627627627628,0.08384675306281425
0.7637637637637638,0.0013551799170230029,1.0,0.000678049397974944,0.7637637637637638,0.08154004812650395
0.7647647647647647,0.0,1.0,0.0,0.7647647647647647,0.08121237000547345
0.7657657657657657,0.0,1.0,0.0,0.7657657657657657,0.08069222938581608
0.7667667667667668,0.0,1.0,0.0,0.7667667667667668,0.08005910403653704
0.7677677677677678,0.0,1.0,0.0,0.7677677677677678,0.08005910403653704
0.7687687687687688,0.0,1.0,0.0,0.7687687687687688,0.07748718281523785
0.7697697697697697,0.0,1.0,0.0,0.7697697697697697,0.07709677419354839
0.7707707707707707,0.0,1.0,0.0,0.7707707707707707,0.07694780149138596
0.7717717717717718,0.0,1.0,0.0,0.7717717717717718,0.07652018395503321
0.7727727727727728,0.0,1.0,0.0,0.7727727727727728,0.0761904761904762
0.7737737737737738,0.0,1.0,0.0,0.7737737737737738,0.07577287066246056
0.7747747747747747,0.0,1.0,0.0,0.7747747747747747,0.07557956901426148
0.7757757757757757,0.0,1.0,0.0,0.7757757757757757,0.07488192890877454
0.7767767767767768,0.0,1.0,0.0,0.7767767767767768,0.07471656031224831
0.7777777777777778,0.0,1.0,0.0,0.7777777777777778,0.07455139668249368
0.7787787787787788,0.0,1.0,0.0,0.7787787787787788,0.07455139668249368
0.7797797797797797,0.0,1.0,0.0,0.7797797797797797,0.07396774981676033
0.7807807807807807,0.0,1.0,0.0,0.7807807807807807,0.07388892275803206
0.7817817817817818,0.0,1.0,0.0,0.7817817817817818,0.07324571979744393
0.7827827827827828,0.0,1.0,0.0,0.7827827827827828,0.07324571979744393
0.7837837837837838,0.0,1.0,0.0,0.7837837837837838,0.07144953912992426
0.7847847847847848,0.0,1.0,0.0,0.7847847847847848,0.07089226471101799
0.7857857857857857,0.0,1.0,0.0,0.7857857857857857,0.06955926791721306
0.7867867867867868,0.0,1.0,0.0,0.7867867867867868,0.06857303055789178
0.7877877877877878,0.0,1.0,0.0,0.7877877877877878,0.06857303055789178
0.7887887887887888,0.0,1.0,0.0,0.7887887887887888,0.06814897165091717
0.7897897897897898,0.0,1.0,0.0,0.7897897897897898,0.06814897165091717
0.7907907907907907,0.0,1.0,0.0,0.7907907907907907,0.06769570011025358
0.7917917917917918,0.0,1.0,0.0,0.7917917917917918,0.06740525420940054
0.7927927927927928,0.0,1.0,0.0,0.7927927927927928,0.06663779570183512
0.7937937937937938,0.0,1.0,0.0,0.7937937937937938,0.0666053954695356
0.7947947947947948,0.0,1.0,0.0,0.7947947947947948,0.06628706489041684
0.7957957957957957,0.0,1.0,0.0,0.7957957957957957,0.06525182134938233
0.7967967967967968,0.0,1.0,0.0,0.7967967967967968,0.06471172442632377
0.7977977977977978,0.0,1.0,0.0,0.7977977977977978,0.06405289529417842
0.7987987987987988,0.0,1.0,0.0,0.7987987987987988,0.06405289529417842
0.7997997997997998,0.0,1.0,0.0,0.7997997997997998,0.06399629305462595
0.8008008008008007,0.0,1.0,0.0,0.8008008008008007,0.06399629305462595
0.8018018018018018,0.0,1.0,0.0,0.8018018018018018,0.06315308917520544
0.8028028028028028,0.0,1.0,0.0,0.8028028028028028,0.06278343242970875
0.8038038038038038,0.0,1.0,0.0,0.8038038038038038,0.06194470640790192
0.8048048048048048,0.0,1.0,0.0,0.8048048048048048,0.06030199237782816
0.8058058058058059,0.0,1.0,0.0,0.8058058058058059,0.05974212034383954
0.8068068068068068,0.0,1.0,0.0,0.8068068068068068,0.05960989533777355
0.8078078078078078,0.0,1.0,0.0,0.8078078078078078,0.05960642646639414
0.8088088088088088,0.0,1.0,0.0,0.8088088088088088,0.058372449690942046
0.8098098098098098,0.0,1.0,0.0,0.8098098098098098,0.058014492084737156
0.8108108108108109,0.0,1.0,0.0,0.8108108108108109,0.05753324498469131
0.8118118118118118,0.0,1.0,0.0,0.8118118118118118,0.05710401087695445
0.8128128128128128,0.0,1.0,0.0,0.8128128128128128,0.05674715589729754
0.8138138138138138,0.0,1.0,0.0,0.8138138138138138,0.05621025481389247
0.8148148148148148,0.0,1.0,0.0,0.8148148148148148,0.056092586023412556
0.8158158158158159,0.0,1.0,0.0,0.8158158158158159,0.0556751768686558
0.8168168168168168,0.0,1.0,0.0,0.8168168168168168,0.05474720435214369
0.8178178178178178,0.0,1.0,0.0,0.8178178178178178,0.05374523910283538
0.8188188188188188,0.0,1.0,0.0,0.8188188188188188,0.05243430266084521
0.8198198198198198,0.0,1.0,0.0,0.8198198198198198,0.05243430266084521
0.8208208208208209,0.0,1.0,0.0,0.8208208208208209,0.05170034899764629
0.8218218218218218,0.0,1.0,0.0,0.8218218218218218,0.05133982457552104
0.8228228228228228,0.0,1.0,0.0,0.8228228228228228,0.05097726366174711
0.8238238238238238,0.0,1.0,0.0,0.8238238238238238,0.050830617597965186
0.8248248248248248,0.0,1.0,0.0,0.8248248248248248,0.05059841213413912
0.8258258258258259,0.0,1.0,0.0,0.8258258258258259,0.04993184031158715
0.8268268268268268,0.0,1.0,0.0,0.8268268268268268,0.04975972717408154
0.8278278278278278,0.0,1.0,0.0,0.8278278278278278,0.049658525292279196
0.8288288288288288,0.0,1.0,0.0,0.8288288288288288,0.049658525292279196
0.8298298298298298,0.0,1.0,0.0,0.8298298298298298,0.049288228991275065
0.8308308308308309,0.0,1.0,0.0,0.8308308308308309,0.04877311051457522
0.8318318318318318,0.0,1.0,0.0,0.8318318318318318,0.04824856225259541
0.8328328328328328,0.0,1.0,0.0,0.8328328328328328,0.04812953657174763
0.8338338338338338,0.0,1.0,0.0,0.8338338338338338,0.047692704305233306
0.8348348348348348,0.0,1.0,0.0,0.8348348348348348,0.04765056254136334
0.8358358358358359,0.0,1.0,0.0,0.8358358358358359,0.047561511423550085
0.8368368368368369,0.0,1.0,0.0,0.8368368368368369,0.047561511423550085
0.8378378378378378,0.0,1.0,0.0,0.8378378378378378,0.04753205947901063
0.8388388388388388,0.0,1.0,0.0,0.8388388388388388,0.04722867092280905
0.8398398398398398,0.0,1.0,0.0,0.8398398398398398,0.045797773329118815
0.8408408408408409,0.0,1.0,0.0,0.8408408408408409,0.04568208072251199
0.8418418418418419,0.0,1.0,0.0,0.8418418418418419,0.045608402833513625
0.8428428428428428,0.0,1.0,0.0,0.8428428428428428,0.044678817666734934
0.8438438438438438,0.0,1.0,0.0,0.8438438438438438,0.044427123928293066
0.8448448448448448,0.0,1.0,0.0,0.8448448448448448,0.04400026829431887
0.8458458458458459,0.0,1.0,0.0,0.8458458458458459,0.04384558872637414
0.8468468468468469,0.0,1.0,0.0,0.8468468468468469,0.04299248611564848
0.8478478478478478,0.0,1.0,0.0,0.8478478478478478,0.04299248611564848
0.8488488488488488,0.0,1.0,0.0,0.8488488488488488,0.04230053276847038
0.8498498498498498,0.0,1.0,0.0,0.8498498498498498,0.04194758936522071
0.8508508508508509,0.0,1.0,0.0,0.8508508508508509,0.04135750289596443
0.8518518518518519,0.0,1.0,0.0,0.8518518518518519,0.04043118453598803
0.8528528528528528,0.0,1.0,0.0,0.8528528528528528,0.04043118453598803
0.8538538538538538,0.0,1.0,0.0,0.8538538538538538,0.04009063444108761
0.8548548548548548,0.0,1.0,0.0,0.8548548548548548,0.04009063444108761
0.8558558558558559,0.0,1.0,0.0,0.8558558558558559,0.03983932372073504
0.8568568568568569,0.0,1.0,0.0,0.8568568568568569,0.039661239339178145
0.8578578578578578,0.0,1.0,0.0,0.8578578578578578,0.0395388126500489
0.8588588588588588,0.0,1.0,0.0,0.8588588588588588,0.0395388126500489
0.8598598598598598,0.0,1.0,0.0,0.8598598598598598,0.039449188853757276
0.8608608608608609,0.0,1.0,0.0,0.8608608608608609,0.03871098500202675
0.8618618618618619,0.0,1.0,0.0,0.8618618618618619,0.03849473502503021
0.8628628628628628,0.0,1.0,0.0,0.8628628628628628,0.03812450210538295
0.8638638638638638,0.0,1.0,0.0,0.8638638638638638,0.0376252069246093
0.8648648648648649,0.0,1.0,0.0,0.8648648648648649,0.03725588104749223
0.8658658658658659,0.0,1.0,0.0,0.8658658658658659,0.03701563188022897
0.8668668668668669,0.0,1.0,0.0,0.8668668668668669,0.03681233090104124
0.8678678678678678,0.0,1.0,0.0,0.8678678678678678,0.03681233090104124
0.8688688688688688,0.0,1.0,0.0,0.8688688688688688,0.03594745116849202
0.8698698698698699,0.0,1.0,0.0,0.8698698698698699,0.033950694845827155
0.8708708708708709,0.0,1.0,0.0,0.8708708708708709,0.03337365160079978
0.8718718718718719,0.0,1.0,0.0,0.8718718718718719,0.03250900360144058
0.8728728728728729,0.0,1.0,0.0,0.8728728728728729,0.03203764127299381
0.8738738738738738,0.0,1.0,0.0,0.8738738738738738,0.03146228930467645
0.8748748748748749,0.0,1.0,0.0,0.8748748748748749,0.031136790938689412
0.8758758758758759,0.0,1.0,0.0,0.8758758758758759,0.030892240596038525
0.8768768768768769,0.0,1.0,0.0,0.8768768768768769,0.03055543082932962
0.8778778778778779,0.0,1.0,0.0,0.8778778778778779,0.02956744327302703
0.8788788788788788,0.0,1.0,0.0,0.8788788788788788,0.029423176409725815
0.8798798798798799,0.0,1.0,0.0,0.8798798798798799,0.029389616816196562
0.8808808808808809,0.0,1.0,0.0,0.8808808808808809,0.029062480083278452
0.8818818818818819,0.0,1.0,0.0,0.8818818818818819,0.028833800206407044
0.8828828828828829,0.0,1.0,0.0,0.8828828828828829,0.028268041237113403
0.8838838838838838,0.0,1.0,0.0,0.8838838838838838,0.02745592443617298
0.8848848848848849,0.0,1.0,0.0,0.8848848848848849,0.0269909244489844
0.8858858858858859,0.0,1.0,0.0,0.8858858858858859,0.026966600639353588
0.8868868868868869,0.0,1.0,0.0,0.8868868868868869,0.026759687512145826
0.8878878878878879,0.0,1.0,0.0,0.8878878878878879,0.026657130154066226
0.8888888888888888,0.0,1.0,0.0,0.8888888888888888,0.025678240482304344
0.8898898898898899,0.0,1.0,0.0,0.8898898898898899,0.025078938772547455
0.8908908908908909,0.0,1.0,0.0,0.8908908908908909,0.025014017254788475
0.8918918918918919,0.0,1.0,0.0,0.8918918918918919,0.02468101789151044
0.8928928928928929,0.0,1.0,0.0,0.8928928928928929,0.024650079143471997
0.8938938938938938,0.0,1.0,0.0,0.8938938938938938,0.02456028594684503
0.8948948948948949,0.0,1.0,0.0,0.8948948948948949,0.024513350863879426
0.8958958958958959,0.0,1.0,0.0,0.8958958958958959,0.02435991734089874
0.8968968968968969,0.0,1.0,0.0,0.8968968968968969,0.023985525975704317
0.8978978978978979,0.0,1.0,0.0,0.8978978978978979,0.02318888796473426
0.8988988988988988,0.0,1.0,0.0,0.8988988988988988,0.02268928020774162
0.8998998998998999,0.0,1.0,0.0,0.8998998998998999,0.02268928020774162
0.9009009009009009,0.0,1.0,0.0,0.9009009009009009,0.022639738485937148
0.9019019019019019,0.0,1.0,0.0,0.9019019019019019,0.022357788495320833
0.9029029029029029,0.0,1.0,0.0,0.9029029029029029,0.02214674986178027
0.9039039039039038,0.0,1.0,0.0,0.9039039039039038,0.02156272092951772
0.9049049049049049,0.0,1.0,0.0,0.9049049049049049,0.021107624866763746
0.9059059059059059,0.0,1.0,0.0,0.9059059059059059,0.021107624866763746
0.9069069069069069,0.0,1.0,0.0,0.9069069069069069,0.0
0.9079079079079079,0.0,1.0,0.0,0.9079079079079079,0.0
0.9089089089089089,0.0,1.0,0.0,0.9089089089089089,0.0
0.9099099099099099,0.0,1.0,0.0,0.9099099099099099,0.0
0.9109109109109109,0.0,1.0,0.0,0.9109109109109109,0.0
0.9119119119119119,0.0,1.0,0.0,0.9119119119119119,0.0
0.9129129129129129,0.0,1.0,0.0,0.9129129129129129,0.0
0.9139139139139139,0.0,1.0,0.0,0.9139139139139139,0.0
0.914914914914915,0.0,1.0,0.0,0.914914914914915,0.0
0.9159159159159159,0.0,1.0,0.0,0.9159159159159159,0.0
0.9169169169169169,0.0,1.0,0.0,0.9169169169169169,0.0
0.9179179179179179,0.0,1.0,0.0,0.9179179179179179,0.0
0.9189189189189189,0.0,1.0,0.0,0.9189189189189189,0.0
0.91991991991992,0.0,1.0,0.0,0.91991991991992,0.0
0.9209209209209209,0.0,1.0,0.0,0.9209209209209209,0.0
0.9219219219219219,0.0,1.0,0.0,0.9219219219219219,0.0
0.9229229229229229,0.0,1.0,0.0,0.9229229229229229,0.0
0.9239239239239239,0.0,1.0,0.0,0.9239239239239239,0.0
0.924924924924925,0.0,1.0,0.0,0.924924924924925,0.0
0.9259259259259259,0.0,1.0,0.0,0.9259259259259259,0.0
0.9269269269269269,0.0,1.0,0.0,0.9269269269269269,0.0
0.9279279279279279,0.0,1.0,0.0,0.9279279279279279,0.0
0.9289289289289289,0.0,1.0,0.0,0.9289289289289289,0.0
0.92992992992993,0.0,1.0,0.0,0.92992992992993,0.0
0.9309309309309309,0.0,1.0,0.0,0.9309309309309309,0.0
0.9319319319319319,0.0,1.0,0.0,0.9319319319319319,0.0
0.9329329329329329,0.0,1.0,0.0,0.9329329329329329,0.0
0.933933933933934,0.0,1.0,0.0,0.933933933933934,0.0
0.934934934934935,0.0,1.0,0.0,0.934934934934935,0.0
0.9359359359359359,0.0,1.0,0.0,0.9359359359359359,0.0
0.9369369369369369,0.0,1.0,0.0,0.9369369369369369,0.0
0.9379379379379379,0.0,1.0,0.0,0.9379379379379379,0.0
0.938938938938939,0.0,1.0,0.0,0.938938938938939,0.0
0.93993993993994,0.0,1.0,0.0,0.93993993993994,0.0
0.9409409409409409,0.0,1.0,0.0,0.9409409409409409,0.0
0.9419419419419419,0.0,1.0,0.0,0.9419419419419419,0.0
0.9429429429429429,0.0,1.0,0.0,0.9429429429429429,0.0
0.943943943943944,0.0,1.0,0.0,0.943943943943944,0.0
0.944944944944945,0.0,1.0,0.0,0.944944944944945,0.0
0.9459459459459459,0.0,1.0,0.0,0.9459459459459459,0.0
0.9469469469469469,0.0,1.0,0.0,0.9469469469469469,0.0
0.9479479479479479,0.0,1.0,0.0,0.9479479479479479,0.0
0.948948948948949,0.0,1.0,0.0,0.948948948948949,0.0
0.94994994994995,0.0,1.0,0.0,0.94994994994995,0.0
0.950950950950951,0.0,1.0,0.0,0.950950950950951,0.0
0.9519519519519519,0.0,1.0,0.0,0.9519519519519519,0.0
0.9529529529529529,0.0,1.0,0.0,0.9529529529529529,0.0
0.953953953953954,0.0,1.0,0.0,0.953953953953954,0.0
0.954954954954955,0.0,1.0,0.0,0.954954954954955,0.0
0.955955955955956,0.0,1.0,0.0,0.955955955955956,0.0
0.9569569569569569,0.0,1.0,0.0,0.9569569569569569,0.0
0.9579579579579579,0.0,1.0,0.0,0.9579579579579579,0.0
0.958958958958959,0.0,1.0,0.0,0.958958958958959,0.0
0.95995995995996,0.0,1.0,0.0,0.95995995995996,0.0
0.960960960960961,0.0,1.0,0.0,0.960960960960961,0.0
0.9619619619619619,0.0,1.0,0.0,0.9619619619619619,0.0
0.9629629629629629,0.0,1.0,0.0,0.9629629629629629,0.0
0.963963963963964,0.0,1.0,0.0,0.963963963963964,0.0
0.964964964964965,0.0,1.0,0.0,0.964964964964965,0.0
0.965965965965966,0.0,1.0,0.0,0.965965965965966,0.0
0.9669669669669669,0.0,1.0,0.0,0.9669669669669669,0.0
0.9679679679679679,0.0,1.0,0.0,0.9679679679679679,0.0
0.968968968968969,0.0,1.0,0.0,0.968968968968969,0.0
0.96996996996997,0.0,1.0,0.0,0.96996996996997,0.0
0.970970970970971,0.0,1.0,0.0,0.970970970970971,0.0
0.9719719719719719,0.0,1.0,0.0,0.9719719719719719,0.0
0.9729729729729729,0.0,1.0,0.0,0.9729729729729729,0.0
0.973973973973974,0.0,1.0,0.0,0.973973973973974,0.0
0.974974974974975,0.0,1.0,0.0,0.974974974974975,0.0
0.975975975975976,0.0,1.0,0.0,0.975975975975976,0.0
0.9769769769769769,0.0,1.0,0.0,0.9769769769769769,0.0
0.9779779779779779,0.0,1.0,0.0,0.9779779779779779,0.0
0.978978978978979,0.0,1.0,0.0,0.978978978978979,0.0
0.97997997997998,0.0,1.0,0.0,0.97997997997998,0.0
0.980980980980981,0.0,1.0,0.0,0.980980980980981,0.0
0.9819819819819819,0.0,1.0,0.0,0.9819819819819819,0.0
0.9829829829829829,0.0,1.0,0.0,0.9829829829829829,0.0
0.983983983983984,0.0,1.0,0.0,0.983983983983984,0.0
0.984984984984985,0.0,1.0,0.0,0.984984984984985,0.0
0.985985985985986,0.0,1.0,0.0,0.985985985985986,0.0
0.986986986986987,0.0,1.0,0.0,0.986986986986987,0.0
0.9879879879879879,0.0,1.0,0.0,0.9879879879879879,0.0
0.988988988988989,0.0,1.0,0.0,0.988988988988989,0.0
0.98998998998999,0.0,1.0,0.0,0.98998998998999,0.0
0.990990990990991,0.0,1.0,0.0,0.990990990990991,0.0
0.991991991991992,0.0,1.0,0.0,0.991991991991992,0.0
0.992992992992993,0.0,1.0,0.0,0.992992992992993,0.0
0.993993993993994,0.0,1.0,0.0,0.993993993993994,0.0
0.994994994994995,0.0,1.0,0.0,0.994994994994995,0.0
0.995995995995996,0.0,1.0,0.0,0.995995995995996,0.0
0.996996996996997,0.0,1.0,0.0,0.996996996996997,0.0
0.997997997997998,0.0,1.0,0.0,0.997997997997998,0.0
0.998998998998999,0.0,1.0,0.0,0.998998998998999,0.0
1.0,0.0,1.0,0.0,1.0,0.0
